"title","start_time","end_time","description","exercise_title","superset_id","exercise_notes","set_index","set_type","weight_kg","reps","distance_km","duration_seconds","rpe"
"Abs","7 Mar 2026, 10:19","7 Mar 2026, 10:35","","Plank",,"",0,"normal",,,,70,
"Abs","7 Mar 2026, 10:19","7 Mar 2026, 10:35","","Side Plank",,"",0,"normal",,,,70,
"Abs","7 Mar 2026, 10:19","7 Mar 2026, 10:35","","Side Plank",,"",1,"normal",,,,70,
"Abs","7 Mar 2026, 10:19","7 Mar 2026, 10:35","","Reverse Crunch",,"",0,"normal",,30,,,
"Abs","7 Mar 2026, 10:19","7 Mar 2026, 10:35","","Reverse Crunch",,"",1,"normal",,30,,,
"Abs","7 Mar 2026, 10:19","7 Mar 2026, 10:35","","Superman",,"",0,"normal",,10,,,
"Strength","7 Mar 2026, 09:44","7 Mar 2026, 10:10","","Lat Pulldown (Cable)",,"",0,"normal",39,8,,,
"Strength","7 Mar 2026, 09:44","7 Mar 2026, 10:10","","Lat Pulldown (Cable)",,"",1,"normal",66,8,,,
"Strength","7 Mar 2026, 09:44","7 Mar 2026, 10:10","","Pull Up (Assisted)",,"",0,"normal",9,8,,,
"Strength","7 Mar 2026, 09:44","7 Mar 2026, 10:10","","Pull Up (Assisted)",,"",1,"normal",,8,,,
"Strength","7 Mar 2026, 09:44","7 Mar 2026, 10:10","","Pull Up (Assisted)",,"",2,"normal",,7,,,
"Strength","7 Mar 2026, 09:44","7 Mar 2026, 10:10","","Butterfly (Pec Deck)",,"",0,"normal",66,8,,,
"Strength","7 Mar 2026, 09:44","7 Mar 2026, 10:10","","Butterfly (Pec Deck)",,"",1,"normal",100,8,,,
"Strength","7 Mar 2026, 09:44","7 Mar 2026, 10:10","","Butterfly (Pec Deck)",,"",2,"normal",107,8,,,
"Strength","7 Mar 2026, 09:44","7 Mar 2026, 10:10","","Chest Press (Machine)",,"",0,"normal",45,8,,,
"Strength","7 Mar 2026, 09:44","7 Mar 2026, 10:10","","Chest Press (Machine)",,"",1,"normal",73,8,,,
"Strength","7 Mar 2026, 09:44","7 Mar 2026, 10:10","","Chest Press (Machine)",,"",2,"normal",79,8,,,
"Strength","7 Mar 2026, 09:44","7 Mar 2026, 10:10","","Seated Row (Machine)",,"",0,"normal",23,8,,,
"Strength","7 Mar 2026, 09:44","7 Mar 2026, 10:10","","Seated Row (Machine)",,"",1,"normal",45,8,,,
"Strength","7 Mar 2026, 09:44","7 Mar 2026, 10:10","","Seated Row (Machine)",,"",2,"normal",45,8,,,
"Strength","5 Mar 2026, 19:07","5 Mar 2026, 19:48","","Pull Up (Assisted)",,"",0,"normal",9,8,,,
"Strength","5 Mar 2026, 19:07","5 Mar 2026, 19:48","","Pull Up (Assisted)",,"",1,"normal",,8,,,
"Strength","5 Mar 2026, 19:07","5 Mar 2026, 19:48","","Pull Up (Assisted)",,"",2,"normal",,8,,,
"Strength","5 Mar 2026, 19:07","5 Mar 2026, 19:48","","Butterfly (Pec Deck)",,"",0,"normal",66,8,,,
"Strength","5 Mar 2026, 19:07","5 Mar 2026, 19:48","","Butterfly (Pec Deck)",,"",1,"normal",113,8,,,
"Strength","5 Mar 2026, 19:07","5 Mar 2026, 19:48","","Butterfly (Pec Deck)",,"",2,"normal",113,8,,,
"Strength","5 Mar 2026, 19:07","5 Mar 2026, 19:48","","Lat Pulldown (Cable)",,"",0,"normal",39,8,,,
"Strength","5 Mar 2026, 19:07","5 Mar 2026, 19:48","","Lat Pulldown (Cable)",,"",1,"normal",73,8,,,
"Strength","5 Mar 2026, 19:07","5 Mar 2026, 19:48","","Lat Pulldown (Cable)",,"",2,"normal",73,8,,,
"Strength","5 Mar 2026, 19:07","5 Mar 2026, 19:48","","Chest Press (Machine)",,"",0,"normal",45,8,,,
"Strength","5 Mar 2026, 19:07","5 Mar 2026, 19:48","","Chest Press (Machine)",,"",1,"normal",79,10,,,
"Strength","5 Mar 2026, 19:07","5 Mar 2026, 19:48","","Chest Press (Machine)",,"",2,"normal",79,8,,,
"Strength","5 Mar 2026, 19:07","5 Mar 2026, 19:48","","Seated Row (Machine)",,"",0,"normal",23,8,,,
"Strength","5 Mar 2026, 19:07","5 Mar 2026, 19:48","","Seated Row (Machine)",,"",1,"normal",45,8,,,
"Strength","5 Mar 2026, 19:07","5 Mar 2026, 19:48","","Seated Row (Machine)",,"",2,"normal",52,8,,,
"Strength","5 Mar 2026, 19:07","5 Mar 2026, 19:48","","Farmers Carry",,"",0,"normal",60,,,60,
"Strength","5 Mar 2026, 19:07","5 Mar 2026, 19:48","","Shoulder Press (Dumbbell)",,"",0,"normal",24,8,,,
"Strength","5 Mar 2026, 19:07","5 Mar 2026, 19:48","","Shoulder Press (Dumbbell)",,"",1,"normal",40,8,,,
"Strength","5 Mar 2026, 19:07","5 Mar 2026, 19:48","","Shoulder Press (Dumbbell)",,"",2,"normal",40,8,,,
"Strength","2 Mar 2026, 20:50","2 Mar 2026, 21:24","","Pull Up (Assisted)",,"",0,"normal",9,8,,,
"Strength","2 Mar 2026, 20:50","2 Mar 2026, 21:24","","Pull Up (Assisted)",,"",1,"normal",,8,,,
"Strength","2 Mar 2026, 20:50","2 Mar 2026, 21:24","","Pull Up (Assisted)",,"",2,"normal",,6,,,
"Strength","2 Mar 2026, 20:50","2 Mar 2026, 21:24","","Butterfly (Pec Deck)",,"",0,"normal",66,8,,,
"Strength","2 Mar 2026, 20:50","2 Mar 2026, 21:24","","Butterfly (Pec Deck)",,"",1,"normal",100,8,,,
"Strength","2 Mar 2026, 20:50","2 Mar 2026, 21:24","","Butterfly (Pec Deck)",,"",2,"normal",113,8,,,
"Strength","2 Mar 2026, 20:50","2 Mar 2026, 21:24","","Lat Pulldown (Cable)",,"",0,"normal",39,8,,,
"Strength","2 Mar 2026, 20:50","2 Mar 2026, 21:24","","Lat Pulldown (Cable)",,"",1,"normal",73,8,,,
"Strength","2 Mar 2026, 20:50","2 Mar 2026, 21:24","","Lat Pulldown (Cable)",,"",2,"normal",73,8,,,
"Strength","2 Mar 2026, 20:50","2 Mar 2026, 21:24","","Chest Press (Machine)",,"",0,"normal",45,8,,,
"Strength","2 Mar 2026, 20:50","2 Mar 2026, 21:24","","Chest Press (Machine)",,"",1,"normal",79,8,,,
"Strength","2 Mar 2026, 20:50","2 Mar 2026, 21:24","","Chest Press (Machine)",,"",2,"normal",79,8,,,
"Strength","2 Mar 2026, 20:50","2 Mar 2026, 21:24","","Leg Press Horizontal (Machine)",,"",0,"normal",59,8,,,
"Strength","2 Mar 2026, 20:50","2 Mar 2026, 21:24","","Leg Press Horizontal (Machine)",,"",1,"normal",120,10,,,
"Strength","2 Mar 2026, 20:50","2 Mar 2026, 21:24","","Leg Press Horizontal (Machine)",,"",2,"normal",127,10,,,
"Strength","2 Mar 2026, 20:50","2 Mar 2026, 21:24","","Seated Row (Machine)",,"",0,"normal",23,8,,,
"Strength","2 Mar 2026, 20:50","2 Mar 2026, 21:24","","Seated Row (Machine)",,"",1,"normal",45,8,,,
"Strength","2 Mar 2026, 20:50","2 Mar 2026, 21:24","","Seated Row (Machine)",,"",2,"normal",41,8,,,
"Strength","2 Mar 2026, 20:50","2 Mar 2026, 21:24","","Shoulder Press (Dumbbell)",,"",0,"normal",24,8,,,
"Strength","2 Mar 2026, 20:50","2 Mar 2026, 21:24","","Shoulder Press (Dumbbell)",,"",1,"normal",36,8,,,
"Strength","2 Mar 2026, 20:50","2 Mar 2026, 21:24","","Shoulder Press (Dumbbell)",,"",2,"normal",36,8,,,
"Abs","28 Feb 2026, 12:50","28 Feb 2026, 13:11","","Plank",,"",0,"normal",,,,70,
"Abs","28 Feb 2026, 12:50","28 Feb 2026, 13:11","","Side Plank",,"",0,"normal",,,,70,
"Abs","28 Feb 2026, 12:50","28 Feb 2026, 13:11","","Side Plank",,"",1,"normal",,,,70,
"Abs","28 Feb 2026, 12:50","28 Feb 2026, 13:11","","Reverse Crunch",,"",0,"normal",,20,,,
"Abs","28 Feb 2026, 12:50","28 Feb 2026, 13:11","","Reverse Crunch",,"",1,"normal",,30,,,
"Abs","28 Feb 2026, 12:50","28 Feb 2026, 13:11","","Superman",,"",0,"normal",,10,,,
"Abs","28 Feb 2026, 12:50","28 Feb 2026, 13:11","","Superman",,"",1,"normal",,10,,,
"Strength","28 Feb 2026, 10:43","28 Feb 2026, 11:39","","Pull Up (Assisted)",,"",0,"normal",9,8,,,
"Strength","28 Feb 2026, 10:43","28 Feb 2026, 11:39","","Pull Up (Assisted)",,"",1,"normal",,8,,,
"Strength","28 Feb 2026, 10:43","28 Feb 2026, 11:39","","Pull Up (Assisted)",,"",2,"normal",,6,,,
"Strength","28 Feb 2026, 10:43","28 Feb 2026, 11:39","","Butterfly (Pec Deck)",,"",0,"normal",66,8,,,
"Strength","28 Feb 2026, 10:43","28 Feb 2026, 11:39","","Butterfly (Pec Deck)",,"",1,"normal",113,8,,,
"Strength","28 Feb 2026, 10:43","28 Feb 2026, 11:39","","Butterfly (Pec Deck)",,"",2,"normal",113,10,,,
"Strength","28 Feb 2026, 10:43","28 Feb 2026, 11:39","","Lat Pulldown (Cable)",,"",0,"normal",39,8,,,
"Strength","28 Feb 2026, 10:43","28 Feb 2026, 11:39","","Lat Pulldown (Cable)",,"",1,"normal",66,8,,,
"Strength","28 Feb 2026, 10:43","28 Feb 2026, 11:39","","Lat Pulldown (Cable)",,"",2,"normal",66,8,,,
"Strength","28 Feb 2026, 10:43","28 Feb 2026, 11:39","","Chest Press (Machine)",,"",0,"normal",45,8,,,
"Strength","28 Feb 2026, 10:43","28 Feb 2026, 11:39","","Chest Press (Machine)",,"",1,"normal",79,10,,,
"Strength","28 Feb 2026, 10:43","28 Feb 2026, 11:39","","Chest Press (Machine)",,"",2,"normal",86,8,,,
"Strength","28 Feb 2026, 10:43","28 Feb 2026, 11:39","","Leg Press Horizontal (Machine)",,"",0,"normal",59,10,,,
"Strength","28 Feb 2026, 10:43","28 Feb 2026, 11:39","","Leg Press Horizontal (Machine)",,"",1,"normal",107,10,,,
"Strength","28 Feb 2026, 10:43","28 Feb 2026, 11:39","","Leg Press Horizontal (Machine)",,"",2,"normal",120,10,,,
"Strength","28 Feb 2026, 10:43","28 Feb 2026, 11:39","","Seated Row (Machine)",,"",0,"normal",23,8,,,
"Strength","28 Feb 2026, 10:43","28 Feb 2026, 11:39","","Seated Row (Machine)",,"",1,"normal",45,10,,,
"Strength","28 Feb 2026, 10:43","28 Feb 2026, 11:39","","Seated Row (Machine)",,"",2,"normal",45,10,,,
"Strength","28 Feb 2026, 10:43","28 Feb 2026, 11:39","","Single leg sit-to-stand",,"",0,"normal",,8,,,
"Strength","28 Feb 2026, 10:43","28 Feb 2026, 11:39","","Single leg sit-to-stand",,"",1,"normal",,8,,,
"Strength","28 Feb 2026, 10:43","28 Feb 2026, 11:39","","Farmers Carry",,"",0,"normal",56,,,60,
"Strength","28 Feb 2026, 10:43","28 Feb 2026, 11:39","","Shoulder Press (Dumbbell)",,"",0,"normal",24,8,,,
"Strength","28 Feb 2026, 10:43","28 Feb 2026, 11:39","","Shoulder Press (Dumbbell)",,"",1,"normal",40,8,,,
"Strength","28 Feb 2026, 10:43","28 Feb 2026, 11:39","","Shoulder Press (Dumbbell)",,"",2,"normal",40,6,,,
"Strength","26 Feb 2026, 18:50","26 Feb 2026, 19:10","","Pull Up (Assisted)",,"",0,"normal",9,8,,,
"Strength","26 Feb 2026, 18:50","26 Feb 2026, 19:10","","Pull Up (Assisted)",,"",1,"normal",,6,,,
"Strength","26 Feb 2026, 18:50","26 Feb 2026, 19:10","","Lat Pulldown (Cable)",,"",0,"normal",32,8,,,
"Strength","26 Feb 2026, 18:50","26 Feb 2026, 19:10","","Lat Pulldown (Cable)",,"",1,"normal",73,7,,,
"Strength","26 Feb 2026, 18:50","26 Feb 2026, 19:10","","Lat Pulldown (Cable)",,"",2,"normal",66,6,,,
"Strength","26 Feb 2026, 18:50","26 Feb 2026, 19:10","","Chest Press (Machine)",,"",0,"normal",45,8,,,
"Strength","26 Feb 2026, 18:50","26 Feb 2026, 19:10","","Chest Press (Machine)",,"",1,"normal",73,8,,,
"Strength","26 Feb 2026, 18:50","26 Feb 2026, 19:10","","Chest Press (Machine)",,"",2,"normal",73,8,,,
"Strength","26 Feb 2026, 18:50","26 Feb 2026, 19:10","","Leg Press Horizontal (Machine)",,"",0,"normal",59,8,,,
"Strength","26 Feb 2026, 18:50","26 Feb 2026, 19:10","","Leg Press Horizontal (Machine)",,"",1,"normal",113,10,,,
"Strength","26 Feb 2026, 18:50","26 Feb 2026, 19:10","","Leg Press Horizontal (Machine)",,"",2,"normal",100,10,,,
"Strength","26 Feb 2026, 18:50","26 Feb 2026, 19:10","","Seated Row (Machine)",,"",0,"normal",23,8,,,
"Strength","26 Feb 2026, 18:50","26 Feb 2026, 19:10","","Seated Row (Machine)",,"",1,"normal",41,8,,,
"Strength","26 Feb 2026, 18:50","26 Feb 2026, 19:10","","Seated Row (Machine)",,"",2,"normal",45,8,,,
"Strength","24 Feb 2026, 13:28","24 Feb 2026, 14:04","","Pull Up (Assisted)",,"",0,"normal",9,10,,,
"Strength","24 Feb 2026, 13:28","24 Feb 2026, 14:04","","Pull Up (Assisted)",,"",1,"normal",,8,,,
"Strength","24 Feb 2026, 13:28","24 Feb 2026, 14:04","","Pull Up (Assisted)",,"",2,"normal",,8,,,
"Strength","24 Feb 2026, 13:28","24 Feb 2026, 14:04","","Butterfly (Pec Deck)",,"",0,"normal",66,8,,,
"Strength","24 Feb 2026, 13:28","24 Feb 2026, 14:04","","Butterfly (Pec Deck)",,"",1,"normal",113,8,,,
"Strength","24 Feb 2026, 13:28","24 Feb 2026, 14:04","","Butterfly (Pec Deck)",,"",2,"normal",113,10,,,
"Strength","24 Feb 2026, 13:28","24 Feb 2026, 14:04","","Lat Pulldown (Cable)",,"",0,"normal",39,8,,,
"Strength","24 Feb 2026, 13:28","24 Feb 2026, 14:04","","Lat Pulldown (Cable)",,"",1,"normal",73,8,,,
"Strength","24 Feb 2026, 13:28","24 Feb 2026, 14:04","","Lat Pulldown (Cable)",,"",2,"normal",73,8,,,
"Strength","24 Feb 2026, 13:28","24 Feb 2026, 14:04","","Chest Press (Machine)",,"",0,"normal",45,8,,,
"Strength","24 Feb 2026, 13:28","24 Feb 2026, 14:04","","Chest Press (Machine)",,"",1,"normal",79,8,,,
"Strength","24 Feb 2026, 13:28","24 Feb 2026, 14:04","","Chest Press (Machine)",,"",2,"normal",79,8,,,
"Strength","24 Feb 2026, 13:28","24 Feb 2026, 14:04","","Leg Press Horizontal (Machine)",,"",0,"normal",52,8,,,
"Strength","24 Feb 2026, 13:28","24 Feb 2026, 14:04","","Leg Press Horizontal (Machine)",,"",1,"normal",113,10,,,
"Strength","24 Feb 2026, 13:28","24 Feb 2026, 14:04","","Leg Press Horizontal (Machine)",,"",2,"normal",113,10,,,
"Strength","24 Feb 2026, 13:28","24 Feb 2026, 14:04","","Seated Row (Machine)",,"",0,"normal",23,8,,,
"Strength","24 Feb 2026, 13:28","24 Feb 2026, 14:04","","Seated Row (Machine)",,"",1,"normal",41,8,,,
"Strength","24 Feb 2026, 13:28","24 Feb 2026, 14:04","","Seated Row (Machine)",,"",2,"normal",45,8,,,
"Strength","24 Feb 2026, 13:28","24 Feb 2026, 14:04","","Dead Hang",,"",0,"normal",,,,40,
"Strength","24 Feb 2026, 13:28","24 Feb 2026, 14:04","","Shoulder Press (Dumbbell)",,"",0,"normal",24,8,,,
"Strength","24 Feb 2026, 13:28","24 Feb 2026, 14:04","","Shoulder Press (Dumbbell)",,"",1,"normal",40,7,,,
"Strength","24 Feb 2026, 13:28","24 Feb 2026, 14:04","","Shoulder Press (Dumbbell)",,"",2,"normal",36,8,,,
"Abs","23 Feb 2026, 19:37","23 Feb 2026, 19:49","","Plank",,"",0,"normal",,,,70,
"Abs","23 Feb 2026, 19:37","23 Feb 2026, 19:49","","Side Plank",,"",0,"normal",,,,70,
"Abs","23 Feb 2026, 19:37","23 Feb 2026, 19:49","","Side Plank",,"",1,"normal",,,,70,
"Abs","23 Feb 2026, 19:37","23 Feb 2026, 19:49","","Reverse Crunch",,"",0,"normal",,30,,,
"Abs","23 Feb 2026, 19:37","23 Feb 2026, 19:49","","Reverse Crunch",,"",1,"normal",,30,,,
"Abs","23 Feb 2026, 19:37","23 Feb 2026, 19:49","","Superman",,"",0,"normal",,10,,,
"Abs","23 Feb 2026, 19:37","23 Feb 2026, 19:49","","Superman",,"",1,"normal",,10,,,
"Strength","22 Feb 2026, 10:37","22 Feb 2026, 11:21","","Lat Pulldown (Cable)",,"",0,"normal",32,8,,,
"Strength","22 Feb 2026, 10:37","22 Feb 2026, 11:21","","Lat Pulldown (Cable)",,"",1,"normal",52,8,,,
"Strength","22 Feb 2026, 10:37","22 Feb 2026, 11:21","","Lat Pulldown (Cable)",,"",2,"normal",66,8,,,
"Strength","22 Feb 2026, 10:37","22 Feb 2026, 11:21","","Chest Press (Machine)",,"",0,"normal",45,8,,,
"Strength","22 Feb 2026, 10:37","22 Feb 2026, 11:21","","Chest Press (Machine)",,"",1,"normal",73,8,,,
"Strength","22 Feb 2026, 10:37","22 Feb 2026, 11:21","","Chest Press (Machine)",,"",2,"normal",73,8,,,
"Strength","22 Feb 2026, 10:37","22 Feb 2026, 11:21","","Pull Up (Assisted)",,"",0,"normal",9,8,,,
"Strength","22 Feb 2026, 10:37","22 Feb 2026, 11:21","","Pull Up (Assisted)",,"",1,"normal",,8,,,
"Strength","22 Feb 2026, 10:37","22 Feb 2026, 11:21","","Pull Up (Assisted)",,"",2,"normal",,8,,,
"Strength","22 Feb 2026, 10:37","22 Feb 2026, 11:21","","Butterfly (Pec Deck)",,"",0,"normal",59,8,,,
"Strength","22 Feb 2026, 10:37","22 Feb 2026, 11:21","","Butterfly (Pec Deck)",,"",1,"normal",100,8,,,
"Strength","22 Feb 2026, 10:37","22 Feb 2026, 11:21","","Butterfly (Pec Deck)",,"",2,"normal",100,8,,,
"Strength","22 Feb 2026, 10:37","22 Feb 2026, 11:21","","Leg Press Horizontal (Machine)",,"",0,"normal",52,8,,,
"Strength","22 Feb 2026, 10:37","22 Feb 2026, 11:21","","Leg Press Horizontal (Machine)",,"",1,"normal",86,8,,,
"Strength","22 Feb 2026, 10:37","22 Feb 2026, 11:21","","Leg Press Horizontal (Machine)",,"",2,"normal",100,10,,,
"Strength","22 Feb 2026, 10:37","22 Feb 2026, 11:21","","Seated Row (Machine)",,"",0,"normal",23,10,,,
"Strength","22 Feb 2026, 10:37","22 Feb 2026, 11:21","","Seated Row (Machine)",,"",1,"normal",41,8,,,
"Strength","22 Feb 2026, 10:37","22 Feb 2026, 11:21","","Seated Row (Machine)",,"",2,"normal",41,8,,,
"Strength","22 Feb 2026, 10:37","22 Feb 2026, 11:21","","Dead Hang",,"",0,"normal",,,,40,
"Strength","22 Feb 2026, 10:37","22 Feb 2026, 11:21","","Shoulder Press (Dumbbell)",,"",0,"normal",20,8,,,
"Strength","22 Feb 2026, 10:37","22 Feb 2026, 11:21","","Shoulder Press (Dumbbell)",,"",1,"normal",32,8,,,
"Strength","22 Feb 2026, 10:37","22 Feb 2026, 11:21","","Shoulder Press (Dumbbell)",,"",2,"normal",36,8,,,
"Abs","20 Feb 2026, 20:55","20 Feb 2026, 21:10","","Plank",,"",0,"normal",,,,70,
"Abs","20 Feb 2026, 20:55","20 Feb 2026, 21:10","","Side Plank",,"",0,"normal",,,,70,
"Abs","20 Feb 2026, 20:55","20 Feb 2026, 21:10","","Side Plank",,"",1,"normal",,,,70,
"Abs","20 Feb 2026, 20:55","20 Feb 2026, 21:10","","Reverse Crunch",,"",0,"normal",,40,,,
"Abs","20 Feb 2026, 20:55","20 Feb 2026, 21:10","","Reverse Crunch",,"",1,"normal",,30,,,
"Abs","20 Feb 2026, 20:55","20 Feb 2026, 21:10","","Superman",,"",0,"normal",,10,,,
"Abs","20 Feb 2026, 20:55","20 Feb 2026, 21:10","","Superman",,"",1,"normal",,10,,,
"Strength","19 Feb 2026, 19:10","19 Feb 2026, 20:04","","Pull Up (Assisted)",,"",0,"normal",9,10,,,
"Strength","19 Feb 2026, 19:10","19 Feb 2026, 20:04","","Pull Up (Assisted)",,"",1,"normal",,8,,,
"Strength","19 Feb 2026, 19:10","19 Feb 2026, 20:04","","Pull Up (Assisted)",,"",2,"normal",,8,,,
"Strength","19 Feb 2026, 19:10","19 Feb 2026, 20:04","","Butterfly (Pec Deck)",,"",0,"normal",66,10,,,
"Strength","19 Feb 2026, 19:10","19 Feb 2026, 20:04","","Butterfly (Pec Deck)",,"",1,"normal",107,8,,,
"Strength","19 Feb 2026, 19:10","19 Feb 2026, 20:04","","Butterfly (Pec Deck)",,"",2,"normal",113,8,,,
"Strength","19 Feb 2026, 19:10","19 Feb 2026, 20:04","","Leg Press Horizontal (Machine)",,"",0,"normal",59,10,,,
"Strength","19 Feb 2026, 19:10","19 Feb 2026, 20:04","","Leg Press Horizontal (Machine)",,"",1,"normal",120,8,,,
"Strength","19 Feb 2026, 19:10","19 Feb 2026, 20:04","","Leg Press Horizontal (Machine)",,"",2,"normal",120,10,,,
"Strength","19 Feb 2026, 19:10","19 Feb 2026, 20:04","","Chest Press (Machine)",,"",0,"normal",45,8,,,
"Strength","19 Feb 2026, 19:10","19 Feb 2026, 20:04","","Chest Press (Machine)",,"",1,"normal",79,8,,,
"Strength","19 Feb 2026, 19:10","19 Feb 2026, 20:04","","Chest Press (Machine)",,"",2,"normal",86,8,,,
"Strength","19 Feb 2026, 19:10","19 Feb 2026, 20:04","","Seated Row (Machine)",,"",0,"normal",27,8,,,
"Strength","19 Feb 2026, 19:10","19 Feb 2026, 20:04","","Seated Row (Machine)",,"",1,"normal",41,8,,,
"Strength","19 Feb 2026, 19:10","19 Feb 2026, 20:04","","Seated Row (Machine)",,"",2,"normal",45,8,,,
"Strength","19 Feb 2026, 19:10","19 Feb 2026, 20:04","","Lat Pulldown (Cable)",,"",0,"normal",39,8,,,
"Strength","19 Feb 2026, 19:10","19 Feb 2026, 20:04","","Lat Pulldown (Cable)",,"",1,"normal",66,8,,,
"Strength","19 Feb 2026, 19:10","19 Feb 2026, 20:04","","Lat Pulldown (Cable)",,"",2,"normal",73,8,,,
"Strength","19 Feb 2026, 19:10","19 Feb 2026, 20:04","","Single leg sit-to-stand",,"",0,"normal",,8,,,
"Strength","19 Feb 2026, 19:10","19 Feb 2026, 20:04","","Single leg sit-to-stand",,"",1,"normal",,8,,,
"Strength","19 Feb 2026, 19:10","19 Feb 2026, 20:04","","Farmers Carry",,"",0,"normal",52,,,60,
"Strength","19 Feb 2026, 19:10","19 Feb 2026, 20:04","","Shoulder Press (Dumbbell)",,"",0,"normal",24,8,,,
"Strength","19 Feb 2026, 19:10","19 Feb 2026, 20:04","","Shoulder Press (Dumbbell)",,"",1,"normal",36,8,,,
"Strength","19 Feb 2026, 19:10","19 Feb 2026, 20:04","","Shoulder Press (Dumbbell)",,"",2,"normal",36,6,,,
"Strength","17 Feb 2026, 10:28","17 Feb 2026, 11:15","","Pull Up (Assisted)",,"",0,"normal",9,10,,,
"Strength","17 Feb 2026, 10:28","17 Feb 2026, 11:15","","Pull Up (Assisted)",,"",1,"normal",,8,,,
"Strength","17 Feb 2026, 10:28","17 Feb 2026, 11:15","","Pull Up (Assisted)",,"",2,"normal",,8,,,
"Strength","17 Feb 2026, 10:28","17 Feb 2026, 11:15","","Chest Press (Machine)",,"",0,"normal",45,8,,,
"Strength","17 Feb 2026, 10:28","17 Feb 2026, 11:15","","Chest Press (Machine)",,"",1,"normal",73,8,,,
"Strength","17 Feb 2026, 10:28","17 Feb 2026, 11:15","","Chest Press (Machine)",,"",2,"normal",79,8,,,
"Strength","17 Feb 2026, 10:28","17 Feb 2026, 11:15","","Seated Row (Machine)",,"",0,"normal",23,8,,,
"Strength","17 Feb 2026, 10:28","17 Feb 2026, 11:15","","Seated Row (Machine)",,"",1,"normal",41,10,,,
"Strength","17 Feb 2026, 10:28","17 Feb 2026, 11:15","","Seated Row (Machine)",,"",2,"normal",45,8,,,
"Strength","17 Feb 2026, 10:28","17 Feb 2026, 11:15","","Leg Press Horizontal (Machine)",,"",0,"normal",59,8,,,
"Strength","17 Feb 2026, 10:28","17 Feb 2026, 11:15","","Leg Press Horizontal (Machine)",,"",1,"normal",120,10,,,
"Strength","17 Feb 2026, 10:28","17 Feb 2026, 11:15","","Leg Press Horizontal (Machine)",,"",2,"normal",120,10,,,
"Strength","17 Feb 2026, 10:28","17 Feb 2026, 11:15","","Butterfly (Pec Deck)",,"",0,"normal",66,8,,,
"Strength","17 Feb 2026, 10:28","17 Feb 2026, 11:15","","Butterfly (Pec Deck)",,"",1,"normal",107,8,,,
"Strength","17 Feb 2026, 10:28","17 Feb 2026, 11:15","","Butterfly (Pec Deck)",,"",2,"normal",107,10,,,
"Strength","17 Feb 2026, 10:28","17 Feb 2026, 11:15","","Lat Pulldown (Cable)",,"",0,"normal",39,8,,,
"Strength","17 Feb 2026, 10:28","17 Feb 2026, 11:15","","Lat Pulldown (Cable)",,"",1,"normal",66,8,,,
"Strength","17 Feb 2026, 10:28","17 Feb 2026, 11:15","","Lat Pulldown (Cable)",,"",2,"normal",66,8,,,
"Strength","17 Feb 2026, 10:28","17 Feb 2026, 11:15","","Farmers Carry",,"",0,"normal",60,,,60,
"Strength","17 Feb 2026, 10:28","17 Feb 2026, 11:15","","Shoulder Press (Dumbbell)",,"",0,"normal",24,8,,,
"Strength","17 Feb 2026, 10:28","17 Feb 2026, 11:15","","Shoulder Press (Dumbbell)",,"",1,"normal",36,10,,,
"Strength","17 Feb 2026, 10:28","17 Feb 2026, 11:15","","Shoulder Press (Dumbbell)",,"",2,"normal",36,8,,,
"Strength","14 Feb 2026, 09:42","14 Feb 2026, 10:16","","Pull Up (Assisted)",,"",0,"normal",9,8,,,
"Strength","14 Feb 2026, 09:42","14 Feb 2026, 10:16","","Pull Up (Assisted)",,"",1,"normal",,8,,,
"Strength","14 Feb 2026, 09:42","14 Feb 2026, 10:16","","Pull Up (Assisted)",,"",2,"normal",,8,,,
"Strength","14 Feb 2026, 09:42","14 Feb 2026, 10:16","","Seated Row (Machine)",,"",0,"normal",23,8,,,
"Strength","14 Feb 2026, 09:42","14 Feb 2026, 10:16","","Seated Row (Machine)",,"",1,"normal",41,8,,,
"Strength","14 Feb 2026, 09:42","14 Feb 2026, 10:16","","Seated Row (Machine)",,"",2,"normal",41,8,,,
"Strength","14 Feb 2026, 09:42","14 Feb 2026, 10:16","","Leg Press Horizontal (Machine)",,"",0,"normal",59,10,,,
"Strength","14 Feb 2026, 09:42","14 Feb 2026, 10:16","","Leg Press Horizontal (Machine)",,"",1,"normal",120,10,,,
"Strength","14 Feb 2026, 09:42","14 Feb 2026, 10:16","","Leg Press Horizontal (Machine)",,"",2,"normal",120,10,,,
"Strength","14 Feb 2026, 09:42","14 Feb 2026, 10:16","","Chest Press (Machine)",,"",0,"normal",45,8,,,
"Strength","14 Feb 2026, 09:42","14 Feb 2026, 10:16","","Chest Press (Machine)",,"",1,"normal",66,8,,,
"Strength","14 Feb 2026, 09:42","14 Feb 2026, 10:16","","Chest Press (Machine)",,"",2,"normal",73,8,,,
"Strength","14 Feb 2026, 09:42","14 Feb 2026, 10:16","","Butterfly (Pec Deck)",,"",0,"normal",66,8,,,
"Strength","14 Feb 2026, 09:42","14 Feb 2026, 10:16","","Butterfly (Pec Deck)",,"",1,"normal",107,8,,,
"Strength","14 Feb 2026, 09:42","14 Feb 2026, 10:16","","Butterfly (Pec Deck)",,"",2,"normal",100,8,,,
"Strength","14 Feb 2026, 09:42","14 Feb 2026, 10:16","","Lat Pulldown (Cable)",,"",0,"normal",39,8,,,
"Strength","14 Feb 2026, 09:42","14 Feb 2026, 10:16","","Lat Pulldown (Cable)",,"",1,"normal",66,8,,,
"Strength","14 Feb 2026, 09:42","14 Feb 2026, 10:16","","Lat Pulldown (Cable)",,"",2,"normal",66,8,,,
"Strength","14 Feb 2026, 09:42","14 Feb 2026, 10:16","","Single leg sit-to-stand",,"",0,"normal",,8,,,
"Abs","12 Feb 2026, 19:52","12 Feb 2026, 20:09","","Plank",,"",0,"normal",,,,70,
"Abs","12 Feb 2026, 19:52","12 Feb 2026, 20:09","","Side Plank",,"",0,"normal",,,,71,
"Abs","12 Feb 2026, 19:52","12 Feb 2026, 20:09","","Side Plank",,"",1,"normal",,,,70,
"Abs","12 Feb 2026, 19:52","12 Feb 2026, 20:09","","Reverse Crunch",,"",0,"normal",,20,,,
"Abs","12 Feb 2026, 19:52","12 Feb 2026, 20:09","","Reverse Crunch",,"",1,"normal",,20,,,
"Abs","12 Feb 2026, 19:52","12 Feb 2026, 20:09","","Reverse Crunch",,"",2,"normal",,20,,,
"Abs","12 Feb 2026, 19:52","12 Feb 2026, 20:09","","Superman",,"",0,"normal",,10,,,
"Abs","12 Feb 2026, 19:52","12 Feb 2026, 20:09","","Superman",,"",1,"normal",,10,,,
"Strength","10 Feb 2026, 20:33","10 Feb 2026, 21:07","","Butterfly (Pec Deck)",,"",0,"normal",66,8,,,
"Strength","10 Feb 2026, 20:33","10 Feb 2026, 21:07","","Butterfly (Pec Deck)",,"",1,"normal",113,8,,,
"Strength","10 Feb 2026, 20:33","10 Feb 2026, 21:07","","Butterfly (Pec Deck)",,"",2,"normal",113,10,,,
"Strength","10 Feb 2026, 20:33","10 Feb 2026, 21:07","","Pull Up (Assisted)",,"",0,"normal",9,8,,,
"Strength","10 Feb 2026, 20:33","10 Feb 2026, 21:07","","Pull Up (Assisted)",,"",1,"normal",,8,,,
"Strength","10 Feb 2026, 20:33","10 Feb 2026, 21:07","","Pull Up (Assisted)",,"",2,"normal",,8,,,
"Strength","10 Feb 2026, 20:33","10 Feb 2026, 21:07","","Chest Press (Machine)",,"",0,"normal",45,8,,,
"Strength","10 Feb 2026, 20:33","10 Feb 2026, 21:07","","Chest Press (Machine)",,"",1,"normal",79,8,,,
"Strength","10 Feb 2026, 20:33","10 Feb 2026, 21:07","","Chest Press (Machine)",,"",2,"normal",79,8,,,
"Strength","10 Feb 2026, 20:33","10 Feb 2026, 21:07","","Leg Press Horizontal (Machine)",,"",0,"normal",59,10,,,
"Strength","10 Feb 2026, 20:33","10 Feb 2026, 21:07","","Leg Press Horizontal (Machine)",,"",1,"normal",120,10,,,
"Strength","10 Feb 2026, 20:33","10 Feb 2026, 21:07","","Leg Press Horizontal (Machine)",,"",2,"normal",120,10,,,
"Strength","10 Feb 2026, 20:33","10 Feb 2026, 21:07","","Lat Pulldown (Cable)",,"",0,"normal",39,8,,,
"Strength","10 Feb 2026, 20:33","10 Feb 2026, 21:07","","Lat Pulldown (Cable)",,"",1,"normal",66,8,,,
"Strength","10 Feb 2026, 20:33","10 Feb 2026, 21:07","","Lat Pulldown (Cable)",,"",2,"normal",66,8,,,
"Strength","10 Feb 2026, 20:33","10 Feb 2026, 21:07","","Lat Pulldown (Cable)",,"",3,"normal",73,8,,,
"Strength","10 Feb 2026, 20:33","10 Feb 2026, 21:07","","Seated Row (Machine)",,"",0,"normal",27,8,,,
"Strength","10 Feb 2026, 20:33","10 Feb 2026, 21:07","","Seated Row (Machine)",,"",1,"normal",45,8,,,
"Strength","10 Feb 2026, 20:33","10 Feb 2026, 21:07","","Seated Row (Machine)",,"",2,"normal",45,8,,,
"Strength","10 Feb 2026, 20:33","10 Feb 2026, 21:07","","Dead Hang",,"",0,"normal",,,,50,
"Abs","10 Feb 2026, 17:30","10 Feb 2026, 17:46","","Plank",,"",0,"normal",,,,70,
"Abs","10 Feb 2026, 17:30","10 Feb 2026, 17:46","","Side Plank",,"",0,"normal",,,,70,
"Abs","10 Feb 2026, 17:30","10 Feb 2026, 17:46","","Side Plank",,"",1,"normal",,,,71,
"Abs","10 Feb 2026, 17:30","10 Feb 2026, 17:46","","Reverse Crunch",,"",0,"normal",,30,,,
"Abs","10 Feb 2026, 17:30","10 Feb 2026, 17:46","","Reverse Crunch",,"",1,"normal",,20,,,
"Abs","10 Feb 2026, 17:30","10 Feb 2026, 17:46","","Reverse Crunch",,"",2,"normal",,20,,,
"Abs","10 Feb 2026, 17:30","10 Feb 2026, 17:46","","Superman",,"",0,"normal",,10,,,
"Abs","10 Feb 2026, 17:30","10 Feb 2026, 17:46","","Superman",,"",1,"normal",,10,,,
"Abs","10 Feb 2026, 17:30","10 Feb 2026, 17:46","","Superman",,"",2,"normal",,10,,,
"Abs","8 Feb 2026, 14:47","8 Feb 2026, 14:59","","Plank",,"",0,"normal",,,,61,
"Abs","8 Feb 2026, 14:47","8 Feb 2026, 14:59","","Side Plank",,"",0,"normal",,,,60,
"Abs","8 Feb 2026, 14:47","8 Feb 2026, 14:59","","Side Plank",,"",1,"normal",,,,60,
"Abs","8 Feb 2026, 14:47","8 Feb 2026, 14:59","","Reverse Crunch",,"",0,"normal",,30,,,
"Abs","8 Feb 2026, 14:47","8 Feb 2026, 14:59","","Reverse Crunch",,"",1,"normal",,20,,,
"Abs","8 Feb 2026, 14:47","8 Feb 2026, 14:59","","Superman",,"",0,"normal",,10,,,
"Abs","8 Feb 2026, 14:47","8 Feb 2026, 14:59","","Superman",,"",1,"normal",,10,,,
"Strength","8 Feb 2026, 10:49","8 Feb 2026, 11:27","","Lat Pulldown (Cable)",,"",0,"normal",32,8,,,
"Strength","8 Feb 2026, 10:49","8 Feb 2026, 11:27","","Lat Pulldown (Cable)",,"",1,"normal",66,8,,,
"Strength","8 Feb 2026, 10:49","8 Feb 2026, 11:27","","Lat Pulldown (Cable)",,"",2,"normal",66,8,,,
"Strength","8 Feb 2026, 10:49","8 Feb 2026, 11:27","","Lat Pulldown (Cable)",,"",3,"normal",73,8,,,
"Strength","8 Feb 2026, 10:49","8 Feb 2026, 11:27","","Butterfly (Pec Deck)",,"",0,"normal",66,8,,,
"Strength","8 Feb 2026, 10:49","8 Feb 2026, 11:27","","Butterfly (Pec Deck)",,"",1,"normal",113,10,,,
"Strength","8 Feb 2026, 10:49","8 Feb 2026, 11:27","","Butterfly (Pec Deck)",,"",2,"normal",113,8,,,
"Strength","8 Feb 2026, 10:49","8 Feb 2026, 11:27","","Pull Up (Assisted)",,"",0,"normal",9,8,,,
"Strength","8 Feb 2026, 10:49","8 Feb 2026, 11:27","","Pull Up (Assisted)",,"",1,"normal",,7,,,
"Strength","8 Feb 2026, 10:49","8 Feb 2026, 11:27","","Pull Up (Assisted)",,"",2,"normal",,6,,,
"Strength","8 Feb 2026, 10:49","8 Feb 2026, 11:27","","Chest Press (Machine)",,"",0,"normal",45,8,,,
"Strength","8 Feb 2026, 10:49","8 Feb 2026, 11:27","","Chest Press (Machine)",,"",1,"normal",79,8,,,
"Strength","8 Feb 2026, 10:49","8 Feb 2026, 11:27","","Chest Press (Machine)",,"",2,"normal",79,8,,,
"Strength","8 Feb 2026, 10:49","8 Feb 2026, 11:27","","Seated Row (Machine)",,"",0,"normal",27,8,,,
"Strength","8 Feb 2026, 10:49","8 Feb 2026, 11:27","","Seated Row (Machine)",,"",1,"normal",41,8,,,
"Strength","8 Feb 2026, 10:49","8 Feb 2026, 11:27","","Seated Row (Machine)",,"",2,"normal",45,8,,,
"Strength","8 Feb 2026, 10:49","8 Feb 2026, 11:27","","Seated Row (Machine)",,"",3,"normal",45,8,,,
"Strength","8 Feb 2026, 10:49","8 Feb 2026, 11:27","","Farmers Carry",,"",0,"normal",60,,,65,
"Strength","5 Feb 2026, 17:32","5 Feb 2026, 17:53","","Butterfly (Pec Deck)",,"",0,"normal",66,10,,,
"Strength","5 Feb 2026, 17:32","5 Feb 2026, 17:53","","Butterfly (Pec Deck)",,"",1,"normal",107,8,,,
"Strength","5 Feb 2026, 17:32","5 Feb 2026, 17:53","","Butterfly (Pec Deck)",,"",2,"normal",113,10,,,
"Strength","5 Feb 2026, 17:32","5 Feb 2026, 17:53","","Pull Up (Assisted)",,"",0,"normal",9,8,,,
"Strength","5 Feb 2026, 17:32","5 Feb 2026, 17:53","","Pull Up (Assisted)",,"",1,"normal",,8,,,
"Strength","5 Feb 2026, 17:32","5 Feb 2026, 17:53","","Chest Press (Machine)",,"",0,"normal",45,8,,,
"Strength","5 Feb 2026, 17:32","5 Feb 2026, 17:53","","Chest Press (Machine)",,"",1,"normal",79,8,,,
"Strength","5 Feb 2026, 17:32","5 Feb 2026, 17:53","","Chest Press (Machine)",,"",2,"normal",79,6,,,
"Strength","5 Feb 2026, 17:32","5 Feb 2026, 17:53","","Leg Press Horizontal (Machine)",,"",0,"normal",59,10,,,
"Strength","5 Feb 2026, 17:32","5 Feb 2026, 17:53","","Leg Press Horizontal (Machine)",,"",1,"normal",113,10,,,
"Strength","5 Feb 2026, 17:32","5 Feb 2026, 17:53","","Leg Press Horizontal (Machine)",,"",2,"normal",120,10,,,
"Strength","5 Feb 2026, 17:32","5 Feb 2026, 17:53","","Lat Pulldown (Cable)",,"",0,"normal",32,8,,,
"Strength","5 Feb 2026, 17:32","5 Feb 2026, 17:53","","Lat Pulldown (Cable)",,"",1,"normal",66,8,,,
"Strength","5 Feb 2026, 17:32","5 Feb 2026, 17:53","","Lat Pulldown (Cable)",,"",2,"normal",66,8,,,
"Abs","4 Feb 2026, 22:12","4 Feb 2026, 22:21","","Plank",,"",0,"normal",,,,60,
"Abs","4 Feb 2026, 22:12","4 Feb 2026, 22:21","","Side Plank",,"",0,"normal",,,,61,
"Abs","4 Feb 2026, 22:12","4 Feb 2026, 22:21","","Side Plank",,"",1,"normal",,,,60,
"Abs","4 Feb 2026, 22:12","4 Feb 2026, 22:21","","Reverse Crunch",,"",0,"normal",,30,,,
"Abs","4 Feb 2026, 22:12","4 Feb 2026, 22:21","","Reverse Crunch",,"",1,"normal",,20,,,
"Abs","4 Feb 2026, 22:12","4 Feb 2026, 22:21","","Superman",,"",0,"normal",,10,,,
"Abs","4 Feb 2026, 22:12","4 Feb 2026, 22:21","","Superman",,"",1,"normal",,10,,,
"Strength","2 Feb 2026, 12:51","2 Feb 2026, 13:20","","Pull Up (Assisted)",,"",0,"normal",9,10,,,
"Strength","2 Feb 2026, 12:51","2 Feb 2026, 13:20","","Pull Up (Assisted)",,"",1,"normal",,8,,,
"Strength","2 Feb 2026, 12:51","2 Feb 2026, 13:20","","Pull Up (Assisted)",,"",2,"normal",,8,,,
"Strength","2 Feb 2026, 12:51","2 Feb 2026, 13:20","","Butterfly (Pec Deck)",,"",0,"normal",66,10,,,
"Strength","2 Feb 2026, 12:51","2 Feb 2026, 13:20","","Butterfly (Pec Deck)",,"",1,"normal",93,8,,,
"Strength","2 Feb 2026, 12:51","2 Feb 2026, 13:20","","Butterfly (Pec Deck)",,"",2,"normal",100,8,,,
"Strength","2 Feb 2026, 12:51","2 Feb 2026, 13:20","","Lat Pulldown (Cable)",,"",0,"normal",32,8,,,
"Strength","2 Feb 2026, 12:51","2 Feb 2026, 13:20","","Lat Pulldown (Cable)",,"",1,"normal",66,8,,,
"Strength","2 Feb 2026, 12:51","2 Feb 2026, 13:20","","Lat Pulldown (Cable)",,"",2,"normal",66,8,,,
"Strength","2 Feb 2026, 12:51","2 Feb 2026, 13:20","","Leg Press Horizontal (Machine)",,"",0,"normal",52,10,,,
"Strength","2 Feb 2026, 12:51","2 Feb 2026, 13:20","","Leg Press Horizontal (Machine)",,"",1,"normal",107,10,,,
"Strength","2 Feb 2026, 12:51","2 Feb 2026, 13:20","","Leg Press Horizontal (Machine)",,"",2,"normal",113,10,,,
"Strength","2 Feb 2026, 12:51","2 Feb 2026, 13:20","","Chest Press (Machine)",,"",0,"normal",45,10,,,
"Strength","2 Feb 2026, 12:51","2 Feb 2026, 13:20","","Chest Press (Machine)",,"",1,"normal",79,8,,,
"Strength","2 Feb 2026, 12:51","2 Feb 2026, 13:20","","Chest Press (Machine)",,"",2,"normal",79,6,,,
"Strength","2 Feb 2026, 12:51","2 Feb 2026, 13:20","","Seated Row (Machine)",,"",0,"normal",27,8,,,
"Strength","2 Feb 2026, 12:51","2 Feb 2026, 13:20","","Seated Row (Machine)",,"",1,"normal",41,8,,,
"Strength","2 Feb 2026, 12:51","2 Feb 2026, 13:20","","Seated Row (Machine)",,"",2,"normal",41,8,,,
"Strength","31 Jan 2026, 10:32","31 Jan 2026, 11:24","","Pull Up (Assisted)",,"",0,"normal",9,10,,,
"Strength","31 Jan 2026, 10:32","31 Jan 2026, 11:24","","Pull Up (Assisted)",,"",1,"normal",,8,,,
"Strength","31 Jan 2026, 10:32","31 Jan 2026, 11:24","","Pull Up (Assisted)",,"",2,"normal",,8,,,
"Strength","31 Jan 2026, 10:32","31 Jan 2026, 11:24","","Butterfly (Pec Deck)",,"",0,"normal",66,8,,,
"Strength","31 Jan 2026, 10:32","31 Jan 2026, 11:24","","Butterfly (Pec Deck)",,"",1,"normal",113,8,,,
"Strength","31 Jan 2026, 10:32","31 Jan 2026, 11:24","","Butterfly (Pec Deck)",,"",2,"normal",113,8,,,
"Strength","31 Jan 2026, 10:32","31 Jan 2026, 11:24","","Butterfly (Pec Deck)",,"",3,"normal",113,8,,,
"Strength","31 Jan 2026, 10:32","31 Jan 2026, 11:24","","Lat Pulldown (Cable)",,"",0,"normal",32,8,,,
"Strength","31 Jan 2026, 10:32","31 Jan 2026, 11:24","","Lat Pulldown (Cable)",,"",1,"normal",66,10,,,
"Strength","31 Jan 2026, 10:32","31 Jan 2026, 11:24","","Lat Pulldown (Cable)",,"",2,"normal",66,6,,,
"Strength","31 Jan 2026, 10:32","31 Jan 2026, 11:24","","Chest Press (Machine)",,"",0,"normal",45,8,,,
"Strength","31 Jan 2026, 10:32","31 Jan 2026, 11:24","","Chest Press (Machine)",,"",1,"normal",79,8,,,
"Strength","31 Jan 2026, 10:32","31 Jan 2026, 11:24","","Chest Press (Machine)",,"",2,"normal",79,7,,,
"Strength","31 Jan 2026, 10:32","31 Jan 2026, 11:24","","Leg Press Horizontal (Machine)",,"",0,"normal",52,10,,,
"Strength","31 Jan 2026, 10:32","31 Jan 2026, 11:24","","Leg Press Horizontal (Machine)",,"",1,"normal",107,8,,,
"Strength","31 Jan 2026, 10:32","31 Jan 2026, 11:24","","Leg Press Horizontal (Machine)",,"",2,"normal",113,10,,,
"Strength","31 Jan 2026, 10:32","31 Jan 2026, 11:24","","Leg Press Horizontal (Machine)",,"",3,"normal",113,10,,,
"Strength","31 Jan 2026, 10:32","31 Jan 2026, 11:24","","Seated Row (Machine)",,"",0,"normal",27,8,,,
"Strength","31 Jan 2026, 10:32","31 Jan 2026, 11:24","","Seated Row (Machine)",,"",1,"normal",36,8,,,
"Strength","31 Jan 2026, 10:32","31 Jan 2026, 11:24","","Seated Row (Machine)",,"",2,"normal",41,8,,,
"Strength","31 Jan 2026, 10:32","31 Jan 2026, 11:24","","Shoulder Press (Dumbbell)",,"",0,"normal",24,8,,,
"Strength","31 Jan 2026, 10:32","31 Jan 2026, 11:24","","Shoulder Press (Dumbbell)",,"",1,"normal",36,10,,,
"Strength","31 Jan 2026, 10:32","31 Jan 2026, 11:24","","Shoulder Press (Dumbbell)",,"",2,"normal",36,8,,,
"Strength","31 Jan 2026, 10:32","31 Jan 2026, 11:24","","Farmers Carry",,"",0,"normal",60,,,60,
"Strength","31 Jan 2026, 10:32","31 Jan 2026, 11:24","","Single leg sit-to-stand",,"",0,"normal",,8,,,
"Strength","31 Jan 2026, 10:32","31 Jan 2026, 11:24","","Single leg sit-to-stand",,"",1,"normal",,8,,,
"Strength","29 Jan 2026, 12:39","29 Jan 2026, 13:02","","Seated Row (Machine)",,"",0,"normal",23,8,,,
"Strength","29 Jan 2026, 12:39","29 Jan 2026, 13:02","","Seated Row (Machine)",,"",1,"normal",32,8,,,
"Strength","29 Jan 2026, 12:39","29 Jan 2026, 13:02","","Seated Row (Machine)",,"",2,"normal",36,8,,,
"Strength","29 Jan 2026, 12:39","29 Jan 2026, 13:02","","Seated Row (Machine)",,"",3,"normal",41,8,,,
"Strength","29 Jan 2026, 12:39","29 Jan 2026, 13:02","","Chest Press (Machine)",,"",0,"normal",45,10,,,
"Strength","29 Jan 2026, 12:39","29 Jan 2026, 13:02","","Chest Press (Machine)",,"",1,"normal",45,10,,,
"Strength","29 Jan 2026, 12:39","29 Jan 2026, 13:02","","Pull Up (Assisted)",,"",0,"normal",9,8,,,
"Strength","29 Jan 2026, 12:39","29 Jan 2026, 13:02","","Pull Up (Assisted)",,"",1,"normal",,5,,,
"Strength","29 Jan 2026, 12:39","29 Jan 2026, 13:02","","Pull Up (Assisted)",,"",2,"normal",,8,,,
"Strength","29 Jan 2026, 12:39","29 Jan 2026, 13:02","","Leg Press Horizontal (Machine)",,"",0,"normal",52,10,,,
"Strength","29 Jan 2026, 12:39","29 Jan 2026, 13:02","","Leg Press Horizontal (Machine)",,"",1,"normal",107,8,,,
"Strength","29 Jan 2026, 12:39","29 Jan 2026, 13:02","","Leg Press Horizontal (Machine)",,"",2,"normal",113,10,,,
"Strength","29 Jan 2026, 12:39","29 Jan 2026, 13:02","","Shoulder Press (Dumbbell)",,"",0,"normal",24,8,,,
"Strength","29 Jan 2026, 12:39","29 Jan 2026, 13:02","","Shoulder Press (Dumbbell)",,"",1,"normal",36,10,,,
"Strength","29 Jan 2026, 12:39","29 Jan 2026, 13:02","","Shoulder Press (Dumbbell)",,"",2,"normal",36,8,,,
"Abs","28 Jan 2026, 12:49","28 Jan 2026, 13:00","","Plank",,"",0,"normal",,,,70,
"Abs","28 Jan 2026, 12:49","28 Jan 2026, 13:00","","Side Plank",,"",0,"normal",,,,60,
"Abs","28 Jan 2026, 12:49","28 Jan 2026, 13:00","","Side Plank",,"",1,"normal",,,,60,
"Abs","28 Jan 2026, 12:49","28 Jan 2026, 13:00","","Reverse Crunch",,"",0,"normal",,20,,,
"Abs","28 Jan 2026, 12:49","28 Jan 2026, 13:00","","Reverse Crunch",,"",1,"normal",,20,,,
"Abs","28 Jan 2026, 12:49","28 Jan 2026, 13:00","","Superman",,"",0,"normal",,10,,,
"Abs","28 Jan 2026, 12:49","28 Jan 2026, 13:00","","Superman",,"",1,"normal",,10,,,
"Strength","27 Jan 2026, 20:35","27 Jan 2026, 21:11","","Lat Pulldown (Cable)",,"",0,"normal",32,8,,,
"Strength","27 Jan 2026, 20:35","27 Jan 2026, 21:11","","Lat Pulldown (Cable)",,"",1,"normal",66,8,,,
"Strength","27 Jan 2026, 20:35","27 Jan 2026, 21:11","","Lat Pulldown (Cable)",,"",2,"normal",66,8,,,
"Strength","27 Jan 2026, 20:35","27 Jan 2026, 21:11","","Butterfly (Pec Deck)",,"",0,"normal",66,8,,,
"Strength","27 Jan 2026, 20:35","27 Jan 2026, 21:11","","Butterfly (Pec Deck)",,"",1,"normal",113,8,,,
"Strength","27 Jan 2026, 20:35","27 Jan 2026, 21:11","","Butterfly (Pec Deck)",,"",2,"normal",113,8,,,
"Strength","27 Jan 2026, 20:35","27 Jan 2026, 21:11","","Seated Row (Machine)",,"",0,"normal",23,8,,,
"Strength","27 Jan 2026, 20:35","27 Jan 2026, 21:11","","Seated Row (Machine)",,"",1,"normal",32,8,,,
"Strength","27 Jan 2026, 20:35","27 Jan 2026, 21:11","","Seated Row (Machine)",,"",2,"normal",36,8,,,
"Strength","27 Jan 2026, 20:35","27 Jan 2026, 21:11","","Chest Press (Machine)",,"",0,"normal",45,8,,,
"Strength","27 Jan 2026, 20:35","27 Jan 2026, 21:11","","Chest Press (Machine)",,"",1,"normal",79,8,,,
"Strength","27 Jan 2026, 20:35","27 Jan 2026, 21:11","","Chest Press (Machine)",,"",2,"normal",79,10,,,
"Strength","27 Jan 2026, 20:35","27 Jan 2026, 21:11","","Single leg sit-to-stand",,"",0,"normal",,8,,,
"Strength","27 Jan 2026, 20:35","27 Jan 2026, 21:11","","Single leg sit-to-stand",,"",1,"normal",,8,,,
"Strength","27 Jan 2026, 20:35","27 Jan 2026, 21:11","","Leg Press Horizontal (Machine)",,"",0,"normal",52,10,,,
"Strength","27 Jan 2026, 20:35","27 Jan 2026, 21:11","","Leg Press Horizontal (Machine)",,"",1,"normal",107,8,,,
"Strength","27 Jan 2026, 20:35","27 Jan 2026, 21:11","","Leg Press Horizontal (Machine)",,"",2,"normal",107,10,,,
"Abs","26 Jan 2026, 21:23","26 Jan 2026, 21:35","","Plank",,"",0,"normal",,,,70,
"Abs","26 Jan 2026, 21:23","26 Jan 2026, 21:35","","Side Plank",,"",0,"normal",,,,60,
"Abs","26 Jan 2026, 21:23","26 Jan 2026, 21:35","","Side Plank",,"",1,"normal",,,,60,
"Abs","26 Jan 2026, 21:23","26 Jan 2026, 21:35","","Reverse Crunch",,"",0,"normal",,30,,,
"Abs","26 Jan 2026, 21:23","26 Jan 2026, 21:35","","Reverse Crunch",,"",1,"normal",,20,,,
"Abs","26 Jan 2026, 21:23","26 Jan 2026, 21:35","","Superman",,"",0,"normal",,10,,,
"Abs","26 Jan 2026, 21:23","26 Jan 2026, 21:35","","Superman",,"",1,"normal",,10,,,
"Abs","24 Jan 2026, 13:04","24 Jan 2026, 13:14","","Plank",,"",0,"normal",,,,60,
"Abs","24 Jan 2026, 13:04","24 Jan 2026, 13:14","","Side Plank",,"",0,"normal",,,,60,
"Abs","24 Jan 2026, 13:04","24 Jan 2026, 13:14","","Side Plank",,"",1,"normal",,,,60,
"Abs","24 Jan 2026, 13:04","24 Jan 2026, 13:14","","Reverse Crunch",,"",0,"normal",,20,,,
"Abs","24 Jan 2026, 13:04","24 Jan 2026, 13:14","","Reverse Crunch",,"",1,"normal",,20,,,
"Abs","24 Jan 2026, 13:04","24 Jan 2026, 13:14","","Superman",,"",0,"normal",,10,,,
"Abs","24 Jan 2026, 13:04","24 Jan 2026, 13:14","","Superman",,"",1,"normal",,10,,,
"Strength","24 Jan 2026, 12:18","24 Jan 2026, 12:57","","Pull Up (Assisted)",,"",0,"normal",9,8,,,
"Strength","24 Jan 2026, 12:18","24 Jan 2026, 12:57","","Pull Up (Assisted)",,"",1,"normal",,10,,,
"Strength","24 Jan 2026, 12:18","24 Jan 2026, 12:57","","Pull Up (Assisted)",,"",2,"normal",,8,,,
"Strength","24 Jan 2026, 12:18","24 Jan 2026, 12:57","","Chest Press (Machine)",,"",0,"normal",45,8,,,
"Strength","24 Jan 2026, 12:18","24 Jan 2026, 12:57","","Chest Press (Machine)",,"",1,"normal",79,8,,,
"Strength","24 Jan 2026, 12:18","24 Jan 2026, 12:57","","Chest Press (Machine)",,"",2,"normal",79,8,,,
"Strength","24 Jan 2026, 12:18","24 Jan 2026, 12:57","","Butterfly (Pec Deck)",,"",0,"normal",66,8,,,
"Strength","24 Jan 2026, 12:18","24 Jan 2026, 12:57","","Butterfly (Pec Deck)",,"",1,"normal",113,8,,,
"Strength","24 Jan 2026, 12:18","24 Jan 2026, 12:57","","Butterfly (Pec Deck)",,"",2,"normal",113,8,,,
"Strength","24 Jan 2026, 12:18","24 Jan 2026, 12:57","","Lat Pulldown (Cable)",,"",0,"normal",32,8,,,
"Strength","24 Jan 2026, 12:18","24 Jan 2026, 12:57","","Lat Pulldown (Cable)",,"",1,"normal",66,8,,,
"Strength","24 Jan 2026, 12:18","24 Jan 2026, 12:57","","Lat Pulldown (Cable)",,"",2,"normal",66,8,,,
"Strength","24 Jan 2026, 12:18","24 Jan 2026, 12:57","","Seated Row (Machine)",,"",0,"normal",18,8,,,
"Strength","24 Jan 2026, 12:18","24 Jan 2026, 12:57","","Seated Row (Machine)",,"",1,"normal",27,8,,,
"Strength","24 Jan 2026, 12:18","24 Jan 2026, 12:57","","Seated Row (Machine)",,"",2,"normal",32,8,,,
"Strength","24 Jan 2026, 12:18","24 Jan 2026, 12:57","","Single leg sit-to-stand",,"",0,"normal",,8,,,
"Strength","24 Jan 2026, 12:18","24 Jan 2026, 12:57","","Dead Hang",,"",0,"normal",,,,50,
"Strength","24 Jan 2026, 12:18","24 Jan 2026, 12:57","","Farmers Carry",,"",0,"normal",56,,,50,
"Strength","24 Jan 2026, 12:18","24 Jan 2026, 12:57","","Shoulder Press (Dumbbell)",,"",0,"normal",20,8,,,
"Strength","24 Jan 2026, 12:18","24 Jan 2026, 12:57","","Shoulder Press (Dumbbell)",,"",1,"normal",32,8,,,
"Strength","24 Jan 2026, 12:18","24 Jan 2026, 12:57","","Shoulder Press (Dumbbell)",,"",2,"normal",36,7,,,
"Abs","23 Jan 2026, 18:05","23 Jan 2026, 18:22","","Plank",,"",0,"normal",,,,70,
"Abs","23 Jan 2026, 18:05","23 Jan 2026, 18:22","","Side Plank",,"",0,"normal",,,,70,
"Abs","23 Jan 2026, 18:05","23 Jan 2026, 18:22","","Side Plank",,"",1,"normal",,,,70,
"Abs","23 Jan 2026, 18:05","23 Jan 2026, 18:22","","Reverse Crunch",,"",0,"normal",,30,,,
"Abs","23 Jan 2026, 18:05","23 Jan 2026, 18:22","","Reverse Crunch",,"",1,"normal",,20,,,
"Abs","23 Jan 2026, 18:05","23 Jan 2026, 18:22","","Reverse Crunch",,"",2,"normal",,20,,,
"Abs","23 Jan 2026, 18:05","23 Jan 2026, 18:22","","Superman",,"",0,"normal",,10,,,
"Abs","23 Jan 2026, 18:05","23 Jan 2026, 18:22","","Superman",,"",1,"normal",,10,,,
"Abs","23 Jan 2026, 18:05","23 Jan 2026, 18:22","","Superman",,"",2,"normal",,10,,,
"Strength","22 Jan 2026, 20:20","22 Jan 2026, 20:57","","Pull Up (Assisted)",,"",0,"normal",9,8,,,
"Strength","22 Jan 2026, 20:20","22 Jan 2026, 20:57","","Pull Up (Assisted)",,"",1,"normal",,8,,,
"Strength","22 Jan 2026, 20:20","22 Jan 2026, 20:57","","Pull Up (Assisted)",,"",2,"normal",,8,,,
"Strength","22 Jan 2026, 20:20","22 Jan 2026, 20:57","","Butterfly (Pec Deck)",,"",0,"normal",66,8,,,
"Strength","22 Jan 2026, 20:20","22 Jan 2026, 20:57","","Butterfly (Pec Deck)",,"",1,"normal",113,8,,,
"Strength","22 Jan 2026, 20:20","22 Jan 2026, 20:57","","Butterfly (Pec Deck)",,"",2,"normal",113,8,,,
"Strength","22 Jan 2026, 20:20","22 Jan 2026, 20:57","","Reverse Lunge (Dumbbell)",,"",0,"normal",,8,,,
"Strength","22 Jan 2026, 20:20","22 Jan 2026, 20:57","","Bulgarian Split Squat",,"",0,"normal",,8,,,
"Strength","22 Jan 2026, 20:20","22 Jan 2026, 20:57","","Bulgarian Split Squat",,"",1,"normal",10,8,,,
"Strength","22 Jan 2026, 20:20","22 Jan 2026, 20:57","","Bulgarian Split Squat",,"",2,"normal",15,8,,,
"Strength","22 Jan 2026, 20:20","22 Jan 2026, 20:57","","Lat Pulldown (Cable)",,"",0,"normal",32,8,,,
"Strength","22 Jan 2026, 20:20","22 Jan 2026, 20:57","","Lat Pulldown (Cable)",,"",1,"normal",66,8,,,
"Strength","22 Jan 2026, 20:20","22 Jan 2026, 20:57","","Lat Pulldown (Cable)",,"",2,"normal",66,8,,,
"Strength","22 Jan 2026, 20:20","22 Jan 2026, 20:57","","Chest Press (Machine)",,"",0,"normal",45,8,,,
"Strength","22 Jan 2026, 20:20","22 Jan 2026, 20:57","","Chest Press (Machine)",,"",1,"normal",79,8,,,
"Strength","22 Jan 2026, 20:20","22 Jan 2026, 20:57","","Chest Press (Machine)",,"",2,"normal",79,8,,,
"Strength","22 Jan 2026, 20:20","22 Jan 2026, 20:57","","Seated Row (Machine)",,"",0,"normal",18,8,,,
"Strength","22 Jan 2026, 20:20","22 Jan 2026, 20:57","","Seated Row (Machine)",,"",1,"normal",27,8,,,
"Strength","22 Jan 2026, 20:20","22 Jan 2026, 20:57","","Seated Row (Machine)",,"",2,"normal",32,8,,,
"Abs","19 Jan 2026, 16:48","19 Jan 2026, 17:08","","Reverse Crunch",,"",0,"normal",,8,,,
"Abs","19 Jan 2026, 16:48","19 Jan 2026, 17:08","","Reverse Crunch",,"",1,"normal",,8,,,
"Abs","19 Jan 2026, 16:48","19 Jan 2026, 17:08","","Reverse Crunch",,"",2,"normal",,8,,,
"Abs","19 Jan 2026, 16:48","19 Jan 2026, 17:08","","Reverse Crunch",,"",3,"normal",,8,,,
"Abs","19 Jan 2026, 16:48","19 Jan 2026, 17:08","","Plank",,"",0,"normal",,,,60,
"Abs","19 Jan 2026, 16:48","19 Jan 2026, 17:08","","Side Plank",,"",0,"normal",,,,70,
"Abs","19 Jan 2026, 16:48","19 Jan 2026, 17:08","","Side Plank",,"",1,"normal",,,,70,
"Abs","19 Jan 2026, 16:48","19 Jan 2026, 17:08","","Superman",,"",0,"normal",,10,,,
"Abs","19 Jan 2026, 16:48","19 Jan 2026, 17:08","","Superman",,"",1,"normal",,10,,,
"Strength","18 Jan 2026, 16:55","18 Jan 2026, 17:52","","Reverse Lunge (Dumbbell)",,"",0,"normal",,9,,,
"Strength","18 Jan 2026, 16:55","18 Jan 2026, 17:52","","Reverse Lunge (Dumbbell)",,"",1,"failure",,8,,,
"Strength","18 Jan 2026, 16:55","18 Jan 2026, 17:52","","Reverse Lunge (Dumbbell)",,"",2,"normal",15,8,,,
"Strength","18 Jan 2026, 16:55","18 Jan 2026, 17:52","","Reverse Lunge (Dumbbell)",,"",3,"normal",15,8,,,
"Strength","18 Jan 2026, 16:55","18 Jan 2026, 17:52","","Bulgarian Split Squat",,"",0,"normal",,8,,,
"Strength","18 Jan 2026, 16:55","18 Jan 2026, 17:52","","Bulgarian Split Squat",,"",1,"normal",10,8,,,
"Strength","18 Jan 2026, 16:55","18 Jan 2026, 17:52","","Bulgarian Split Squat",,"",2,"normal",15,8,,,
"Strength","18 Jan 2026, 16:55","18 Jan 2026, 17:52","","Pull Up (Assisted)",,"",0,"normal",9,8,,,
"Strength","18 Jan 2026, 16:55","18 Jan 2026, 17:52","","Pull Up (Assisted)",,"",1,"normal",,6,,,
"Strength","18 Jan 2026, 16:55","18 Jan 2026, 17:52","","Pull Up (Assisted)",,"",2,"normal",,6,,,
"Strength","18 Jan 2026, 16:55","18 Jan 2026, 17:52","","Pull Up (Assisted)",,"",3,"normal",,6,,,
"Strength","18 Jan 2026, 16:55","18 Jan 2026, 17:52","","Chest Press (Machine)",,"",0,"normal",45,8,,,
"Strength","18 Jan 2026, 16:55","18 Jan 2026, 17:52","","Chest Press (Machine)",,"",1,"normal",73,8,,,
"Strength","18 Jan 2026, 16:55","18 Jan 2026, 17:52","","Chest Press (Machine)",,"",2,"normal",79,8,,,
"Strength","18 Jan 2026, 16:55","18 Jan 2026, 17:52","","Chest Press (Machine)",,"",3,"normal",86,8,,,
"Strength","18 Jan 2026, 16:55","18 Jan 2026, 17:52","","Lat Pulldown (Cable)",,"",0,"normal",32,8,,,
"Strength","18 Jan 2026, 16:55","18 Jan 2026, 17:52","","Lat Pulldown (Cable)",,"",1,"normal",66,8,,,
"Strength","18 Jan 2026, 16:55","18 Jan 2026, 17:52","","Lat Pulldown (Cable)",,"",2,"normal",66,8,,,
"Strength","18 Jan 2026, 16:55","18 Jan 2026, 17:52","","Lat Pulldown (Cable)",,"",3,"normal",59,8,,,
"Strength","18 Jan 2026, 16:55","18 Jan 2026, 17:52","","Butterfly (Pec Deck)",,"",0,"normal",66,8,,,
"Strength","18 Jan 2026, 16:55","18 Jan 2026, 17:52","","Butterfly (Pec Deck)",,"",1,"normal",100,8,,,
"Strength","18 Jan 2026, 16:55","18 Jan 2026, 17:52","","Butterfly (Pec Deck)",,"",2,"normal",113,8,,,
"Strength","18 Jan 2026, 16:55","18 Jan 2026, 17:52","","Butterfly (Pec Deck)",,"",3,"normal",113,8,,,
"Strength","18 Jan 2026, 16:55","18 Jan 2026, 17:52","","Seated Row (Machine)",,"",0,"normal",18,8,,,
"Strength","18 Jan 2026, 16:55","18 Jan 2026, 17:52","","Seated Row (Machine)",,"",1,"normal",23,8,,,
"Strength","18 Jan 2026, 16:55","18 Jan 2026, 17:52","","Seated Row (Machine)",,"",2,"normal",27,8,,,
"Strength","18 Jan 2026, 16:55","18 Jan 2026, 17:52","","Seated Row (Machine)",,"",3,"normal",32,8,,,
"Abs","15 Jan 2026, 18:44","15 Jan 2026, 19:03","","Plank",,"",0,"normal",,,,60,
"Abs","15 Jan 2026, 18:44","15 Jan 2026, 19:03","","Side Plank",,"",0,"normal",,,,60,
"Abs","15 Jan 2026, 18:44","15 Jan 2026, 19:03","","Side Plank",,"",1,"normal",,,,60,
"Abs","15 Jan 2026, 18:44","15 Jan 2026, 19:03","","Crunch",,"",0,"normal",,30,,,
"Abs","15 Jan 2026, 18:44","15 Jan 2026, 19:03","","Crunch",,"",1,"normal",,20,,,
"Abs","15 Jan 2026, 18:44","15 Jan 2026, 19:03","","Crunch",,"",2,"normal",,20,,,
"Strength","14 Jan 2026, 12:36","14 Jan 2026, 13:16","","Pull Up (Assisted)",,"",0,"normal",9,8,,,
"Strength","14 Jan 2026, 12:36","14 Jan 2026, 13:16","","Pull Up (Assisted)",,"",1,"normal",,8,,,
"Strength","14 Jan 2026, 12:36","14 Jan 2026, 13:16","","Pull Up (Assisted)",,"",2,"normal",,6,,,
"Strength","14 Jan 2026, 12:36","14 Jan 2026, 13:16","","Pull Up (Assisted)",,"",3,"normal",,6,,,
"Strength","14 Jan 2026, 12:36","14 Jan 2026, 13:16","","Chest Press (Machine)",,"",0,"normal",45,8,,,
"Strength","14 Jan 2026, 12:36","14 Jan 2026, 13:16","","Chest Press (Machine)",,"",1,"normal",73,8,,,
"Strength","14 Jan 2026, 12:36","14 Jan 2026, 13:16","","Chest Press (Machine)",,"",2,"normal",79,8,,,
"Strength","14 Jan 2026, 12:36","14 Jan 2026, 13:16","","Chest Press (Machine)",,"",3,"normal",79,6,,,
"Strength","14 Jan 2026, 12:36","14 Jan 2026, 13:16","","Butterfly (Pec Deck)",,"",0,"normal",66,8,,,
"Strength","14 Jan 2026, 12:36","14 Jan 2026, 13:16","","Butterfly (Pec Deck)",,"",1,"normal",100,8,,,
"Strength","14 Jan 2026, 12:36","14 Jan 2026, 13:16","","Butterfly (Pec Deck)",,"",2,"normal",100,8,,,
"Strength","14 Jan 2026, 12:36","14 Jan 2026, 13:16","","Lat Pulldown (Cable)",,"",0,"normal",32,8,,,
"Strength","14 Jan 2026, 12:36","14 Jan 2026, 13:16","","Lat Pulldown (Cable)",,"",1,"normal",59,8,,,
"Strength","14 Jan 2026, 12:36","14 Jan 2026, 13:16","","Lat Pulldown (Cable)",,"",2,"normal",59,8,,,
"Strength","14 Jan 2026, 12:36","14 Jan 2026, 13:16","","Lat Pulldown (Cable)",,"",3,"normal",59,8,,,
"Strength","14 Jan 2026, 12:36","14 Jan 2026, 13:16","","Seated Row (Machine)",,"",0,"normal",18,8,,,
"Strength","14 Jan 2026, 12:36","14 Jan 2026, 13:16","","Seated Row (Machine)",,"",1,"normal",23,8,,,
"Strength","14 Jan 2026, 12:36","14 Jan 2026, 13:16","","Seated Row (Machine)",,"",2,"normal",23,8,,,
"Strength","14 Jan 2026, 12:36","14 Jan 2026, 13:16","","Seated Row (Machine)",,"",3,"normal",27,8,,,
"Strength","14 Jan 2026, 12:36","14 Jan 2026, 13:16","","Reverse Lunge (Dumbbell)",,"",0,"normal",,8,,,
"Strength","14 Jan 2026, 12:36","14 Jan 2026, 13:16","","Reverse Lunge (Dumbbell)",,"",1,"failure",,8,,,
"Strength","14 Jan 2026, 12:36","14 Jan 2026, 13:16","","Reverse Lunge (Dumbbell)",,"",2,"normal",15,8,,,
"Strength","14 Jan 2026, 12:36","14 Jan 2026, 13:16","","Reverse Lunge (Dumbbell)",,"",3,"normal",15,8,,,
"Abs","10 Jan 2026, 11:56","10 Jan 2026, 12:14","","Plank",,"",0,"normal",,,,80,
"Abs","10 Jan 2026, 11:56","10 Jan 2026, 12:14","","Side Plank",,"",0,"normal",,,,70,
"Abs","10 Jan 2026, 11:56","10 Jan 2026, 12:14","","Side Plank",,"",1,"normal",,,,71,
"Abs","10 Jan 2026, 11:56","10 Jan 2026, 12:14","","Crunch",,"",0,"normal",,30,,,
"Abs","10 Jan 2026, 11:56","10 Jan 2026, 12:14","","Crunch",,"",1,"normal",,20,,,
"Abs","10 Jan 2026, 11:56","10 Jan 2026, 12:14","","Crunch",,"",2,"normal",,20,,,
"Abs","10 Jan 2026, 11:56","10 Jan 2026, 12:14","","Superman",,"",0,"normal",,10,,,
"Abs","10 Jan 2026, 11:56","10 Jan 2026, 12:14","","Superman",,"",1,"normal",,10,,,
"Abs","10 Jan 2026, 11:56","10 Jan 2026, 12:14","","Superman",,"",2,"normal",,10,,,
"Strength","9 Jan 2026, 12:59","9 Jan 2026, 13:40","","Butterfly (Pec Deck)",,"",0,"normal",66,8,,,
"Strength","9 Jan 2026, 12:59","9 Jan 2026, 13:40","","Butterfly (Pec Deck)",,"",1,"normal",93,8,,,
"Strength","9 Jan 2026, 12:59","9 Jan 2026, 13:40","","Butterfly (Pec Deck)",,"",2,"normal",107,8,,,
"Strength","9 Jan 2026, 12:59","9 Jan 2026, 13:40","","Butterfly (Pec Deck)",,"",3,"normal",107,8,,,
"Strength","9 Jan 2026, 12:59","9 Jan 2026, 13:40","","Pull Up (Assisted)",,"",0,"normal",9,8,,,
"Strength","9 Jan 2026, 12:59","9 Jan 2026, 13:40","","Pull Up (Assisted)",,"",1,"normal",,6,,,
"Strength","9 Jan 2026, 12:59","9 Jan 2026, 13:40","","Pull Up (Assisted)",,"",2,"normal",,6,,,
"Strength","9 Jan 2026, 12:59","9 Jan 2026, 13:40","","Chest Press (Machine)",,"",0,"normal",45,8,,,
"Strength","9 Jan 2026, 12:59","9 Jan 2026, 13:40","","Chest Press (Machine)",,"",1,"normal",73,8,,,
"Strength","9 Jan 2026, 12:59","9 Jan 2026, 13:40","","Chest Press (Machine)",,"",2,"normal",73,8,,,
"Strength","9 Jan 2026, 12:59","9 Jan 2026, 13:40","","Chest Press (Machine)",,"",3,"normal",73,6,,,
"Strength","9 Jan 2026, 12:59","9 Jan 2026, 13:40","","Lat Pulldown (Cable)",,"",0,"normal",32,8,,,
"Strength","9 Jan 2026, 12:59","9 Jan 2026, 13:40","","Lat Pulldown (Cable)",,"",1,"normal",59,8,,,
"Strength","9 Jan 2026, 12:59","9 Jan 2026, 13:40","","Lat Pulldown (Cable)",,"",2,"normal",59,8,,,
"Strength","9 Jan 2026, 12:59","9 Jan 2026, 13:40","","Seated Row (Machine)",,"",0,"normal",23,8,,,
"Strength","9 Jan 2026, 12:59","9 Jan 2026, 13:40","","Seated Row (Machine)",,"",1,"normal",36,8,,,
"Strength","9 Jan 2026, 12:59","9 Jan 2026, 13:40","","Seated Row (Machine)",,"",2,"normal",23,8,,,
"Strength","9 Jan 2026, 12:59","9 Jan 2026, 13:40","","Leg Press Horizontal (Machine)",,"",0,"normal",45,8,,,
"Strength","9 Jan 2026, 12:59","9 Jan 2026, 13:40","","Reverse Lunge (Dumbbell)",,"",0,"normal",,8,,,
"Strength","9 Jan 2026, 12:59","9 Jan 2026, 13:40","","Reverse Lunge (Dumbbell)",,"",1,"failure",,8,,,
"Strength","9 Jan 2026, 12:59","9 Jan 2026, 13:40","","Reverse Lunge (Dumbbell)",,"",2,"normal",14,8,,,
"Strength","9 Jan 2026, 12:59","9 Jan 2026, 13:40","","Reverse Lunge (Dumbbell)",,"",3,"normal",14,8,,,
"Strength","3 Jan 2026, 11:10","3 Jan 2026, 11:51","","Pull Up (Assisted)",,"",0,"normal",9,8,,,
"Strength","3 Jan 2026, 11:10","3 Jan 2026, 11:51","","Pull Up (Assisted)",,"",1,"normal",,8,,,
"Strength","3 Jan 2026, 11:10","3 Jan 2026, 11:51","","Pull Up (Assisted)",,"",2,"normal",,6,,,
"Strength","3 Jan 2026, 11:10","3 Jan 2026, 11:51","","Pull Up (Assisted)",,"",3,"normal",,6,,,
"Strength","3 Jan 2026, 11:10","3 Jan 2026, 11:51","","Butterfly (Pec Deck)",,"",0,"normal",66,8,,,
"Strength","3 Jan 2026, 11:10","3 Jan 2026, 11:51","","Butterfly (Pec Deck)",,"",1,"normal",93,8,,,
"Strength","3 Jan 2026, 11:10","3 Jan 2026, 11:51","","Butterfly (Pec Deck)",,"",2,"normal",107,8,,,
"Strength","3 Jan 2026, 11:10","3 Jan 2026, 11:51","","Butterfly (Pec Deck)",,"",3,"normal",107,8,,,
"Strength","3 Jan 2026, 11:10","3 Jan 2026, 11:51","","Lat Pulldown (Cable)",,"",0,"normal",32,8,,,
"Strength","3 Jan 2026, 11:10","3 Jan 2026, 11:51","","Lat Pulldown (Cable)",,"",1,"normal",59,8,,,
"Strength","3 Jan 2026, 11:10","3 Jan 2026, 11:51","","Lat Pulldown (Cable)",,"",2,"normal",59,8,,,
"Strength","3 Jan 2026, 11:10","3 Jan 2026, 11:51","","Lat Pulldown (Cable)",,"",3,"normal",59,8,,,
"Strength","3 Jan 2026, 11:10","3 Jan 2026, 11:51","","Chest Press (Machine)",,"",0,"normal",45,8,,,
"Strength","3 Jan 2026, 11:10","3 Jan 2026, 11:51","","Chest Press (Machine)",,"",1,"normal",73,8,,,
"Strength","3 Jan 2026, 11:10","3 Jan 2026, 11:51","","Chest Press (Machine)",,"",2,"normal",79,8,,,
"Strength","3 Jan 2026, 11:10","3 Jan 2026, 11:51","","Chest Press (Machine)",,"",3,"normal",79,6,,,
"Strength","3 Jan 2026, 11:10","3 Jan 2026, 11:51","","Dead Hang",,"",0,"normal",,,,60,
"Strength","3 Jan 2026, 11:10","3 Jan 2026, 11:51","","Seated Row (Machine)",,"",0,"normal",18,8,,,
"Strength","3 Jan 2026, 11:10","3 Jan 2026, 11:51","","Seated Row (Machine)",,"",1,"normal",27,8,,,
"Strength","3 Jan 2026, 11:10","3 Jan 2026, 11:51","","Seated Row (Machine)",,"",2,"normal",27,8,,,
"Strength","3 Jan 2026, 11:10","3 Jan 2026, 11:51","","Seated Row (Machine)",,"",3,"normal",27,8,,,
"Strength","2 Jan 2026, 16:42","2 Jan 2026, 16:52","","Reverse Lunge (Dumbbell)",,"",0,"normal",,8,,,
"Strength","2 Jan 2026, 16:42","2 Jan 2026, 16:52","","Reverse Lunge (Dumbbell)",,"",1,"failure",,8,,,
"Strength","2 Jan 2026, 16:42","2 Jan 2026, 16:52","","Reverse Lunge (Dumbbell)",,"",2,"normal",10,8,,,
"Strength","2 Jan 2026, 16:42","2 Jan 2026, 16:52","","Reverse Lunge (Dumbbell)",,"",3,"normal",15,8,,,
"Abs","1 Jan 2026, 14:00","1 Jan 2026, 14:13","","Plank",,"",0,"normal",,,,60,
"Abs","1 Jan 2026, 14:00","1 Jan 2026, 14:13","","Side Plank",,"",0,"normal",,,,60,
"Abs","1 Jan 2026, 14:00","1 Jan 2026, 14:13","","Side Plank",,"",1,"normal",,,,60,
"Abs","1 Jan 2026, 14:00","1 Jan 2026, 14:13","","Crunch",,"",0,"normal",,30,,,
"Abs","1 Jan 2026, 14:00","1 Jan 2026, 14:13","","Crunch",,"",1,"normal",,20,,,
"Abs","1 Jan 2026, 14:00","1 Jan 2026, 14:13","","Crunch",,"",2,"normal",,20,,,
"Strength","1 Jan 2026, 13:19","1 Jan 2026, 13:56","","Lat Pulldown (Cable)",,"",0,"normal",32,8,,,
"Strength","1 Jan 2026, 13:19","1 Jan 2026, 13:56","","Lat Pulldown (Cable)",,"",1,"normal",59,8,,,
"Strength","1 Jan 2026, 13:19","1 Jan 2026, 13:56","","Lat Pulldown (Cable)",,"",2,"normal",59,8,,,
"Strength","1 Jan 2026, 13:19","1 Jan 2026, 13:56","","Lat Pulldown (Cable)",,"",3,"normal",59,8,,,
"Strength","1 Jan 2026, 13:19","1 Jan 2026, 13:56","","Butterfly (Pec Deck)",,"",0,"normal",66,8,,,
"Strength","1 Jan 2026, 13:19","1 Jan 2026, 13:56","","Butterfly (Pec Deck)",,"",1,"normal",86,8,,,
"Strength","1 Jan 2026, 13:19","1 Jan 2026, 13:56","","Seated Row (Machine)",,"",0,"normal",32,8,,,
"Strength","1 Jan 2026, 13:19","1 Jan 2026, 13:56","","Seated Row (Machine)",,"",1,"normal",59,8,,,
"Strength","1 Jan 2026, 13:19","1 Jan 2026, 13:56","","Seated Row (Machine)",,"",2,"normal",59,8,,,
"Strength","1 Jan 2026, 13:19","1 Jan 2026, 13:56","","Seated Row (Machine)",,"",3,"normal",59,8,,,
"Strength","1 Jan 2026, 13:19","1 Jan 2026, 13:56","","Chest Press (Machine)",,"",0,"normal",45,8,,,
"Strength","1 Jan 2026, 13:19","1 Jan 2026, 13:56","","Chest Press (Machine)",,"",1,"normal",66,8,,,
"Strength","1 Jan 2026, 13:19","1 Jan 2026, 13:56","","Chest Press (Machine)",,"",2,"normal",73,8,,,
"Strength","1 Jan 2026, 13:19","1 Jan 2026, 13:56","","Chest Press (Machine)",,"",3,"normal",79,8,,,
"Strength","1 Jan 2026, 13:19","1 Jan 2026, 13:56","","Dead Hang",,"",0,"normal",,,,60,
"Strength","1 Jan 2026, 13:19","1 Jan 2026, 13:56","","Shoulder Press (Dumbbell)",,"",0,"normal",20,8,,,
"Strength","1 Jan 2026, 13:19","1 Jan 2026, 13:56","","Shoulder Press (Dumbbell)",,"",1,"normal",32,8,,,
"Strength","1 Jan 2026, 13:19","1 Jan 2026, 13:56","","Shoulder Press (Dumbbell)",,"",2,"normal",32,7,,,
"Strength","1 Jan 2026, 13:19","1 Jan 2026, 13:56","","Farmers Carry",,"",0,"normal",52,,,60,
"Strength","30 Dec 2025, 13:27","30 Dec 2025, 14:08","","Pull Up (Assisted)",,"",0,"normal",9,8,,,
"Strength","30 Dec 2025, 13:27","30 Dec 2025, 14:08","","Pull Up (Assisted)",,"",1,"normal",9,8,,,
"Strength","30 Dec 2025, 13:27","30 Dec 2025, 14:08","","Pull Up (Assisted)",,"",2,"normal",,6,,,
"Strength","30 Dec 2025, 13:27","30 Dec 2025, 14:08","","Chest Press (Machine)",,"",0,"normal",45,8,,,
"Strength","30 Dec 2025, 13:27","30 Dec 2025, 14:08","","Chest Press (Machine)",,"",1,"normal",66,8,,,
"Strength","30 Dec 2025, 13:27","30 Dec 2025, 14:08","","Chest Press (Machine)",,"",2,"normal",66,8,,,
"Strength","30 Dec 2025, 13:27","30 Dec 2025, 14:08","","Chest Press (Machine)",,"",3,"normal",73,8,,,
"Strength","30 Dec 2025, 13:27","30 Dec 2025, 14:08","","Lat Pulldown (Cable)",,"",0,"normal",32,8,,,
"Strength","30 Dec 2025, 13:27","30 Dec 2025, 14:08","","Lat Pulldown (Cable)",,"",1,"normal",59,8,,,
"Strength","30 Dec 2025, 13:27","30 Dec 2025, 14:08","","Lat Pulldown (Cable)",,"",2,"normal",59,8,,,
"Strength","30 Dec 2025, 13:27","30 Dec 2025, 14:08","","Lat Pulldown (Cable)",,"",3,"normal",59,8,,,
"Strength","30 Dec 2025, 13:27","30 Dec 2025, 14:08","","Butterfly (Pec Deck)",,"",0,"normal",66,8,,,
"Strength","30 Dec 2025, 13:27","30 Dec 2025, 14:08","","Butterfly (Pec Deck)",,"",1,"normal",86,8,,,
"Strength","30 Dec 2025, 13:27","30 Dec 2025, 14:08","","Butterfly (Pec Deck)",,"",2,"normal",86,8,,,
"Strength","30 Dec 2025, 13:27","30 Dec 2025, 14:08","","Leg Press Horizontal (Machine)",,"",0,"normal",59,8,,,
"Strength","30 Dec 2025, 13:27","30 Dec 2025, 14:08","","Leg Press Horizontal (Machine)",,"",1,"normal",107,8,,,
"Strength","30 Dec 2025, 13:27","30 Dec 2025, 14:08","","Leg Press Horizontal (Machine)",,"",2,"normal",107,8,,,
"Strength","30 Dec 2025, 13:27","30 Dec 2025, 14:08","","Leg Press Horizontal (Machine)",,"",3,"normal",107,8,,,
"Strength","30 Dec 2025, 13:27","30 Dec 2025, 14:08","","Seated Row (Machine)",,"",0,"normal",32,8,,,
"Strength","30 Dec 2025, 13:27","30 Dec 2025, 14:08","","Seated Row (Machine)",,"",1,"normal",59,8,,,
"Strength","30 Dec 2025, 13:27","30 Dec 2025, 14:08","","Seated Row (Machine)",,"",2,"normal",45,8,,,
"Strength","30 Dec 2025, 13:27","30 Dec 2025, 14:08","","Reverse Lunge (Dumbbell)",,"",0,"normal",,8,,,
"Strength","30 Dec 2025, 13:27","30 Dec 2025, 14:08","","Reverse Lunge (Dumbbell)",,"",1,"failure",,8,,,
"Strength","30 Dec 2025, 13:27","30 Dec 2025, 14:08","","Reverse Lunge (Dumbbell)",,"",2,"normal",,8,,,
"Strength","21 Dec 2025, 13:09","21 Dec 2025, 13:50","","Pull Up (Assisted)",,"",0,"normal",9,8,,,
"Strength","21 Dec 2025, 13:09","21 Dec 2025, 13:50","","Pull Up (Assisted)",,"",1,"normal",,8,,,
"Strength","21 Dec 2025, 13:09","21 Dec 2025, 13:50","","Pull Up (Assisted)",,"",2,"normal",,8,,,
"Strength","21 Dec 2025, 13:09","21 Dec 2025, 13:50","","Butterfly (Pec Deck)",,"",0,"normal",66,8,,,
"Strength","21 Dec 2025, 13:09","21 Dec 2025, 13:50","","Butterfly (Pec Deck)",,"",1,"normal",93,8,,,
"Strength","21 Dec 2025, 13:09","21 Dec 2025, 13:50","","Butterfly (Pec Deck)",,"",2,"normal",113,8,,,
"Strength","21 Dec 2025, 13:09","21 Dec 2025, 13:50","","Butterfly (Pec Deck)",,"",3,"normal",113,8,,,
"Strength","21 Dec 2025, 13:09","21 Dec 2025, 13:50","","Lat Pulldown (Cable)",,"",0,"normal",32,8,,,
"Strength","21 Dec 2025, 13:09","21 Dec 2025, 13:50","","Lat Pulldown (Cable)",,"",1,"normal",59,8,,,
"Strength","21 Dec 2025, 13:09","21 Dec 2025, 13:50","","Lat Pulldown (Cable)",,"",2,"normal",59,8,,,
"Strength","21 Dec 2025, 13:09","21 Dec 2025, 13:50","","Leg Press Horizontal (Machine)",,"",0,"normal",59,8,,,
"Strength","21 Dec 2025, 13:09","21 Dec 2025, 13:50","","Leg Press Horizontal (Machine)",,"",1,"normal",107,8,,,
"Strength","21 Dec 2025, 13:09","21 Dec 2025, 13:50","","Leg Press Horizontal (Machine)",,"",2,"normal",107,8,,,
"Strength","21 Dec 2025, 13:09","21 Dec 2025, 13:50","","Leg Press Horizontal (Machine)",,"",3,"normal",107,8,,,
"Strength","21 Dec 2025, 13:09","21 Dec 2025, 13:50","","Chest Press (Machine)",,"",0,"normal",45,8,,,
"Strength","21 Dec 2025, 13:09","21 Dec 2025, 13:50","","Chest Press (Machine)",,"",1,"normal",79,8,,,
"Strength","21 Dec 2025, 13:09","21 Dec 2025, 13:50","","Chest Press (Machine)",,"",2,"normal",79,6,,,
"Strength","21 Dec 2025, 13:09","21 Dec 2025, 13:50","","Single leg sit-to-stand",,"",0,"normal",,8,,,
"Strength","21 Dec 2025, 13:09","21 Dec 2025, 13:50","","Single leg sit-to-stand",,"",1,"normal",,8,,,
"Abs","14 Dec 2025, 13:13","14 Dec 2025, 13:29","","Plank",,"",0,"normal",,,,60,
"Abs","14 Dec 2025, 13:13","14 Dec 2025, 13:29","","Side Plank",,"",0,"normal",,,,60,
"Abs","14 Dec 2025, 13:13","14 Dec 2025, 13:29","","Side Plank",,"",1,"normal",,,,60,
"Abs","14 Dec 2025, 13:13","14 Dec 2025, 13:29","","Crunch",,"",0,"normal",,30,,,
"Abs","14 Dec 2025, 13:13","14 Dec 2025, 13:29","","Crunch",,"",1,"normal",,20,,,
"Abs","14 Dec 2025, 13:13","14 Dec 2025, 13:29","","Crunch",,"",2,"normal",,20,,,
"Abs","14 Dec 2025, 13:13","14 Dec 2025, 13:29","","Superman",,"",0,"normal",,10,,,
"Abs","14 Dec 2025, 13:13","14 Dec 2025, 13:29","","Superman",,"",1,"normal",,10,,,
"Abs","14 Dec 2025, 13:13","14 Dec 2025, 13:29","","Superman",,"",2,"normal",,10,,,
"Puregym","13 Dec 2025, 10:20","13 Dec 2025, 11:16","","Pull Up (Assisted)",,"",0,"normal",9,8,,,
"Puregym","13 Dec 2025, 10:20","13 Dec 2025, 11:16","","Pull Up (Assisted)",,"",1,"normal",,8,,,
"Puregym","13 Dec 2025, 10:20","13 Dec 2025, 11:16","","Pull Up (Assisted)",,"",2,"normal",,8,,,
"Puregym","13 Dec 2025, 10:20","13 Dec 2025, 11:16","","Pull Up (Assisted)",,"",3,"normal",,6,,,
"Puregym","13 Dec 2025, 10:20","13 Dec 2025, 11:16","","Chest Press (Machine)",,"",0,"normal",45,8,,,
"Puregym","13 Dec 2025, 10:20","13 Dec 2025, 11:16","","Chest Press (Machine)",,"",1,"normal",79,8,,,
"Puregym","13 Dec 2025, 10:20","13 Dec 2025, 11:16","","Chest Press (Machine)",,"",2,"normal",86,6,,,
"Puregym","13 Dec 2025, 10:20","13 Dec 2025, 11:16","","Chest Press (Machine)",,"",3,"normal",79,8,,,
"Puregym","13 Dec 2025, 10:20","13 Dec 2025, 11:16","","Lat Pulldown (Cable)",,"",0,"normal",32,8,,,
"Puregym","13 Dec 2025, 10:20","13 Dec 2025, 11:16","","Lat Pulldown (Cable)",,"",1,"normal",66,8,,,
"Puregym","13 Dec 2025, 10:20","13 Dec 2025, 11:16","","Lat Pulldown (Cable)",,"",2,"normal",66,8,,,
"Puregym","13 Dec 2025, 10:20","13 Dec 2025, 11:16","","Lat Pulldown (Cable)",,"",3,"normal",59,8,,,
"Puregym","13 Dec 2025, 10:20","13 Dec 2025, 11:16","","Leg Press Horizontal (Machine)",,"",0,"normal",52,8,,,
"Puregym","13 Dec 2025, 10:20","13 Dec 2025, 11:16","","Leg Press Horizontal (Machine)",,"",1,"normal",107,8,,,
"Puregym","13 Dec 2025, 10:20","13 Dec 2025, 11:16","","Leg Press Horizontal (Machine)",,"",2,"normal",107,8,,,
"Puregym","13 Dec 2025, 10:20","13 Dec 2025, 11:16","","Leg Press Horizontal (Machine)",,"",3,"normal",113,8,,,
"Puregym","13 Dec 2025, 10:20","13 Dec 2025, 11:16","","Butterfly (Pec Deck)",,"",0,"normal",66,8,,,
"Puregym","13 Dec 2025, 10:20","13 Dec 2025, 11:16","","Butterfly (Pec Deck)",,"",1,"normal",113,8,,,
"Puregym","13 Dec 2025, 10:20","13 Dec 2025, 11:16","","Butterfly (Pec Deck)",,"",2,"normal",113,8,,,
"Puregym","13 Dec 2025, 10:20","13 Dec 2025, 11:16","","Butterfly (Pec Deck)",,"",3,"normal",113,8,,,
"Puregym","13 Dec 2025, 10:20","13 Dec 2025, 11:16","","Seated Row (Machine)",,"",0,"normal",32,8,,,
"Puregym","13 Dec 2025, 10:20","13 Dec 2025, 11:16","","Seated Row (Machine)",,"",1,"normal",59,8,,,
"Puregym","13 Dec 2025, 10:20","13 Dec 2025, 11:16","","Seated Row (Machine)",,"",2,"normal",59,8,,,
"Puregym","13 Dec 2025, 10:20","13 Dec 2025, 11:16","","Seated Row (Machine)",,"",3,"normal",59,8,,,
"Puregym","13 Dec 2025, 10:20","13 Dec 2025, 11:16","","Single leg sit-to-stand",,"",0,"normal",,8,,,
"Puregym","13 Dec 2025, 10:20","13 Dec 2025, 11:16","","Single leg sit-to-stand",,"",1,"normal",,8,,,
"Abs","10 Dec 2025, 21:40","10 Dec 2025, 21:55","","Plank",,"",0,"normal",,,,61,
"Abs","10 Dec 2025, 21:40","10 Dec 2025, 21:55","","Side Plank",,"",0,"normal",,,,60,
"Abs","10 Dec 2025, 21:40","10 Dec 2025, 21:55","","Side Plank",,"",1,"normal",,,,60,
"Abs","10 Dec 2025, 21:40","10 Dec 2025, 21:55","","Crunch",,"",0,"normal",,30,,,
"Abs","10 Dec 2025, 21:40","10 Dec 2025, 21:55","","Crunch",,"",1,"normal",,20,,,
"Abs","10 Dec 2025, 21:40","10 Dec 2025, 21:55","","Crunch",,"",2,"normal",,20,,,
"Abs","10 Dec 2025, 21:40","10 Dec 2025, 21:55","","Superman",,"",0,"normal",,10,,,
"Abs","10 Dec 2025, 21:40","10 Dec 2025, 21:55","","Superman",,"",1,"normal",,10,,,
"Abs","10 Dec 2025, 21:40","10 Dec 2025, 21:55","","Superman",,"",2,"normal",,10,,,
"Puregym","9 Dec 2025, 20:12","9 Dec 2025, 20:52","","Lat Pulldown (Cable)",,"",0,"normal",32,8,,,
"Puregym","9 Dec 2025, 20:12","9 Dec 2025, 20:52","","Lat Pulldown (Cable)",,"",1,"normal",66,8,,,
"Puregym","9 Dec 2025, 20:12","9 Dec 2025, 20:52","","Lat Pulldown (Cable)",,"",2,"normal",66,8,,,
"Puregym","9 Dec 2025, 20:12","9 Dec 2025, 20:52","","Lat Pulldown (Cable)",,"",3,"normal",66,8,,,
"Puregym","9 Dec 2025, 20:12","9 Dec 2025, 20:52","","Chest Press (Machine)",,"",0,"normal",45,8,,,
"Puregym","9 Dec 2025, 20:12","9 Dec 2025, 20:52","","Chest Press (Machine)",,"",1,"normal",79,8,,,
"Puregym","9 Dec 2025, 20:12","9 Dec 2025, 20:52","","Chest Press (Machine)",,"",2,"normal",86,8,,,
"Puregym","9 Dec 2025, 20:12","9 Dec 2025, 20:52","","Pull Up (Assisted)",,"",0,"normal",9,6,,,
"Puregym","9 Dec 2025, 20:12","9 Dec 2025, 20:52","","Pull Up (Assisted)",,"",1,"normal",,6,,,
"Puregym","9 Dec 2025, 20:12","9 Dec 2025, 20:52","","Pull Up (Assisted)",,"",2,"normal",,5,,,
"Puregym","9 Dec 2025, 20:12","9 Dec 2025, 20:52","","Leg Press Horizontal (Machine)",,"",0,"normal",57,8,,,
"Puregym","9 Dec 2025, 20:12","9 Dec 2025, 20:52","","Leg Press Horizontal (Machine)",,"",1,"normal",107,8,,,
"Puregym","9 Dec 2025, 20:12","9 Dec 2025, 20:52","","Leg Press Horizontal (Machine)",,"",2,"normal",107,8,,,
"Puregym","9 Dec 2025, 20:12","9 Dec 2025, 20:52","","Leg Press Horizontal (Machine)",,"",3,"normal",107,8,,,
"Puregym","9 Dec 2025, 20:12","9 Dec 2025, 20:52","","Seated Row (Machine)",,"",0,"normal",32,8,,,
"Puregym","9 Dec 2025, 20:12","9 Dec 2025, 20:52","","Seated Row (Machine)",,"",1,"normal",59,8,,,
"Puregym","9 Dec 2025, 20:12","9 Dec 2025, 20:52","","Seated Row (Machine)",,"",2,"normal",59,8,,,
"Puregym","9 Dec 2025, 20:12","9 Dec 2025, 20:52","","Seated Row (Machine)",,"",3,"normal",59,8,,,
"Puregym","7 Dec 2025, 10:47","7 Dec 2025, 11:45","","Butterfly (Pec Deck)",,"",0,"normal",66,8,,,
"Puregym","7 Dec 2025, 10:47","7 Dec 2025, 11:45","","Butterfly (Pec Deck)",,"",1,"normal",113,8,,,
"Puregym","7 Dec 2025, 10:47","7 Dec 2025, 11:45","","Butterfly (Pec Deck)",,"",2,"normal",113,8,,,
"Puregym","7 Dec 2025, 10:47","7 Dec 2025, 11:45","","Butterfly (Pec Deck)",,"",3,"normal",113,8,,,
"Puregym","7 Dec 2025, 10:47","7 Dec 2025, 11:45","","Pull Up (Assisted)",,"",0,"normal",9,6,,,
"Puregym","7 Dec 2025, 10:47","7 Dec 2025, 11:45","","Pull Up (Assisted)",,"",1,"normal",,6,,,
"Puregym","7 Dec 2025, 10:47","7 Dec 2025, 11:45","","Pull Up (Assisted)",,"",2,"normal",,5,,,
"Puregym","7 Dec 2025, 10:47","7 Dec 2025, 11:45","","Leg Press Horizontal (Machine)",,"",0,"normal",52,8,,,
"Puregym","7 Dec 2025, 10:47","7 Dec 2025, 11:45","","Leg Press Horizontal (Machine)",,"",1,"normal",107,8,,,
"Puregym","7 Dec 2025, 10:47","7 Dec 2025, 11:45","","Leg Press Horizontal (Machine)",,"",2,"normal",107,8,,,
"Puregym","7 Dec 2025, 10:47","7 Dec 2025, 11:45","","Leg Press Horizontal (Machine)",,"",3,"normal",107,8,,,
"Puregym","7 Dec 2025, 10:47","7 Dec 2025, 11:45","","Lat Pulldown (Cable)",,"",0,"normal",32,8,,,
"Puregym","7 Dec 2025, 10:47","7 Dec 2025, 11:45","","Lat Pulldown (Cable)",,"",1,"normal",59,8,,,
"Puregym","7 Dec 2025, 10:47","7 Dec 2025, 11:45","","Lat Pulldown (Cable)",,"",2,"normal",66,8,,,
"Puregym","7 Dec 2025, 10:47","7 Dec 2025, 11:45","","Lat Pulldown (Cable)",,"",3,"normal",66,8,,,
"Puregym","7 Dec 2025, 10:47","7 Dec 2025, 11:45","","Chest Press (Machine)",,"",0,"normal",45,8,,,
"Puregym","7 Dec 2025, 10:47","7 Dec 2025, 11:45","","Chest Press (Machine)",,"",1,"normal",79,8,,,
"Puregym","7 Dec 2025, 10:47","7 Dec 2025, 11:45","","Chest Press (Machine)",,"",2,"normal",86,8,,,
"Puregym","7 Dec 2025, 10:47","7 Dec 2025, 11:45","","Chest Press (Machine)",,"",3,"normal",86,6,,,
"Puregym","7 Dec 2025, 10:47","7 Dec 2025, 11:45","","Seated Row (Machine)",,"",0,"normal",32,8,,,
"Puregym","7 Dec 2025, 10:47","7 Dec 2025, 11:45","","Seated Row (Machine)",,"",1,"normal",59,8,,,
"Puregym","7 Dec 2025, 10:47","7 Dec 2025, 11:45","","Seated Row (Machine)",,"",2,"normal",59,8,,,
"Puregym","7 Dec 2025, 10:47","7 Dec 2025, 11:45","","Seated Row (Machine)",,"",3,"normal",66,8,,,
"Puregym","7 Dec 2025, 10:47","7 Dec 2025, 11:45","","Reverse Lunge (Dumbbell)",,"",0,"failure",,4,,,
"Puregym","7 Dec 2025, 10:47","7 Dec 2025, 11:45","","Single leg sit-to-stand",,"",0,"normal",,8,,,
"Abs","6 Dec 2025, 13:42","6 Dec 2025, 13:49","","Plank",,"",0,"normal",,,,60,
"Abs","6 Dec 2025, 13:42","6 Dec 2025, 13:49","","Side Plank",,"",0,"normal",,,,60,
"Abs","6 Dec 2025, 13:42","6 Dec 2025, 13:49","","Side Plank",,"",1,"normal",,,,60,
"Abs","5 Dec 2025, 18:14","5 Dec 2025, 18:31","","Plank",,"",0,"normal",,,,90,
"Abs","5 Dec 2025, 18:14","5 Dec 2025, 18:31","","Side Plank",,"",0,"normal",,,,60,
"Abs","5 Dec 2025, 18:14","5 Dec 2025, 18:31","","Side Plank",,"",1,"normal",,,,61,
"Abs","5 Dec 2025, 18:14","5 Dec 2025, 18:31","","Crunch",,"",0,"normal",,30,,,
"Abs","5 Dec 2025, 18:14","5 Dec 2025, 18:31","","Crunch",,"",1,"normal",,20,,,
"Abs","5 Dec 2025, 18:14","5 Dec 2025, 18:31","","Crunch",,"",2,"normal",,20,,,
"Abs","5 Dec 2025, 18:14","5 Dec 2025, 18:31","","Superman",,"",0,"normal",,10,,,
"Abs","5 Dec 2025, 18:14","5 Dec 2025, 18:31","","Superman",,"",1,"normal",,10,,,
"Abs","5 Dec 2025, 18:14","5 Dec 2025, 18:31","","Superman",,"",2,"normal",,10,,,
"Puregym","5 Dec 2025, 12:31","5 Dec 2025, 13:05","","Butterfly (Pec Deck)",,"",0,"normal",66,8,,,
"Puregym","5 Dec 2025, 12:31","5 Dec 2025, 13:05","","Butterfly (Pec Deck)",,"",1,"normal",113,8,,,
"Puregym","5 Dec 2025, 12:31","5 Dec 2025, 13:05","","Butterfly (Pec Deck)",,"",2,"normal",113,10,,,
"Puregym","5 Dec 2025, 12:31","5 Dec 2025, 13:05","","Butterfly (Pec Deck)",,"",3,"normal",113,8,,,
"Puregym","5 Dec 2025, 12:31","5 Dec 2025, 13:05","","Lat Pulldown (Cable)",,"",0,"normal",32,8,,,
"Puregym","5 Dec 2025, 12:31","5 Dec 2025, 13:05","","Lat Pulldown (Cable)",,"",1,"normal",59,8,,,
"Puregym","5 Dec 2025, 12:31","5 Dec 2025, 13:05","","Lat Pulldown (Cable)",,"",2,"normal",66,8,,,
"Puregym","5 Dec 2025, 12:31","5 Dec 2025, 13:05","","Lat Pulldown (Cable)",,"",3,"normal",66,8,,,
"Puregym","5 Dec 2025, 12:31","5 Dec 2025, 13:05","","Chest Press (Machine)",,"",0,"normal",45,8,,,
"Puregym","5 Dec 2025, 12:31","5 Dec 2025, 13:05","","Chest Press (Machine)",,"",1,"normal",79,8,,,
"Puregym","5 Dec 2025, 12:31","5 Dec 2025, 13:05","","Chest Press (Machine)",,"",2,"normal",79,7,,,
"Puregym","5 Dec 2025, 12:31","5 Dec 2025, 13:05","","Chest Press (Machine)",,"",3,"normal",73,7,,,
"Puregym","5 Dec 2025, 12:31","5 Dec 2025, 13:05","","Leg Press Horizontal (Machine)",,"",0,"normal",52,8,,,
"Puregym","5 Dec 2025, 12:31","5 Dec 2025, 13:05","","Leg Press Horizontal (Machine)",,"",1,"normal",100,10,,,
"Puregym","5 Dec 2025, 12:31","5 Dec 2025, 13:05","","Leg Press Horizontal (Machine)",,"",2,"normal",100,10,,,
"Puregym","5 Dec 2025, 12:31","5 Dec 2025, 13:05","","Leg Press Horizontal (Machine)",,"",3,"normal",100,10,,,
"Puregym","5 Dec 2025, 12:31","5 Dec 2025, 13:05","","Pull Up (Assisted)",,"",0,"normal",9,6,,,
"Puregym","5 Dec 2025, 12:31","5 Dec 2025, 13:05","","Pull Up (Assisted)",,"",1,"normal",,6,,,
"Puregym","5 Dec 2025, 12:31","5 Dec 2025, 13:05","","Pull Up (Assisted)",,"",2,"normal",,6,,,
"Puregym","3 Dec 2025, 18:03","3 Dec 2025, 18:40","","Leg Press Horizontal (Machine)",,"",0,"normal",45,8,,,
"Puregym","3 Dec 2025, 18:03","3 Dec 2025, 18:40","","Leg Press Horizontal (Machine)",,"",1,"normal",86,8,,,
"Puregym","3 Dec 2025, 18:03","3 Dec 2025, 18:40","","Leg Press Horizontal (Machine)",,"",2,"normal",93,10,,,
"Puregym","3 Dec 2025, 18:03","3 Dec 2025, 18:40","","Leg Press Horizontal (Machine)",,"",3,"normal",107,8,,,
"Puregym","3 Dec 2025, 18:03","3 Dec 2025, 18:40","","Leg Press Horizontal (Machine)",,"",4,"normal",113,8,,,
"Puregym","3 Dec 2025, 18:03","3 Dec 2025, 18:40","","Dead Hang",,"",0,"normal",,,,70,
"Puregym","3 Dec 2025, 18:03","3 Dec 2025, 18:40","","Pull Up (Assisted)",,"",0,"normal",9,8,,,
"Puregym","3 Dec 2025, 18:03","3 Dec 2025, 18:40","","Pull Up (Assisted)",,"",1,"normal",,6,,,
"Puregym","3 Dec 2025, 18:03","3 Dec 2025, 18:40","","Pull Up (Assisted)",,"",2,"normal",,6,,,
"Puregym","3 Dec 2025, 18:03","3 Dec 2025, 18:40","","Single leg sit-to-stand",,"",0,"normal",,8,,,
"Puregym","3 Dec 2025, 18:03","3 Dec 2025, 18:40","","Seated Row (Machine)",,"",0,"normal",32,8,,,
"Puregym","3 Dec 2025, 18:03","3 Dec 2025, 18:40","","Seated Row (Machine)",,"",1,"normal",52,8,,,
"Puregym","3 Dec 2025, 18:03","3 Dec 2025, 18:40","","Seated Row (Machine)",,"",2,"normal",52,8,,,
"Puregym","3 Dec 2025, 18:03","3 Dec 2025, 18:40","","Seated Row (Machine)",,"",3,"normal",52,8,,,
"Puregym","1 Dec 2025, 19:38","1 Dec 2025, 20:17","","Pull Up (Assisted)",,"",0,"normal",9,6,,,
"Puregym","1 Dec 2025, 19:38","1 Dec 2025, 20:17","","Pull Up (Assisted)",,"",1,"normal",,6,,,
"Puregym","1 Dec 2025, 19:38","1 Dec 2025, 20:17","","Pull Up (Assisted)",,"",2,"normal",,6,,,
"Puregym","1 Dec 2025, 19:38","1 Dec 2025, 20:17","","Pull Up (Assisted)",,"",3,"normal",,6,,,
"Puregym","1 Dec 2025, 19:38","1 Dec 2025, 20:17","","Chest Press (Machine)",,"",0,"normal",45,8,,,
"Puregym","1 Dec 2025, 19:38","1 Dec 2025, 20:17","","Chest Press (Machine)",,"",1,"normal",79,8,,,
"Puregym","1 Dec 2025, 19:38","1 Dec 2025, 20:17","","Chest Press (Machine)",,"",2,"normal",79,8,,,
"Puregym","1 Dec 2025, 19:38","1 Dec 2025, 20:17","","Chest Press (Machine)",,"",3,"normal",79,8,,,
"Puregym","1 Dec 2025, 19:38","1 Dec 2025, 20:17","","Lat Pulldown (Cable)",,"",0,"normal",32,8,,,
"Puregym","1 Dec 2025, 19:38","1 Dec 2025, 20:17","","Lat Pulldown (Cable)",,"",1,"normal",59,8,,,
"Puregym","1 Dec 2025, 19:38","1 Dec 2025, 20:17","","Lat Pulldown (Cable)",,"",2,"normal",66,8,,,
"Puregym","1 Dec 2025, 19:38","1 Dec 2025, 20:17","","Lat Pulldown (Cable)",,"",3,"normal",59,8,,,
"Puregym","1 Dec 2025, 19:38","1 Dec 2025, 20:17","","Butterfly (Pec Deck)",,"",0,"normal",66,8,,,
"Puregym","1 Dec 2025, 19:38","1 Dec 2025, 20:17","","Butterfly (Pec Deck)",,"",1,"normal",113,8,,,
"Puregym","1 Dec 2025, 19:38","1 Dec 2025, 20:17","","Butterfly (Pec Deck)",,"",2,"normal",113,8,,,
"Puregym","1 Dec 2025, 19:38","1 Dec 2025, 20:17","","Butterfly (Pec Deck)",,"",3,"normal",113,6,,,
"Puregym","1 Dec 2025, 19:38","1 Dec 2025, 20:17","","Seated Row (Machine)",,"",0,"normal",32,8,,,
"Puregym","1 Dec 2025, 19:38","1 Dec 2025, 20:17","","Seated Row (Machine)",,"",1,"normal",52,8,,,
"Puregym","1 Dec 2025, 19:38","1 Dec 2025, 20:17","","Seated Row (Machine)",,"",2,"normal",52,8,,,
"Puregym","1 Dec 2025, 19:38","1 Dec 2025, 20:17","","Seated Row (Machine)",,"",3,"normal",52,8,,,
"Puregym","30 Nov 2025, 14:21","30 Nov 2025, 14:30","","Dead Hang",,"",0,"normal",,,,70,
"Puregym","30 Nov 2025, 14:21","30 Nov 2025, 14:30","","Farmers Carry",,"",0,"normal",68,,,60,
"Puregym","30 Nov 2025, 14:21","30 Nov 2025, 14:30","","Shoulder Press (Dumbbell)",,"",0,"normal",20,8,,,
"Puregym","30 Nov 2025, 14:21","30 Nov 2025, 14:30","","Shoulder Press (Dumbbell)",,"",1,"normal",32,8,,,
"Puregym","30 Nov 2025, 14:21","30 Nov 2025, 14:30","","Shoulder Press (Dumbbell)",,"",2,"normal",32,8,,,
"Puregym","30 Nov 2025, 14:21","30 Nov 2025, 14:30","","Shoulder Press (Dumbbell)",,"",3,"normal",32,5,,,
"Puregym","30 Nov 2025, 14:21","30 Nov 2025, 14:30","","Single leg sit-to-stand",,"",0,"normal",,8,,,
"Puregym","30 Nov 2025, 14:21","30 Nov 2025, 14:30","","Single leg sit-to-stand",,"",1,"normal",,8,,,
"Abs","30 Nov 2025, 13:32","30 Nov 2025, 13:46","","Plank",,"",0,"normal",,,,60,
"Abs","30 Nov 2025, 13:32","30 Nov 2025, 13:46","","Side Plank",,"",0,"normal",,,,50,
"Abs","30 Nov 2025, 13:32","30 Nov 2025, 13:46","","Side Plank",,"",1,"normal",,,,50,
"Abs","30 Nov 2025, 13:32","30 Nov 2025, 13:46","","Crunch",,"",0,"normal",,20,,,
"Abs","30 Nov 2025, 13:32","30 Nov 2025, 13:46","","Crunch",,"",1,"normal",,20,,,
"Abs","30 Nov 2025, 13:32","30 Nov 2025, 13:46","","Crunch",,"",2,"normal",,20,,,
"Abs","30 Nov 2025, 13:32","30 Nov 2025, 13:46","","Superman",,"",0,"normal",,10,,,
"Abs","30 Nov 2025, 13:32","30 Nov 2025, 13:46","","Superman",,"",1,"normal",,10,,,
"Abs","30 Nov 2025, 13:32","30 Nov 2025, 13:46","","Superman",,"",2,"normal",,10,,,
"Puregym","29 Nov 2025, 09:59","29 Nov 2025, 10:51","","Pull Up (Assisted)",,"",0,"normal",9,8,,,
"Puregym","29 Nov 2025, 09:59","29 Nov 2025, 10:51","","Pull Up (Assisted)",,"",1,"normal",,6,,,
"Puregym","29 Nov 2025, 09:59","29 Nov 2025, 10:51","","Pull Up (Assisted)",,"",2,"normal",,8,,,
"Puregym","29 Nov 2025, 09:59","29 Nov 2025, 10:51","","Pull Up (Assisted)",,"",3,"normal",,6,,,
"Puregym","29 Nov 2025, 09:59","29 Nov 2025, 10:51","","Butterfly (Pec Deck)",,"",0,"normal",66,8,,,
"Puregym","29 Nov 2025, 09:59","29 Nov 2025, 10:51","","Butterfly (Pec Deck)",,"",1,"normal",107,8,,,
"Puregym","29 Nov 2025, 09:59","29 Nov 2025, 10:51","","Butterfly (Pec Deck)",,"",2,"normal",107,8,,,
"Puregym","29 Nov 2025, 09:59","29 Nov 2025, 10:51","","Butterfly (Pec Deck)",,"",3,"normal",107,8,,,
"Puregym","29 Nov 2025, 09:59","29 Nov 2025, 10:51","","Lat Pulldown (Cable)",,"",0,"normal",32,8,,,
"Puregym","29 Nov 2025, 09:59","29 Nov 2025, 10:51","","Lat Pulldown (Cable)",,"",1,"normal",59,8,,,
"Puregym","29 Nov 2025, 09:59","29 Nov 2025, 10:51","","Lat Pulldown (Cable)",,"",2,"normal",59,8,,,
"Puregym","29 Nov 2025, 09:59","29 Nov 2025, 10:51","","Lat Pulldown (Cable)",,"",3,"normal",59,8,,,
"Puregym","29 Nov 2025, 09:59","29 Nov 2025, 10:51","","Chest Press (Machine)",,"",0,"normal",45,8,,,
"Puregym","29 Nov 2025, 09:59","29 Nov 2025, 10:51","","Chest Press (Machine)",,"",1,"normal",79,8,,,
"Puregym","29 Nov 2025, 09:59","29 Nov 2025, 10:51","","Chest Press (Machine)",,"",2,"normal",79,6,,,
"Puregym","29 Nov 2025, 09:59","29 Nov 2025, 10:51","","Chest Press (Machine)",,"",3,"normal",73,8,,,
"Puregym","29 Nov 2025, 09:59","29 Nov 2025, 10:51","","Seated Row (Machine)",,"",0,"normal",32,8,,,
"Puregym","29 Nov 2025, 09:59","29 Nov 2025, 10:51","","Seated Row (Machine)",,"",1,"normal",52,8,,,
"Puregym","29 Nov 2025, 09:59","29 Nov 2025, 10:51","","Seated Row (Machine)",,"",2,"normal",52,8,,,
"Puregym","29 Nov 2025, 09:59","29 Nov 2025, 10:51","","Seated Row (Machine)",,"",3,"normal",52,8,,,
"Puregym","29 Nov 2025, 09:59","29 Nov 2025, 10:51","","Concentration Curl",,"",0,"normal",10,8,,,
"Puregym","29 Nov 2025, 09:59","29 Nov 2025, 10:51","","Leg Press Horizontal (Machine)",,"",0,"normal",45,8,,,
"Puregym","29 Nov 2025, 09:59","29 Nov 2025, 10:51","","Leg Press Horizontal (Machine)",,"",1,"normal",73,8,,,
"Puregym","29 Nov 2025, 09:59","29 Nov 2025, 10:51","","Leg Press Horizontal (Machine)",,"",2,"normal",86,8,,,
"Puregym","29 Nov 2025, 09:59","29 Nov 2025, 10:51","","Leg Press Horizontal (Machine)",,"",3,"normal",93,8,,,
"Puregym","29 Nov 2025, 09:59","29 Nov 2025, 10:51","","Leg Press Horizontal (Machine)",,"",4,"normal",100,8,,,
"Puregym","25 Nov 2025, 19:27","25 Nov 2025, 20:04","","Chest Press (Machine)",,"",0,"normal",45,8,,,
"Puregym","25 Nov 2025, 19:27","25 Nov 2025, 20:04","","Chest Press (Machine)",,"",1,"normal",79,8,,,
"Puregym","25 Nov 2025, 19:27","25 Nov 2025, 20:04","","Chest Press (Machine)",,"",2,"normal",79,8,,,
"Puregym","25 Nov 2025, 19:27","25 Nov 2025, 20:04","","Chest Press (Machine)",,"",3,"normal",79,8,,,
"Puregym","25 Nov 2025, 19:27","25 Nov 2025, 20:04","","Lat Pulldown (Cable)",,"",0,"normal",32,8,,,
"Puregym","25 Nov 2025, 19:27","25 Nov 2025, 20:04","","Lat Pulldown (Cable)",,"",1,"normal",59,8,,,
"Puregym","25 Nov 2025, 19:27","25 Nov 2025, 20:04","","Lat Pulldown (Cable)",,"",2,"normal",59,8,,,
"Puregym","25 Nov 2025, 19:27","25 Nov 2025, 20:04","","Lat Pulldown (Cable)",,"",3,"normal",59,8,,,
"Puregym","25 Nov 2025, 19:27","25 Nov 2025, 20:04","","Butterfly (Pec Deck)",,"",0,"normal",66,8,,,
"Puregym","25 Nov 2025, 19:27","25 Nov 2025, 20:04","","Butterfly (Pec Deck)",,"",1,"normal",100,8,,,
"Puregym","25 Nov 2025, 19:27","25 Nov 2025, 20:04","","Butterfly (Pec Deck)",,"",2,"normal",100,8,,,
"Puregym","25 Nov 2025, 19:27","25 Nov 2025, 20:04","","Butterfly (Pec Deck)",,"",3,"normal",107,8,,,
"Puregym","25 Nov 2025, 19:27","25 Nov 2025, 20:04","","Seated Row (Machine)",,"",0,"normal",32,8,,,
"Puregym","25 Nov 2025, 19:27","25 Nov 2025, 20:04","","Seated Row (Machine)",,"",1,"normal",52,8,,,
"Puregym","25 Nov 2025, 19:27","25 Nov 2025, 20:04","","Seated Row (Machine)",,"",2,"normal",52,8,,,
"Puregym","25 Nov 2025, 19:27","25 Nov 2025, 20:04","","Seated Row (Machine)",,"",3,"normal",52,8,,,
"Puregym","25 Nov 2025, 19:27","25 Nov 2025, 20:04","","Pull Up (Assisted)",,"",0,"normal",9,8,,,
"Puregym","25 Nov 2025, 19:27","25 Nov 2025, 20:04","","Pull Up (Assisted)",,"",1,"normal",9,6,,,
"Puregym","25 Nov 2025, 19:27","25 Nov 2025, 20:04","","Reverse Lunge (Dumbbell)",,"",0,"normal",,5,,,
"Abs","23 Nov 2025, 17:03","23 Nov 2025, 17:16","","Plank",,"",0,"normal",,,,60,
"Abs","23 Nov 2025, 17:03","23 Nov 2025, 17:16","","Side Plank",,"",0,"normal",,,,40,
"Abs","23 Nov 2025, 17:03","23 Nov 2025, 17:16","","Side Plank",,"",1,"normal",,,,40,
"Abs","23 Nov 2025, 17:03","23 Nov 2025, 17:16","","Crunch",,"",0,"normal",,20,,,
"Abs","23 Nov 2025, 17:03","23 Nov 2025, 17:16","","Crunch",,"",1,"normal",,20,,,
"Abs","23 Nov 2025, 17:03","23 Nov 2025, 17:16","","Crunch",,"",2,"normal",,20,,,
"Abs","23 Nov 2025, 17:03","23 Nov 2025, 17:16","","Superman",,"",0,"normal",,8,,,
"Abs","23 Nov 2025, 17:03","23 Nov 2025, 17:16","","Superman",,"",1,"normal",,8,,,
"Abs","23 Nov 2025, 17:03","23 Nov 2025, 17:16","","Superman",,"",2,"normal",,4,,,
"Abs","22 Nov 2025, 16:07","22 Nov 2025, 16:25","","Plank",,"",0,"normal",,,,60,
"Abs","22 Nov 2025, 16:07","22 Nov 2025, 16:25","","Side Plank",,"",0,"normal",,,,40,
"Abs","22 Nov 2025, 16:07","22 Nov 2025, 16:25","","Side Plank",,"",1,"normal",,,,40,
"Abs","22 Nov 2025, 16:07","22 Nov 2025, 16:25","","Crunch",,"",0,"normal",,20,,,
"Abs","22 Nov 2025, 16:07","22 Nov 2025, 16:25","","Crunch",,"",1,"normal",,20,,,
"Abs","22 Nov 2025, 16:07","22 Nov 2025, 16:25","","Crunch",,"",2,"normal",,20,,,
"Abs","22 Nov 2025, 16:07","22 Nov 2025, 16:25","","Superman",,"",0,"normal",,10,,,
"Abs","22 Nov 2025, 16:07","22 Nov 2025, 16:25","","Superman",,"",1,"normal",,8,,,
"Abs","22 Nov 2025, 16:07","22 Nov 2025, 16:25","","Superman",,"",2,"normal",,8,,,
"Puregym","22 Nov 2025, 08:24","22 Nov 2025, 09:28","","Pull Up (Assisted)",,"",0,"normal",9,8,,,
"Puregym","22 Nov 2025, 08:24","22 Nov 2025, 09:28","","Pull Up (Assisted)",,"",1,"normal",,6,,,
"Puregym","22 Nov 2025, 08:24","22 Nov 2025, 09:28","","Pull Up (Assisted)",,"",2,"normal",,6,,,
"Puregym","22 Nov 2025, 08:24","22 Nov 2025, 09:28","","Butterfly (Pec Deck)",,"",0,"normal",66,8,,,
"Puregym","22 Nov 2025, 08:24","22 Nov 2025, 09:28","","Butterfly (Pec Deck)",,"",1,"normal",100,8,,,
"Puregym","22 Nov 2025, 08:24","22 Nov 2025, 09:28","","Butterfly (Pec Deck)",,"",2,"normal",100,8,,,
"Puregym","22 Nov 2025, 08:24","22 Nov 2025, 09:28","","Butterfly (Pec Deck)",,"",3,"normal",107,8,,,
"Puregym","22 Nov 2025, 08:24","22 Nov 2025, 09:28","","Lat Pulldown (Cable)",,"",0,"normal",32,8,,,
"Puregym","22 Nov 2025, 08:24","22 Nov 2025, 09:28","","Lat Pulldown (Cable)",,"",1,"normal",59,8,,,
"Puregym","22 Nov 2025, 08:24","22 Nov 2025, 09:28","","Lat Pulldown (Cable)",,"",2,"normal",59,8,,,
"Puregym","22 Nov 2025, 08:24","22 Nov 2025, 09:28","","Lat Pulldown (Cable)",,"",3,"normal",59,8,,,
"Puregym","22 Nov 2025, 08:24","22 Nov 2025, 09:28","","Seated Row (Machine)",,"",0,"normal",32,8,,,
"Puregym","22 Nov 2025, 08:24","22 Nov 2025, 09:28","","Seated Row (Machine)",,"",1,"normal",52,8,,,
"Puregym","22 Nov 2025, 08:24","22 Nov 2025, 09:28","","Seated Row (Machine)",,"",2,"normal",52,8,,,
"Puregym","22 Nov 2025, 08:24","22 Nov 2025, 09:28","","Seated Row (Machine)",,"",3,"normal",52,8,,,
"Puregym","22 Nov 2025, 08:24","22 Nov 2025, 09:28","","Chest Press (Machine)",,"",0,"normal",45,8,,,
"Puregym","22 Nov 2025, 08:24","22 Nov 2025, 09:28","","Chest Press (Machine)",,"",1,"normal",79,8,,,
"Puregym","22 Nov 2025, 08:24","22 Nov 2025, 09:28","","Chest Press (Machine)",,"",2,"normal",79,8,,,
"Puregym","22 Nov 2025, 08:24","22 Nov 2025, 09:28","","Chest Press (Machine)",,"",3,"normal",79,8,,,
"Puregym","22 Nov 2025, 08:24","22 Nov 2025, 09:28","","Reverse Lunge (Dumbbell)",,"",0,"normal",,8,,,
"Puregym","22 Nov 2025, 08:24","22 Nov 2025, 09:28","","Reverse Lunge (Dumbbell)",,"",1,"failure",,4,,,
"Puregym","22 Nov 2025, 08:24","22 Nov 2025, 09:28","","Bulgarian Split Squat",,"",0,"normal",14,8,,,
"Puregym","22 Nov 2025, 08:24","22 Nov 2025, 09:28","","Bulgarian Split Squat",,"",1,"normal",14,8,,,
"Puregym","22 Nov 2025, 08:24","22 Nov 2025, 09:28","","Bulgarian Split Squat",,"",2,"normal",14,8,,,
"Abs","19 Nov 2025, 21:00","19 Nov 2025, 21:16","","Plank",,"",0,"normal",,,,60,
"Abs","19 Nov 2025, 21:00","19 Nov 2025, 21:16","","Crunch",,"",0,"normal",,20,,,
"Abs","19 Nov 2025, 21:00","19 Nov 2025, 21:16","","Crunch",,"",1,"normal",,20,,,
"Abs","19 Nov 2025, 21:00","19 Nov 2025, 21:16","","Crunch",,"",2,"normal",,20,,,
"Abs","19 Nov 2025, 21:00","19 Nov 2025, 21:16","","Side Plank",,"",0,"normal",,,,40,
"Abs","19 Nov 2025, 21:00","19 Nov 2025, 21:16","","Side Plank",,"",1,"normal",,,,40,
"Abs","19 Nov 2025, 21:00","19 Nov 2025, 21:16","","Superman",,"",0,"normal",,8,,,
"Abs","19 Nov 2025, 21:00","19 Nov 2025, 21:16","","Superman",,"",1,"normal",,8,,,
"Abs","19 Nov 2025, 21:00","19 Nov 2025, 21:16","","Superman",,"",2,"normal",,8,,,
"Puregym","19 Nov 2025, 12:55","19 Nov 2025, 13:23","","Butterfly (Pec Deck)",,"",0,"normal",66,8,,,
"Puregym","19 Nov 2025, 12:55","19 Nov 2025, 13:23","","Butterfly (Pec Deck)",,"",1,"normal",86,8,,,
"Puregym","19 Nov 2025, 12:55","19 Nov 2025, 13:23","","Butterfly (Pec Deck)",,"",2,"normal",100,8,,,
"Puregym","19 Nov 2025, 12:55","19 Nov 2025, 13:23","","Butterfly (Pec Deck)",,"",3,"normal",100,8,,,
"Puregym","19 Nov 2025, 12:55","19 Nov 2025, 13:23","","Lat Pulldown (Cable)",,"",0,"normal",32,8,,,
"Puregym","19 Nov 2025, 12:55","19 Nov 2025, 13:23","","Lat Pulldown (Cable)",,"",1,"normal",59,8,,,
"Puregym","19 Nov 2025, 12:55","19 Nov 2025, 13:23","","Lat Pulldown (Cable)",,"",2,"normal",59,8,,,
"Puregym","19 Nov 2025, 12:55","19 Nov 2025, 13:23","","Seated Row (Machine)",,"",0,"normal",32,8,,,
"Puregym","19 Nov 2025, 12:55","19 Nov 2025, 13:23","","Seated Row (Machine)",,"",1,"normal",45,8,,,
"Puregym","19 Nov 2025, 12:55","19 Nov 2025, 13:23","","Leg Press Horizontal (Machine)",,"",0,"normal",45,8,,,
"Puregym","19 Nov 2025, 12:55","19 Nov 2025, 13:23","","Leg Press Horizontal (Machine)",,"",1,"normal",66,8,,,
"Puregym","19 Nov 2025, 12:55","19 Nov 2025, 13:23","","Leg Press Horizontal (Machine)",,"",2,"normal",79,8,,,
"Puregym","19 Nov 2025, 12:55","19 Nov 2025, 13:23","","Leg Press Horizontal (Machine)",,"",3,"normal",86,8,,,
"Puregym","19 Nov 2025, 12:55","19 Nov 2025, 13:23","","Chest Press (Machine)",,"",0,"normal",45,8,,,
"Puregym","19 Nov 2025, 12:55","19 Nov 2025, 13:23","","Chest Press (Machine)",,"",1,"normal",79,8,,,
"Puregym","19 Nov 2025, 12:55","19 Nov 2025, 13:23","","Chest Press (Machine)",,"",2,"normal",79,8,,,
"Puregym","19 Nov 2025, 12:55","19 Nov 2025, 13:23","","Pull Up (Assisted)",,"",0,"normal",9,8,,,
"Puregym","19 Nov 2025, 12:55","19 Nov 2025, 13:23","","Pull Up (Assisted)",,"",1,"normal",,6,,,
"Puregym","19 Nov 2025, 12:55","19 Nov 2025, 13:23","","Reverse Lunge (Dumbbell)",,"",0,"normal",3,8,,,
"Abs","16 Nov 2025, 11:38","16 Nov 2025, 11:49","","Plank",,"",0,"normal",,,,60,
"Abs","16 Nov 2025, 11:38","16 Nov 2025, 11:49","","Crunch",,"",0,"normal",,20,,,
"Abs","16 Nov 2025, 11:38","16 Nov 2025, 11:49","","Crunch",,"",1,"normal",,20,,,
"Abs","16 Nov 2025, 11:38","16 Nov 2025, 11:49","","Side Plank",,"",0,"normal",,,,40,
"Abs","16 Nov 2025, 11:38","16 Nov 2025, 11:49","","Side Plank",,"",1,"normal",,,,40,
"Abs","16 Nov 2025, 11:38","16 Nov 2025, 11:49","","Superman",,"",0,"normal",,8,,,
"Abs","16 Nov 2025, 11:38","16 Nov 2025, 11:49","","Superman",,"",1,"normal",,8,,,
"Abs","16 Nov 2025, 11:38","16 Nov 2025, 11:49","","Superman",,"",2,"normal",,8,,,
"Puregym","16 Nov 2025, 10:45","16 Nov 2025, 11:38","","Pull Up (Assisted)",,"",0,"normal",9,8,,,
"Puregym","16 Nov 2025, 10:45","16 Nov 2025, 11:38","","Pull Up (Assisted)",,"",1,"normal",,6,,,
"Puregym","16 Nov 2025, 10:45","16 Nov 2025, 11:38","","Pull Up (Assisted)",,"",2,"normal",,6,,,
"Puregym","16 Nov 2025, 10:45","16 Nov 2025, 11:38","","Butterfly (Pec Deck)",,"",0,"normal",66,8,,,
"Puregym","16 Nov 2025, 10:45","16 Nov 2025, 11:38","","Butterfly (Pec Deck)",,"",1,"normal",86,8,,,
"Puregym","16 Nov 2025, 10:45","16 Nov 2025, 11:38","","Butterfly (Pec Deck)",,"",2,"normal",100,8,,,
"Puregym","16 Nov 2025, 10:45","16 Nov 2025, 11:38","","Butterfly (Pec Deck)",,"",3,"normal",107,8,,,
"Puregym","16 Nov 2025, 10:45","16 Nov 2025, 11:38","","Seated Row (Machine)",,"",0,"normal",32,8,,,
"Puregym","16 Nov 2025, 10:45","16 Nov 2025, 11:38","","Seated Row (Machine)",,"",1,"normal",52,8,,,
"Puregym","16 Nov 2025, 10:45","16 Nov 2025, 11:38","","Seated Row (Machine)",,"",2,"normal",52,8,,,
"Puregym","16 Nov 2025, 10:45","16 Nov 2025, 11:38","","Chest Press (Machine)",,"",0,"normal",45,8,,,
"Puregym","16 Nov 2025, 10:45","16 Nov 2025, 11:38","","Chest Press (Machine)",,"",1,"normal",79,4,,,
"Puregym","16 Nov 2025, 10:45","16 Nov 2025, 11:38","","Chest Press (Machine)",,"",2,"normal",66,8,,,
"Puregym","16 Nov 2025, 10:45","16 Nov 2025, 11:38","","Chest Press (Machine)",,"",3,"normal",66,8,,,
"Puregym","16 Nov 2025, 10:45","16 Nov 2025, 11:38","","Lat Pulldown (Cable)",,"",0,"normal",32,8,,,
"Puregym","16 Nov 2025, 10:45","16 Nov 2025, 11:38","","Lat Pulldown (Cable)",,"",1,"normal",59,8,,,
"Puregym","16 Nov 2025, 10:45","16 Nov 2025, 11:38","","Lat Pulldown (Cable)",,"",2,"normal",52,8,,,
"Puregym","16 Nov 2025, 10:45","16 Nov 2025, 11:38","","Lat Pulldown (Cable)",,"",3,"normal",52,8,,,
"Puregym","16 Nov 2025, 10:45","16 Nov 2025, 11:38","","Reverse Lunge (Dumbbell)",,"",0,"normal",,8,,,
"Puregym","16 Nov 2025, 10:45","16 Nov 2025, 11:38","","Reverse Lunge (Dumbbell)",,"",1,"failure",20,8,,,
"Puregym","16 Nov 2025, 10:45","16 Nov 2025, 11:38","","Reverse Lunge (Dumbbell)",,"",2,"normal",10,8,,,
"Puregym","16 Nov 2025, 10:45","16 Nov 2025, 11:38","","Reverse Lunge (Dumbbell)",,"",3,"normal",10,8,,,
"Puregym","11 Nov 2025, 12:50","11 Nov 2025, 13:18","","Butterfly (Pec Deck)",,"",0,"normal",66,8,,,
"Puregym","11 Nov 2025, 12:50","11 Nov 2025, 13:18","","Reverse Lunge (Dumbbell)",,"",0,"normal",,8,,,
"Puregym","11 Nov 2025, 12:50","11 Nov 2025, 13:18","","Reverse Lunge (Dumbbell)",,"",1,"failure",,8,,,
"Puregym","11 Nov 2025, 12:50","11 Nov 2025, 13:18","","Reverse Lunge (Dumbbell)",,"",2,"normal",,8,,,
"Puregym","11 Nov 2025, 12:50","11 Nov 2025, 13:18","","Reverse Lunge (Dumbbell)",,"",3,"normal",,8,,,
"Puregym","11 Nov 2025, 12:50","11 Nov 2025, 13:18","","Dead Hang",,"",0,"normal",,,,60,
"Puregym","9 Nov 2025, 10:42","9 Nov 2025, 11:22","","Lat Pulldown (Cable)",,"",0,"normal",32,8,,,
"Puregym","9 Nov 2025, 10:42","9 Nov 2025, 11:22","","Lat Pulldown (Cable)",,"",1,"normal",59,8,,,
"Puregym","9 Nov 2025, 10:42","9 Nov 2025, 11:22","","Lat Pulldown (Cable)",,"",2,"normal",59,8,,,
"Puregym","9 Nov 2025, 10:42","9 Nov 2025, 11:22","","Lat Pulldown (Cable)",,"",3,"normal",59,8,,,
"Puregym","9 Nov 2025, 10:42","9 Nov 2025, 11:22","","Butterfly (Pec Deck)",,"",0,"normal",66,8,,,
"Puregym","9 Nov 2025, 10:42","9 Nov 2025, 11:22","","Butterfly (Pec Deck)",,"",1,"normal",86,8,,,
"Puregym","9 Nov 2025, 10:42","9 Nov 2025, 11:22","","Butterfly (Pec Deck)",,"",2,"normal",107,8,,,
"Puregym","9 Nov 2025, 10:42","9 Nov 2025, 11:22","","Butterfly (Pec Deck)",,"",3,"normal",107,8,,,
"Puregym","9 Nov 2025, 10:42","9 Nov 2025, 11:22","","Pull Up (Assisted)",,"",0,"normal",9,8,,,
"Puregym","9 Nov 2025, 10:42","9 Nov 2025, 11:22","","Pull Up (Assisted)",,"",1,"normal",,5,,,
"Puregym","9 Nov 2025, 10:42","9 Nov 2025, 11:22","","Pull Up (Assisted)",,"",2,"normal",,6,,,
"Puregym","9 Nov 2025, 10:42","9 Nov 2025, 11:22","","Chest Press (Machine)",,"",0,"normal",45,8,,,
"Puregym","9 Nov 2025, 10:42","9 Nov 2025, 11:22","","Chest Press (Machine)",,"",1,"normal",86,8,,,
"Puregym","9 Nov 2025, 10:42","9 Nov 2025, 11:22","","Chest Press (Machine)",,"",2,"normal",86,8,,,
"Puregym","9 Nov 2025, 10:42","9 Nov 2025, 11:22","","Chest Press (Machine)",,"",3,"normal",79,6,,,
"Puregym","9 Nov 2025, 10:42","9 Nov 2025, 11:22","","Leg Press Horizontal (Machine)",,"",0,"normal",32,8,,,
"Puregym","9 Nov 2025, 10:42","9 Nov 2025, 11:22","","Seated Row (Machine)",,"",0,"normal",32,8,,,
"Puregym","9 Nov 2025, 10:42","9 Nov 2025, 11:22","","Seated Row (Machine)",,"",1,"normal",52,8,,,
"Puregym","9 Nov 2025, 10:42","9 Nov 2025, 11:22","","Seated Row (Machine)",,"",2,"normal",52,8,,,
"Puregym","9 Nov 2025, 10:42","9 Nov 2025, 11:22","","Seated Row (Machine)",,"",3,"normal",52,8,,,
"Abs","9 Nov 2025, 10:26","9 Nov 2025, 10:40","","Plank",,"",0,"normal",,,,60,
"Abs","9 Nov 2025, 10:26","9 Nov 2025, 10:40","","Crunch",,"",0,"normal",,20,,,
"Abs","9 Nov 2025, 10:26","9 Nov 2025, 10:40","","Crunch",,"",1,"normal",,20,,,
"Abs","9 Nov 2025, 10:26","9 Nov 2025, 10:40","","Crunch",,"",2,"normal",,20,,,
"Abs","9 Nov 2025, 10:26","9 Nov 2025, 10:40","","Side Plank",,"",0,"normal",,,,40,
"Abs","9 Nov 2025, 10:26","9 Nov 2025, 10:40","","Side Plank",,"",1,"normal",,,,40,
"Abs","9 Nov 2025, 10:26","9 Nov 2025, 10:40","","Superman",,"",0,"normal",,8,,,
"Abs","9 Nov 2025, 10:26","9 Nov 2025, 10:40","","Superman",,"",1,"normal",,8,,,
"Abs","9 Nov 2025, 10:26","9 Nov 2025, 10:40","","Superman",,"",2,"normal",,8,,,
"Puregym","5 Nov 2025, 12:54","5 Nov 2025, 13:25","","Pull Up (Assisted)",,"",0,"normal",9,8,,,
"Puregym","5 Nov 2025, 12:54","5 Nov 2025, 13:25","","Pull Up (Assisted)",,"",1,"normal",,8,,,
"Puregym","5 Nov 2025, 12:54","5 Nov 2025, 13:25","","Pull Up (Assisted)",,"",2,"normal",,6,,,
"Puregym","5 Nov 2025, 12:54","5 Nov 2025, 13:25","","Pull Up (Assisted)",,"",3,"normal",,6,,,
"Puregym","5 Nov 2025, 12:54","5 Nov 2025, 13:25","","Butterfly (Pec Deck)",,"",0,"normal",66,8,,,
"Puregym","5 Nov 2025, 12:54","5 Nov 2025, 13:25","","Butterfly (Pec Deck)",,"",1,"normal",107,8,,,
"Puregym","5 Nov 2025, 12:54","5 Nov 2025, 13:25","","Butterfly (Pec Deck)",,"",2,"normal",107,8,,,
"Puregym","5 Nov 2025, 12:54","5 Nov 2025, 13:25","","Butterfly (Pec Deck)",,"",3,"normal",107,8,,,
"Puregym","5 Nov 2025, 12:54","5 Nov 2025, 13:25","","Lat Pulldown (Cable)",,"",0,"normal",32,8,,,
"Puregym","5 Nov 2025, 12:54","5 Nov 2025, 13:25","","Lat Pulldown (Cable)",,"",1,"normal",59,8,,,
"Puregym","5 Nov 2025, 12:54","5 Nov 2025, 13:25","","Lat Pulldown (Cable)",,"",2,"normal",59,8,,,
"Puregym","5 Nov 2025, 12:54","5 Nov 2025, 13:25","","Lat Pulldown (Cable)",,"",3,"normal",59,8,,,
"Puregym","5 Nov 2025, 12:54","5 Nov 2025, 13:25","","Chest Press (Machine)",,"",0,"normal",45,8,,,
"Puregym","5 Nov 2025, 12:54","5 Nov 2025, 13:25","","Chest Press (Machine)",,"",1,"normal",86,6,,,
"Puregym","5 Nov 2025, 12:54","5 Nov 2025, 13:25","","Chest Press (Machine)",,"",2,"normal",79,7,,,
"Puregym","5 Nov 2025, 12:54","5 Nov 2025, 13:25","","Chest Press (Machine)",,"",3,"normal",73,6,,,
"Puregym","5 Nov 2025, 12:54","5 Nov 2025, 13:25","","Leg Press Horizontal (Machine)",,"",0,"normal",32,8,,,
"Puregym","5 Nov 2025, 12:54","5 Nov 2025, 13:25","","Leg Press Horizontal (Machine)",,"",1,"normal",66,8,,,
"Puregym","5 Nov 2025, 12:54","5 Nov 2025, 13:25","","Leg Press Horizontal (Machine)",,"",2,"normal",79,8,,,
"Puregym","5 Nov 2025, 12:54","5 Nov 2025, 13:25","","Leg Press Horizontal (Machine)",,"",3,"normal",86,8,,,
"Puregym","2 Nov 2025, 10:35","2 Nov 2025, 11:21","","Pull Up (Assisted)",,"",0,"normal",,6,,,
"Puregym","2 Nov 2025, 10:35","2 Nov 2025, 11:21","","Pull Up (Assisted)",,"",1,"normal",,6,,,
"Puregym","2 Nov 2025, 10:35","2 Nov 2025, 11:21","","Pull Up (Assisted)",,"",2,"normal",,6,,,
"Puregym","2 Nov 2025, 10:35","2 Nov 2025, 11:21","","Lat Pulldown (Cable)",,"",0,"normal",32,8,,,
"Puregym","2 Nov 2025, 10:35","2 Nov 2025, 11:21","","Lat Pulldown (Cable)",,"",1,"normal",59,6,,,
"Puregym","2 Nov 2025, 10:35","2 Nov 2025, 11:21","","Lat Pulldown (Cable)",,"",2,"normal",59,8,,,
"Puregym","2 Nov 2025, 10:35","2 Nov 2025, 11:21","","Lat Pulldown (Cable)",,"",3,"normal",59,8,,,
"Puregym","2 Nov 2025, 10:35","2 Nov 2025, 11:21","","Chest Press (Machine)",,"",0,"normal",45,8,,,
"Puregym","2 Nov 2025, 10:35","2 Nov 2025, 11:21","","Chest Press (Machine)",,"",1,"normal",86,8,,,
"Puregym","2 Nov 2025, 10:35","2 Nov 2025, 11:21","","Chest Press (Machine)",,"",2,"normal",86,8,,,
"Puregym","2 Nov 2025, 10:35","2 Nov 2025, 11:21","","Chest Press (Machine)",,"",3,"normal",86,6,,,
"Puregym","2 Nov 2025, 10:35","2 Nov 2025, 11:21","","Leg Press Horizontal (Machine)",,"",0,"normal",32,8,,,
"Puregym","2 Nov 2025, 10:35","2 Nov 2025, 11:21","","Leg Press Horizontal (Machine)",,"",1,"normal",45,8,,,
"Puregym","2 Nov 2025, 10:35","2 Nov 2025, 11:21","","Leg Press Horizontal (Machine)",,"",2,"normal",66,8,,,
"Puregym","2 Nov 2025, 10:35","2 Nov 2025, 11:21","","Leg Press Horizontal (Machine)",,"",3,"normal",66,8,,,
"Puregym","2 Nov 2025, 10:35","2 Nov 2025, 11:21","","Seated Row (Machine)",,"",0,"normal",32,8,,,
"Puregym","2 Nov 2025, 10:35","2 Nov 2025, 11:21","","Seated Row (Machine)",,"",1,"normal",52,8,,,
"Puregym","2 Nov 2025, 10:35","2 Nov 2025, 11:21","","Seated Row (Machine)",,"",2,"normal",52,8,,,
"Puregym","2 Nov 2025, 10:35","2 Nov 2025, 11:21","","Seated Row (Machine)",,"",3,"normal",52,8,,,
"Puregym","2 Nov 2025, 10:35","2 Nov 2025, 11:21","","Farmers Carry",,"",0,"normal",68,,,60,
"Puregym","2 Nov 2025, 10:35","2 Nov 2025, 11:21","","Shoulder Press (Dumbbell)",,"",0,"normal",20,8,,,
"Puregym","2 Nov 2025, 10:35","2 Nov 2025, 11:21","","Shoulder Press (Dumbbell)",,"",1,"normal",24,6,,,
"Puregym","2 Nov 2025, 10:35","2 Nov 2025, 11:21","","Shoulder Press (Dumbbell)",,"",2,"normal",24,8,,,
"Puregym","2 Nov 2025, 10:35","2 Nov 2025, 11:21","","Butterfly (Pec Deck)",,"",0,"normal",66,8,,,
"Puregym","2 Nov 2025, 10:35","2 Nov 2025, 11:21","","Butterfly (Pec Deck)",,"",1,"normal",100,8,,,
"Puregym","2 Nov 2025, 10:35","2 Nov 2025, 11:21","","Butterfly (Pec Deck)",,"",2,"normal",107,8,,,
"Puregym","2 Nov 2025, 10:35","2 Nov 2025, 11:21","","Butterfly (Pec Deck)",,"",3,"normal",107,8,,,
"Abs","1 Nov 2025, 14:12","1 Nov 2025, 14:28","","Plank",,"",0,"normal",,,,90,
"Abs","1 Nov 2025, 14:12","1 Nov 2025, 14:28","","Crunch",,"",0,"normal",,20,,,
"Abs","1 Nov 2025, 14:12","1 Nov 2025, 14:28","","Crunch",,"",1,"normal",,20,,,
"Abs","1 Nov 2025, 14:12","1 Nov 2025, 14:28","","Crunch",,"",2,"normal",,20,,,
"Abs","1 Nov 2025, 14:12","1 Nov 2025, 14:28","","Side Plank",,"",0,"normal",,,,50,
"Abs","1 Nov 2025, 14:12","1 Nov 2025, 14:28","","Side Plank",,"",1,"normal",,,,50,
"Abs","1 Nov 2025, 14:12","1 Nov 2025, 14:28","","Superman",,"",0,"normal",,8,,,
"Abs","1 Nov 2025, 14:12","1 Nov 2025, 14:28","","Superman",,"",1,"normal",,8,,,
"Abs","1 Nov 2025, 14:12","1 Nov 2025, 14:28","","Superman",,"",2,"normal",,8,,,
"Puregym","30 Oct 2025, 19:40","30 Oct 2025, 20:28","","Pull Up (Assisted)",,"",0,"normal",9,8,,,
"Puregym","30 Oct 2025, 19:40","30 Oct 2025, 20:28","","Pull Up (Assisted)",,"",1,"normal",,6,,,
"Puregym","30 Oct 2025, 19:40","30 Oct 2025, 20:28","","Pull Up (Assisted)",,"",2,"normal",,6,,,
"Puregym","30 Oct 2025, 19:40","30 Oct 2025, 20:28","","Pull Up (Assisted)",,"",3,"normal",,6,,,
"Puregym","30 Oct 2025, 19:40","30 Oct 2025, 20:28","","Chest Press (Machine)",,"",0,"normal",45,8,,,
"Puregym","30 Oct 2025, 19:40","30 Oct 2025, 20:28","","Chest Press (Machine)",,"",1,"normal",86,8,,,
"Puregym","30 Oct 2025, 19:40","30 Oct 2025, 20:28","","Chest Press (Machine)",,"",2,"normal",86,8,,,
"Puregym","30 Oct 2025, 19:40","30 Oct 2025, 20:28","","Chest Press (Machine)",,"",3,"normal",86,7,,,
"Puregym","30 Oct 2025, 19:40","30 Oct 2025, 20:28","","Lat Pulldown (Cable)",,"",0,"normal",32,8,,,
"Puregym","30 Oct 2025, 19:40","30 Oct 2025, 20:28","","Lat Pulldown (Cable)",,"",1,"normal",59,8,,,
"Puregym","30 Oct 2025, 19:40","30 Oct 2025, 20:28","","Lat Pulldown (Cable)",,"",2,"normal",59,8,,,
"Puregym","30 Oct 2025, 19:40","30 Oct 2025, 20:28","","Lat Pulldown (Cable)",,"",3,"normal",59,8,,,
"Puregym","30 Oct 2025, 19:40","30 Oct 2025, 20:28","","Butterfly (Pec Deck)",,"",0,"normal",66,8,,,
"Puregym","30 Oct 2025, 19:40","30 Oct 2025, 20:28","","Butterfly (Pec Deck)",,"",1,"normal",86,8,,,
"Puregym","30 Oct 2025, 19:40","30 Oct 2025, 20:28","","Butterfly (Pec Deck)",,"",2,"normal",86,8,,,
"Puregym","30 Oct 2025, 19:40","30 Oct 2025, 20:28","","Butterfly (Pec Deck)",,"",3,"normal",86,8,,,
"Puregym","30 Oct 2025, 19:40","30 Oct 2025, 20:28","","Seated Row (Machine)",,"",0,"normal",32,8,,,
"Puregym","30 Oct 2025, 19:40","30 Oct 2025, 20:28","","Seated Row (Machine)",,"",1,"normal",52,8,,,
"Puregym","30 Oct 2025, 19:40","30 Oct 2025, 20:28","","Seated Row (Machine)",,"",2,"normal",52,8,,,
"Puregym","30 Oct 2025, 19:40","30 Oct 2025, 20:28","","Reverse Lunge (Dumbbell)",,"",0,"normal",,8,,,
"Puregym","30 Oct 2025, 19:40","30 Oct 2025, 20:28","","Reverse Lunge (Dumbbell)",,"",1,"failure",,8,,,
"Puregym","30 Oct 2025, 19:40","30 Oct 2025, 20:28","","Reverse Lunge (Dumbbell)",,"",2,"normal",,8,,,
"Abs","26 Oct 2025, 11:14","26 Oct 2025, 11:28","","Plank",,"",0,"normal",,,,61,
"Abs","26 Oct 2025, 11:14","26 Oct 2025, 11:28","","Crunch",,"",0,"normal",,30,,,
"Abs","26 Oct 2025, 11:14","26 Oct 2025, 11:28","","Crunch",,"",1,"normal",,20,,,
"Abs","26 Oct 2025, 11:14","26 Oct 2025, 11:28","","Crunch",,"",2,"normal",,20,,,
"Abs","26 Oct 2025, 11:14","26 Oct 2025, 11:28","","Side Plank",,"",0,"normal",,,,40,
"Abs","26 Oct 2025, 11:14","26 Oct 2025, 11:28","","Side Plank",,"",1,"normal",,,,40,
"Abs","26 Oct 2025, 11:14","26 Oct 2025, 11:28","","Superman",,"",0,"normal",,5,,,
"Abs","26 Oct 2025, 11:14","26 Oct 2025, 11:28","","Superman",,"",1,"normal",,8,,,
"Abs","26 Oct 2025, 11:14","26 Oct 2025, 11:28","","Superman",,"",2,"normal",,8,,,
"Puregym","26 Oct 2025, 10:40","26 Oct 2025, 11:12","","Lat Pulldown (Cable)",,"",0,"normal",32,8,,,
"Puregym","26 Oct 2025, 10:40","26 Oct 2025, 11:12","","Lat Pulldown (Cable)",,"",1,"normal",59,8,,,
"Puregym","26 Oct 2025, 10:40","26 Oct 2025, 11:12","","Lat Pulldown (Cable)",,"",2,"normal",59,8,,,
"Puregym","26 Oct 2025, 10:40","26 Oct 2025, 11:12","","Butterfly (Pec Deck)",,"",0,"normal",66,8,,,
"Puregym","26 Oct 2025, 10:40","26 Oct 2025, 11:12","","Butterfly (Pec Deck)",,"",1,"normal",107,8,,,
"Puregym","26 Oct 2025, 10:40","26 Oct 2025, 11:12","","Butterfly (Pec Deck)",,"",2,"normal",107,8,,,
"Puregym","26 Oct 2025, 10:40","26 Oct 2025, 11:12","","Butterfly (Pec Deck)",,"",3,"normal",107,7,,,
"Puregym","26 Oct 2025, 10:40","26 Oct 2025, 11:12","","Seated Row (Machine)",,"",0,"normal",32,8,,,
"Puregym","26 Oct 2025, 10:40","26 Oct 2025, 11:12","","Seated Row (Machine)",,"",1,"normal",52,8,,,
"Puregym","26 Oct 2025, 10:40","26 Oct 2025, 11:12","","Seated Row (Machine)",,"",2,"normal",52,8,,,
"Puregym","26 Oct 2025, 10:40","26 Oct 2025, 11:12","","Seated Row (Machine)",,"",3,"normal",52,8,,,
"Puregym","26 Oct 2025, 10:40","26 Oct 2025, 11:12","","Chest Press (Machine)",,"",0,"normal",39,8,,,
"Puregym","26 Oct 2025, 10:40","26 Oct 2025, 11:12","","Chest Press (Machine)",,"",1,"normal",79,8,,,
"Puregym","26 Oct 2025, 10:40","26 Oct 2025, 11:12","","Chest Press (Machine)",,"",2,"normal",79,8,,,
"Puregym","26 Oct 2025, 10:40","26 Oct 2025, 11:12","","Chest Press (Machine)",,"",3,"normal",79,7,,,
"Puregym","26 Oct 2025, 10:40","26 Oct 2025, 11:12","","Pull Up (Assisted)",,"",0,"normal",9,8,,,
"Puregym","26 Oct 2025, 10:40","26 Oct 2025, 11:12","","Pull Up (Assisted)",,"",1,"normal",,6,,,
"Puregym","26 Oct 2025, 10:40","26 Oct 2025, 11:12","","Pull Up (Assisted)",,"",2,"normal",,6,,,
"Puregym","23 Oct 2025, 19:18","23 Oct 2025, 19:48","","Lat Pulldown (Cable)",,"",0,"normal",32,8,,,
"Puregym","23 Oct 2025, 19:18","23 Oct 2025, 19:48","","Lat Pulldown (Cable)",,"",1,"normal",52,8,,,
"Puregym","23 Oct 2025, 19:18","23 Oct 2025, 19:48","","Lat Pulldown (Cable)",,"",2,"normal",52,8,,,
"Puregym","23 Oct 2025, 19:18","23 Oct 2025, 19:48","","Chest Press (Machine)",,"",0,"normal",39,8,,,
"Puregym","23 Oct 2025, 19:18","23 Oct 2025, 19:48","","Chest Press (Machine)",,"",1,"normal",73,8,,,
"Puregym","23 Oct 2025, 19:18","23 Oct 2025, 19:48","","Chest Press (Machine)",,"",2,"normal",79,8,,,
"Puregym","23 Oct 2025, 19:18","23 Oct 2025, 19:48","","Chest Press (Machine)",,"",3,"normal",79,7,,,
"Puregym","23 Oct 2025, 19:18","23 Oct 2025, 19:48","","Pull Up (Assisted)",,"",0,"normal",9,8,,,
"Puregym","23 Oct 2025, 19:18","23 Oct 2025, 19:48","","Pull Up (Assisted)",,"",1,"normal",,8,,,
"Puregym","23 Oct 2025, 19:18","23 Oct 2025, 19:48","","Pull Up (Assisted)",,"",2,"normal",,6,,,
"Puregym","23 Oct 2025, 19:18","23 Oct 2025, 19:48","","Seated Row (Machine)",,"",0,"normal",32,8,,,
"Puregym","23 Oct 2025, 19:18","23 Oct 2025, 19:48","","Seated Row (Machine)",,"",1,"normal",52,8,,,
"Puregym","23 Oct 2025, 19:18","23 Oct 2025, 19:48","","Seated Row (Machine)",,"",2,"normal",52,8,,,
"Puregym","23 Oct 2025, 19:18","23 Oct 2025, 19:48","","Butterfly (Pec Deck)",,"",0,"normal",66,8,,,
"Puregym","23 Oct 2025, 19:18","23 Oct 2025, 19:48","","Butterfly (Pec Deck)",,"",1,"normal",100,8,,,
"Puregym","23 Oct 2025, 19:18","23 Oct 2025, 19:48","","Butterfly (Pec Deck)",,"",2,"normal",107,8,,,
"Abs","22 Oct 2025, 18:42","22 Oct 2025, 18:55","","Plank",,"",0,"normal",,,,90,
"Abs","22 Oct 2025, 18:42","22 Oct 2025, 18:55","","Crunch",,"",0,"normal",,20,,,
"Abs","22 Oct 2025, 18:42","22 Oct 2025, 18:55","","Crunch",,"",1,"normal",,20,,,
"Abs","22 Oct 2025, 18:42","22 Oct 2025, 18:55","","Crunch",,"",2,"normal",,20,,,
"Abs","22 Oct 2025, 18:42","22 Oct 2025, 18:55","","Side Plank",,"",0,"normal",,,,31,
"Abs","22 Oct 2025, 18:42","22 Oct 2025, 18:55","","Side Plank",,"",1,"normal",,,,30,
"Abs","22 Oct 2025, 18:42","22 Oct 2025, 18:55","","Superman",,"",0,"normal",,8,,,
"Abs","22 Oct 2025, 18:42","22 Oct 2025, 18:55","","Superman",,"",1,"normal",,8,,,
"Abs","22 Oct 2025, 18:42","22 Oct 2025, 18:55","","Superman",,"",2,"normal",,8,,,
"Abs","14 Oct 2025, 21:22","14 Oct 2025, 21:32","","Plank",,"",0,"normal",,,,61,
"Abs","14 Oct 2025, 21:22","14 Oct 2025, 21:32","","Crunch",,"",0,"normal",,10,,,
"Abs","14 Oct 2025, 21:22","14 Oct 2025, 21:32","","Crunch",,"",1,"normal",,20,,,
"Abs","14 Oct 2025, 21:22","14 Oct 2025, 21:32","","Crunch",,"",2,"normal",,10,,,
"Abs","14 Oct 2025, 21:22","14 Oct 2025, 21:32","","Side Plank",,"",0,"normal",,,,30,
"Abs","14 Oct 2025, 21:22","14 Oct 2025, 21:32","","Side Plank",,"",1,"normal",,,,30,
"Puregym","14 Oct 2025, 16:16","14 Oct 2025, 16:37","","Pull Up (Assisted)",,"",0,"normal",9,8,,,
"Puregym","14 Oct 2025, 16:16","14 Oct 2025, 16:37","","Pull Up (Assisted)",,"",1,"normal",,6,,,
"Puregym","14 Oct 2025, 16:16","14 Oct 2025, 16:37","","Pull Up (Assisted)",,"",2,"normal",,6,,,
"Puregym","14 Oct 2025, 16:16","14 Oct 2025, 16:37","","Pull Up (Assisted)",,"",3,"normal",,6,,,
"Puregym","14 Oct 2025, 16:16","14 Oct 2025, 16:37","","Chest Press (Machine)",,"",0,"normal",45,8,,,
"Puregym","14 Oct 2025, 16:16","14 Oct 2025, 16:37","","Chest Press (Machine)",,"",1,"normal",79,8,,,
"Puregym","14 Oct 2025, 16:16","14 Oct 2025, 16:37","","Chest Press (Machine)",,"",2,"normal",79,8,,,
"Puregym","14 Oct 2025, 16:16","14 Oct 2025, 16:37","","Lat Pulldown (Cable)",,"",0,"normal",32,8,,,
"Puregym","14 Oct 2025, 16:16","14 Oct 2025, 16:37","","Lat Pulldown (Cable)",,"",1,"normal",59,8,,,
"Puregym","14 Oct 2025, 16:16","14 Oct 2025, 16:37","","Lat Pulldown (Cable)",,"",2,"normal",59,8,,,
"Puregym","14 Oct 2025, 16:16","14 Oct 2025, 16:37","","Lat Pulldown (Cable)",,"",3,"normal",59,8,,,
"Abs","11 Oct 2025, 11:13","11 Oct 2025, 11:24","","Plank",,"",0,"normal",,,,90,
"Abs","11 Oct 2025, 11:13","11 Oct 2025, 11:24","","Crunch",,"",0,"normal",,25,,,
"Abs","11 Oct 2025, 11:13","11 Oct 2025, 11:24","","Crunch",,"",1,"normal",,20,,,
"Abs","11 Oct 2025, 11:13","11 Oct 2025, 11:24","","Crunch",,"",2,"normal",,20,,,
"Abs","11 Oct 2025, 11:13","11 Oct 2025, 11:24","","Side Plank",,"",0,"normal",,,,40,
"Abs","11 Oct 2025, 11:13","11 Oct 2025, 11:24","","Side Plank",,"",1,"normal",,,,40,
"Abs","11 Oct 2025, 11:13","11 Oct 2025, 11:24","","Superman",,"",0,"normal",,8,,,
"Abs","11 Oct 2025, 11:13","11 Oct 2025, 11:24","","Superman",,"",1,"normal",,8,,,
"Abs","11 Oct 2025, 11:13","11 Oct 2025, 11:24","","Superman",,"",2,"normal",,8,,,
"Puregym","11 Oct 2025, 10:22","11 Oct 2025, 11:12","","Pull Up (Assisted)",,"",0,"normal",9,8,,,
"Puregym","11 Oct 2025, 10:22","11 Oct 2025, 11:12","","Pull Up (Assisted)",,"",1,"normal",,8,,,
"Puregym","11 Oct 2025, 10:22","11 Oct 2025, 11:12","","Pull Up (Assisted)",,"",2,"normal",,8,,,
"Puregym","11 Oct 2025, 10:22","11 Oct 2025, 11:12","","Pull Up (Assisted)",,"",3,"normal",,6,,,
"Puregym","11 Oct 2025, 10:22","11 Oct 2025, 11:12","","Butterfly (Pec Deck)",,"",0,"normal",66,8,,,
"Puregym","11 Oct 2025, 10:22","11 Oct 2025, 11:12","","Butterfly (Pec Deck)",,"",1,"normal",100,8,,,
"Puregym","11 Oct 2025, 10:22","11 Oct 2025, 11:12","","Butterfly (Pec Deck)",,"",2,"normal",107,8,,,
"Puregym","11 Oct 2025, 10:22","11 Oct 2025, 11:12","","Butterfly (Pec Deck)",,"",3,"normal",113,8,,,
"Puregym","11 Oct 2025, 10:22","11 Oct 2025, 11:12","","Reverse Lunge (Dumbbell)",,"",0,"normal",,8,,,
"Puregym","11 Oct 2025, 10:22","11 Oct 2025, 11:12","","Lat Pulldown (Cable)",,"",0,"normal",32,8,,,
"Puregym","11 Oct 2025, 10:22","11 Oct 2025, 11:12","","Lat Pulldown (Cable)",,"",1,"normal",59,8,,,
"Puregym","11 Oct 2025, 10:22","11 Oct 2025, 11:12","","Lat Pulldown (Cable)",,"",2,"normal",59,8,,,
"Puregym","11 Oct 2025, 10:22","11 Oct 2025, 11:12","","Lat Pulldown (Cable)",,"",3,"normal",59,8,,,
"Puregym","11 Oct 2025, 10:22","11 Oct 2025, 11:12","","Seated Row (Machine)",,"",0,"normal",32,8,,,
"Puregym","11 Oct 2025, 10:22","11 Oct 2025, 11:12","","Seated Row (Machine)",,"",1,"normal",52,8,,,
"Puregym","11 Oct 2025, 10:22","11 Oct 2025, 11:12","","Seated Row (Machine)",,"",2,"normal",52,8,,,
"Puregym","11 Oct 2025, 10:22","11 Oct 2025, 11:12","","Chest Press (Machine)",,"",0,"normal",45,8,,,
"Puregym","11 Oct 2025, 10:22","11 Oct 2025, 11:12","","Chest Press (Machine)",,"",1,"normal",79,8,,,
"Puregym","11 Oct 2025, 10:22","11 Oct 2025, 11:12","","Chest Press (Machine)",,"",2,"normal",86,8,,,
"Puregym","11 Oct 2025, 10:22","11 Oct 2025, 11:12","","Chest Press (Machine)",,"",3,"normal",86,8,,,
"Puregym","11 Oct 2025, 10:22","11 Oct 2025, 11:12","","Dead Hang",,"",0,"normal",,,,60,
"Abs","8 Oct 2025, 20:48","8 Oct 2025, 20:58","","Plank",,"",0,"normal",,,,90,
"Abs","8 Oct 2025, 20:48","8 Oct 2025, 20:58","","Crunch",,"",0,"normal",,20,,,
"Abs","8 Oct 2025, 20:48","8 Oct 2025, 20:58","","Crunch",,"",1,"normal",,20,,,
"Abs","8 Oct 2025, 20:48","8 Oct 2025, 20:58","","Crunch",,"",2,"normal",,20,,,
"Abs","8 Oct 2025, 20:48","8 Oct 2025, 20:58","","Side Plank",,"",0,"normal",,,,40,
"Abs","8 Oct 2025, 20:48","8 Oct 2025, 20:58","","Side Plank",,"",1,"normal",,,,40,
"Abs","8 Oct 2025, 20:48","8 Oct 2025, 20:58","","Superman",,"",0,"normal",,8,,,
"Abs","8 Oct 2025, 20:48","8 Oct 2025, 20:58","","Superman",,"",1,"normal",,10,,,
"Puregym","8 Oct 2025, 20:13","8 Oct 2025, 20:47","","Reverse Lunge (Dumbbell)",,"",0,"normal",,8,,,
"Puregym","8 Oct 2025, 20:13","8 Oct 2025, 20:47","","Reverse Lunge (Dumbbell)",,"",1,"failure",25,6,,,
"Puregym","8 Oct 2025, 20:13","8 Oct 2025, 20:47","","Reverse Lunge (Dumbbell)",,"",2,"normal",25,8,,,
"Puregym","8 Oct 2025, 20:13","8 Oct 2025, 20:47","","Reverse Lunge (Dumbbell)",,"",3,"normal",25,8,,,
"Puregym","8 Oct 2025, 20:13","8 Oct 2025, 20:47","","Bulgarian Split Squat",,"",0,"normal",,8,,,
"Puregym","8 Oct 2025, 20:13","8 Oct 2025, 20:47","","Bulgarian Split Squat",,"",1,"normal",20,8,,,
"Puregym","8 Oct 2025, 20:13","8 Oct 2025, 20:47","","Bulgarian Split Squat",,"",2,"normal",20,8,,,
"Puregym","8 Oct 2025, 20:13","8 Oct 2025, 20:47","","Bulgarian Split Squat",,"",3,"normal",20,8,,,
"Puregym","8 Oct 2025, 20:13","8 Oct 2025, 20:47","","Lat Pulldown (Cable)",,"",0,"normal",32,8,,,
"Puregym","8 Oct 2025, 20:13","8 Oct 2025, 20:47","","Lat Pulldown (Cable)",,"",1,"normal",59,8,,,
"Puregym","8 Oct 2025, 20:13","8 Oct 2025, 20:47","","Lat Pulldown (Cable)",,"",2,"normal",59,8,,,
"Puregym","8 Oct 2025, 20:13","8 Oct 2025, 20:47","","Lat Pulldown (Cable)",,"",3,"normal",59,8,,,
"Puregym","8 Oct 2025, 20:13","8 Oct 2025, 20:47","","Butterfly (Pec Deck)",,"",0,"normal",66,8,,,
"Puregym","6 Oct 2025, 20:05","6 Oct 2025, 20:52","","Pull Up (Assisted)",,"",0,"normal",9,8,,,
"Puregym","6 Oct 2025, 20:05","6 Oct 2025, 20:52","","Pull Up (Assisted)",,"",1,"normal",,6,,,
"Puregym","6 Oct 2025, 20:05","6 Oct 2025, 20:52","","Pull Up (Assisted)",,"",2,"normal",,6,,,
"Puregym","6 Oct 2025, 20:05","6 Oct 2025, 20:52","","Butterfly (Pec Deck)",,"",0,"normal",66,8,,,
"Puregym","6 Oct 2025, 20:05","6 Oct 2025, 20:52","","Butterfly (Pec Deck)",,"",1,"normal",86,8,,,
"Puregym","6 Oct 2025, 20:05","6 Oct 2025, 20:52","","Butterfly (Pec Deck)",,"",2,"normal",100,8,,,
"Puregym","6 Oct 2025, 20:05","6 Oct 2025, 20:52","","Butterfly (Pec Deck)",,"",3,"normal",107,8,,,
"Puregym","6 Oct 2025, 20:05","6 Oct 2025, 20:52","","Reverse Lunge (Dumbbell)",,"",0,"normal",,8,,,
"Puregym","6 Oct 2025, 20:05","6 Oct 2025, 20:52","","Dead Hang",,"",0,"normal",,,,60,
"Puregym","6 Oct 2025, 20:05","6 Oct 2025, 20:52","","Shoulder Press (Dumbbell)",,"",0,"normal",20,8,,,
"Puregym","6 Oct 2025, 20:05","6 Oct 2025, 20:52","","Shoulder Press (Dumbbell)",,"",1,"normal",32,6,,,
"Puregym","6 Oct 2025, 20:05","6 Oct 2025, 20:52","","Chest Press (Machine)",,"",0,"normal",45,8,,,
"Puregym","6 Oct 2025, 20:05","6 Oct 2025, 20:52","","Chest Press (Machine)",,"",1,"normal",66,8,,,
"Puregym","6 Oct 2025, 20:05","6 Oct 2025, 20:52","","Chest Press (Machine)",,"",2,"normal",73,8,,,
"Puregym","6 Oct 2025, 20:05","6 Oct 2025, 20:52","","Chest Press (Machine)",,"",3,"normal",73,8,,,
"Puregym","6 Oct 2025, 20:05","6 Oct 2025, 20:52","","Lat Pulldown (Cable)",,"",0,"normal",32,8,,,
"Puregym","6 Oct 2025, 20:05","6 Oct 2025, 20:52","","Lat Pulldown (Cable)",,"",1,"normal",52,8,,,
"Puregym","6 Oct 2025, 20:05","6 Oct 2025, 20:52","","Lat Pulldown (Cable)",,"",2,"normal",52,8,,,
"Puregym","6 Oct 2025, 20:05","6 Oct 2025, 20:52","","Lat Pulldown (Cable)",,"",3,"normal",52,8,,,
"Puregym","6 Oct 2025, 20:05","6 Oct 2025, 20:52","","Seated Row (Machine)",,"",0,"normal",32,8,,,
"Puregym","6 Oct 2025, 20:05","6 Oct 2025, 20:52","","Seated Row (Machine)",,"",1,"normal",52,8,,,
"Puregym","6 Oct 2025, 20:05","6 Oct 2025, 20:52","","Seated Row (Machine)",,"",2,"normal",52,8,,,
"Puregym","4 Oct 2025, 17:48","4 Oct 2025, 18:08","","Reverse Lunge (Dumbbell)",,"",0,"normal",,8,,,
"Puregym","4 Oct 2025, 17:48","4 Oct 2025, 18:08","","Reverse Lunge (Dumbbell)",,"",1,"failure",25,8,,,
"Puregym","4 Oct 2025, 17:48","4 Oct 2025, 18:08","","Reverse Lunge (Dumbbell)",,"",2,"normal",25,8,,,
"Puregym","4 Oct 2025, 17:48","4 Oct 2025, 18:08","","Bulgarian Split Squat",,"",0,"normal",,8,,,
"Puregym","4 Oct 2025, 17:48","4 Oct 2025, 18:08","","Bulgarian Split Squat",,"",1,"normal",20,8,,,
"Abs","4 Oct 2025, 17:35","4 Oct 2025, 17:48","","Plank",,"",0,"normal",,,,90,
"Abs","4 Oct 2025, 17:35","4 Oct 2025, 17:48","","Crunch",,"",0,"normal",,20,,,
"Abs","4 Oct 2025, 17:35","4 Oct 2025, 17:48","","Crunch",,"",1,"normal",,20,,,
"Abs","4 Oct 2025, 17:35","4 Oct 2025, 17:48","","Crunch",,"",2,"normal",,20,,,
"Abs","4 Oct 2025, 17:35","4 Oct 2025, 17:48","","Side Plank",,"",0,"normal",,,,40,
"Abs","4 Oct 2025, 17:35","4 Oct 2025, 17:48","","Side Plank",,"",1,"normal",,,,40,
"Abs","4 Oct 2025, 17:35","4 Oct 2025, 17:48","","Superman",,"",0,"normal",,8,,,
"Abs","4 Oct 2025, 17:35","4 Oct 2025, 17:48","","Superman",,"",1,"normal",,8,,,
"Abs","2 Oct 2025, 20:16","2 Oct 2025, 20:24","","Plank",,"",0,"normal",,,,90,
"Abs","2 Oct 2025, 20:16","2 Oct 2025, 20:24","","Crunch",,"",0,"normal",,15,,,
"Abs","2 Oct 2025, 20:16","2 Oct 2025, 20:24","","Crunch",,"",1,"normal",,15,,,
"Abs","2 Oct 2025, 20:16","2 Oct 2025, 20:24","","Side Plank",,"",0,"normal",,,,40,
"Abs","2 Oct 2025, 20:16","2 Oct 2025, 20:24","","Side Plank",,"",1,"normal",,,,40,
"Abs","2 Oct 2025, 20:16","2 Oct 2025, 20:24","","Superman",,"",0,"normal",,8,,,
"Abs","2 Oct 2025, 20:16","2 Oct 2025, 20:24","","Superman",,"",1,"normal",,8,,,
"Puregym","2 Oct 2025, 19:36","2 Oct 2025, 20:12","","Lat Pulldown (Cable)",,"",0,"normal",32,8,,,
"Puregym","2 Oct 2025, 19:36","2 Oct 2025, 20:12","","Lat Pulldown (Cable)",,"",1,"normal",52,8,,,
"Puregym","2 Oct 2025, 19:36","2 Oct 2025, 20:12","","Lat Pulldown (Cable)",,"",2,"normal",59,8,,,
"Puregym","2 Oct 2025, 19:36","2 Oct 2025, 20:12","","Lat Pulldown (Cable)",,"",3,"normal",59,8,,,
"Puregym","2 Oct 2025, 19:36","2 Oct 2025, 20:12","","Chest Press (Machine)",,"",0,"normal",45,8,,,
"Puregym","2 Oct 2025, 19:36","2 Oct 2025, 20:12","","Chest Press (Machine)",,"",1,"normal",73,8,,,
"Puregym","2 Oct 2025, 19:36","2 Oct 2025, 20:12","","Chest Press (Machine)",,"",2,"normal",79,8,,,
"Puregym","2 Oct 2025, 19:36","2 Oct 2025, 20:12","","Chest Press (Machine)",,"",3,"normal",79,8,,,
"Puregym","2 Oct 2025, 19:36","2 Oct 2025, 20:12","","Pull Up (Assisted)",,"",0,"normal",9,8,,,
"Puregym","2 Oct 2025, 19:36","2 Oct 2025, 20:12","","Pull Up (Assisted)",,"",1,"normal",,6,,,
"Puregym","2 Oct 2025, 19:36","2 Oct 2025, 20:12","","Pull Up (Assisted)",,"",2,"normal",,6,,,
"Puregym","2 Oct 2025, 19:36","2 Oct 2025, 20:12","","Seated Row (Machine)",,"",0,"normal",32,8,,,
"Puregym","2 Oct 2025, 19:36","2 Oct 2025, 20:12","","Seated Row (Machine)",,"",1,"normal",52,8,,,
"Puregym","2 Oct 2025, 19:36","2 Oct 2025, 20:12","","Seated Row (Machine)",,"",2,"normal",52,8,,,
"Puregym","2 Oct 2025, 19:36","2 Oct 2025, 20:12","","Butterfly (Pec Deck)",,"",0,"normal",66,8,,,
"Puregym","2 Oct 2025, 19:36","2 Oct 2025, 20:12","","Butterfly (Pec Deck)",,"",1,"normal",113,8,,,
"Puregym","2 Oct 2025, 19:36","2 Oct 2025, 20:12","","Butterfly (Pec Deck)",,"",2,"normal",100,8,,,
"Puregym","2 Oct 2025, 19:36","2 Oct 2025, 20:12","","Butterfly (Pec Deck)",,"",3,"normal",100,8,,,
"Puregym","30 Sep 2025, 12:41","30 Sep 2025, 13:23","","Reverse Lunge (Dumbbell)",,"",0,"normal",,8,,,
"Puregym","30 Sep 2025, 12:41","30 Sep 2025, 13:23","","Reverse Lunge (Dumbbell)",,"",1,"failure",20,8,,,
"Puregym","30 Sep 2025, 12:41","30 Sep 2025, 13:23","","Reverse Lunge (Dumbbell)",,"",2,"normal",25,8,,,
"Puregym","30 Sep 2025, 12:41","30 Sep 2025, 13:23","","Reverse Lunge (Dumbbell)",,"",3,"normal",25,8,,,
"Puregym","30 Sep 2025, 12:41","30 Sep 2025, 13:23","","Bulgarian Split Squat",,"",0,"normal",,8,,,
"Puregym","30 Sep 2025, 12:41","30 Sep 2025, 13:23","","Bulgarian Split Squat",,"",1,"normal",15,8,,,
"Puregym","30 Sep 2025, 12:41","30 Sep 2025, 13:23","","Bulgarian Split Squat",,"",2,"normal",20,8,,,
"Puregym","30 Sep 2025, 12:41","30 Sep 2025, 13:23","","Bulgarian Split Squat",,"",3,"normal",20,8,,,
"Puregym","30 Sep 2025, 12:41","30 Sep 2025, 13:23","","Dead Hang",,"",0,"normal",,,,40,
"Puregym","30 Sep 2025, 12:41","30 Sep 2025, 13:23","","Shoulder Press (Dumbbell)",,"",0,"normal",20,8,,,
"Puregym","30 Sep 2025, 12:41","30 Sep 2025, 13:23","","Shoulder Press (Dumbbell)",,"",1,"normal",36,6,,,
"Puregym","30 Sep 2025, 12:41","30 Sep 2025, 13:23","","Shoulder Press (Dumbbell)",,"",2,"normal",32,8,,,
"Puregym","30 Sep 2025, 12:41","30 Sep 2025, 13:23","","Lat Pulldown (Cable)",,"",0,"normal",32,8,,,
"Puregym","30 Sep 2025, 12:41","30 Sep 2025, 13:23","","Lat Pulldown (Cable)",,"",1,"normal",59,8,,,
"Puregym","30 Sep 2025, 12:41","30 Sep 2025, 13:23","","Lat Pulldown (Cable)",,"",2,"normal",59,8,,,
"Puregym","30 Sep 2025, 12:41","30 Sep 2025, 13:23","","Lat Pulldown (Cable)",,"",3,"normal",59,8,,,
"Puregym","28 Sep 2025, 18:04","28 Sep 2025, 18:47","","Dead Hang",,"",0,"normal",,,,80,
"Puregym","28 Sep 2025, 18:04","28 Sep 2025, 18:47","","Butterfly (Pec Deck)",,"",0,"normal",66,8,,,
"Puregym","28 Sep 2025, 18:04","28 Sep 2025, 18:47","","Butterfly (Pec Deck)",,"",1,"normal",100,8,,,
"Puregym","28 Sep 2025, 18:04","28 Sep 2025, 18:47","","Butterfly (Pec Deck)",,"",2,"normal",107,8,,,
"Puregym","28 Sep 2025, 18:04","28 Sep 2025, 18:47","","Butterfly (Pec Deck)",,"",3,"normal",113,8,,,
"Puregym","28 Sep 2025, 18:04","28 Sep 2025, 18:47","","Pull Up (Assisted)",,"",0,"normal",9,8,,,
"Puregym","28 Sep 2025, 18:04","28 Sep 2025, 18:47","","Pull Up (Assisted)",,"",1,"normal",,6,,,
"Puregym","28 Sep 2025, 18:04","28 Sep 2025, 18:47","","Pull Up (Assisted)",,"",2,"normal",,6,,,
"Puregym","28 Sep 2025, 18:04","28 Sep 2025, 18:47","","Pull Up (Assisted)",,"",3,"normal",,6,,,
"Puregym","28 Sep 2025, 18:04","28 Sep 2025, 18:47","","Chest Press (Machine)",,"",0,"normal",45,8,,,
"Puregym","28 Sep 2025, 18:04","28 Sep 2025, 18:47","","Chest Press (Machine)",,"",1,"normal",73,8,,,
"Puregym","28 Sep 2025, 18:04","28 Sep 2025, 18:47","","Chest Press (Machine)",,"",2,"normal",79,8,,,
"Puregym","28 Sep 2025, 18:04","28 Sep 2025, 18:47","","Chest Press (Machine)",,"",3,"normal",79,8,,,
"Puregym","28 Sep 2025, 18:04","28 Sep 2025, 18:47","","Seated Row (Machine)",,"",0,"normal",32,8,,,
"Puregym","28 Sep 2025, 18:04","28 Sep 2025, 18:47","","Seated Row (Machine)",,"",1,"normal",52,8,,,
"Puregym","28 Sep 2025, 18:04","28 Sep 2025, 18:47","","Seated Row (Machine)",,"",2,"normal",59,8,,,
"Puregym","28 Sep 2025, 18:04","28 Sep 2025, 18:47","","Lat Pulldown (Cable)",,"",0,"normal",32,8,,,
"Puregym","28 Sep 2025, 18:04","28 Sep 2025, 18:47","","Lat Pulldown (Cable)",,"",1,"normal",59,6,,,
"Puregym","28 Sep 2025, 18:04","28 Sep 2025, 18:47","","Lat Pulldown (Cable)",,"",2,"normal",52,8,,,
"Puregym","28 Sep 2025, 18:04","28 Sep 2025, 18:47","","Reverse Lunge (Dumbbell)",,"",0,"normal",,8,,,
"Puregym","28 Sep 2025, 18:04","28 Sep 2025, 18:47","","Reverse Lunge (Dumbbell)",,"",1,"failure",20,8,,,
"Puregym","24 Sep 2025, 19:16","24 Sep 2025, 19:56","","Reverse Lunge (Dumbbell)",,"",0,"normal",,8,,,
"Puregym","24 Sep 2025, 19:16","24 Sep 2025, 19:56","","Reverse Lunge (Dumbbell)",,"",1,"failure",20,8,,,
"Puregym","24 Sep 2025, 19:16","24 Sep 2025, 19:56","","Reverse Lunge (Dumbbell)",,"",2,"normal",20,8,,,
"Puregym","24 Sep 2025, 19:16","24 Sep 2025, 19:56","","Reverse Lunge (Dumbbell)",,"",3,"normal",20,8,,,
"Puregym","24 Sep 2025, 19:16","24 Sep 2025, 19:56","","Bulgarian Split Squat",,"",0,"normal",,8,,,
"Puregym","24 Sep 2025, 19:16","24 Sep 2025, 19:56","","Bulgarian Split Squat",,"",1,"normal",20,8,,,
"Puregym","24 Sep 2025, 19:16","24 Sep 2025, 19:56","","Pull Up (Assisted)",,"",0,"normal",9,8,,,
"Puregym","24 Sep 2025, 19:16","24 Sep 2025, 19:56","","Pull Up (Assisted)",,"",1,"normal",,8,,,
"Puregym","24 Sep 2025, 19:16","24 Sep 2025, 19:56","","Pull Up (Assisted)",,"",2,"normal",,6,,,
"Puregym","24 Sep 2025, 19:16","24 Sep 2025, 19:56","","Pull Up (Assisted)",,"",3,"normal",,6,,,
"Puregym","24 Sep 2025, 19:16","24 Sep 2025, 19:56","","Butterfly (Pec Deck)",,"",0,"normal",66,8,,,
"Puregym","24 Sep 2025, 19:16","24 Sep 2025, 19:56","","Butterfly (Pec Deck)",,"",1,"normal",100,8,,,
"Puregym","24 Sep 2025, 19:16","24 Sep 2025, 19:56","","Butterfly (Pec Deck)",,"",2,"normal",113,8,,,
"Puregym","24 Sep 2025, 19:16","24 Sep 2025, 19:56","","Butterfly (Pec Deck)",,"",3,"normal",113,8,,,
"Puregym","24 Sep 2025, 19:16","24 Sep 2025, 19:56","","Farmers Carry",,"",0,"normal",64,,,60,
"Puregym","24 Sep 2025, 19:16","24 Sep 2025, 19:56","","Dead Hang",,"",0,"normal",,,,30,
"Puregym","24 Sep 2025, 19:16","24 Sep 2025, 19:56","","Seated Row (Machine)",,"",0,"normal",32,8,,,
"Puregym","24 Sep 2025, 19:16","24 Sep 2025, 19:56","","Seated Row (Machine)",,"",1,"normal",52,8,,,
"Puregym","24 Sep 2025, 19:16","24 Sep 2025, 19:56","","Seated Row (Machine)",,"",2,"normal",52,8,,,
"Puregym","24 Sep 2025, 19:16","24 Sep 2025, 19:56","","Seated Row (Machine)",,"",3,"normal",52,8,,,
"Abs","22 Sep 2025, 21:45","22 Sep 2025, 21:55","","Plank",,"",0,"normal",,,,60,
"Abs","22 Sep 2025, 21:45","22 Sep 2025, 21:55","","Crunch",,"",0,"normal",,10,,,
"Abs","22 Sep 2025, 21:45","22 Sep 2025, 21:55","","Crunch",,"",1,"normal",,10,,,
"Abs","22 Sep 2025, 21:45","22 Sep 2025, 21:55","","Crunch",,"",2,"normal",,10,,,
"Abs","22 Sep 2025, 21:45","22 Sep 2025, 21:55","","Side Plank",,"",0,"normal",,,,30,
"Abs","22 Sep 2025, 21:45","22 Sep 2025, 21:55","","Side Plank",,"",1,"normal",,,,30,
"Abs","22 Sep 2025, 21:45","22 Sep 2025, 21:55","","Superman",,"",0,"normal",,8,,,
"Abs","22 Sep 2025, 21:45","22 Sep 2025, 21:55","","Superman",,"",1,"normal",,8,,,
"Abs","22 Sep 2025, 21:45","22 Sep 2025, 21:55","","Superman",,"",2,"normal",,8,,,
"Puregym","22 Sep 2025, 21:06","22 Sep 2025, 21:45","","Lat Pulldown (Cable)",,"",0,"normal",32,8,,,
"Puregym","22 Sep 2025, 21:06","22 Sep 2025, 21:45","","Lat Pulldown (Cable)",,"",1,"normal",59,8,,,
"Puregym","22 Sep 2025, 21:06","22 Sep 2025, 21:45","","Lat Pulldown (Cable)",,"",2,"normal",59,8,,,
"Puregym","22 Sep 2025, 21:06","22 Sep 2025, 21:45","","Lat Pulldown (Cable)",,"",3,"normal",59,8,,,
"Puregym","22 Sep 2025, 21:06","22 Sep 2025, 21:45","","Butterfly (Pec Deck)",,"",0,"normal",66,8,,,
"Puregym","22 Sep 2025, 21:06","22 Sep 2025, 21:45","","Butterfly (Pec Deck)",,"",1,"normal",113,8,,,
"Puregym","22 Sep 2025, 21:06","22 Sep 2025, 21:45","","Butterfly (Pec Deck)",,"",2,"normal",113,8,,,
"Puregym","22 Sep 2025, 21:06","22 Sep 2025, 21:45","","Butterfly (Pec Deck)",,"",3,"normal",113,8,,,
"Puregym","22 Sep 2025, 21:06","22 Sep 2025, 21:45","","Seated Row (Machine)",,"",0,"normal",32,8,,,
"Puregym","22 Sep 2025, 21:06","22 Sep 2025, 21:45","","Seated Row (Machine)",,"",1,"normal",52,8,,,
"Puregym","22 Sep 2025, 21:06","22 Sep 2025, 21:45","","Seated Row (Machine)",,"",2,"normal",52,8,,,
"Puregym","22 Sep 2025, 21:06","22 Sep 2025, 21:45","","Seated Row (Machine)",,"",3,"normal",52,8,,,
"Puregym","22 Sep 2025, 21:06","22 Sep 2025, 21:45","","Chest Press (Machine)",,"",0,"normal",45,8,,,
"Puregym","22 Sep 2025, 21:06","22 Sep 2025, 21:45","","Chest Press (Machine)",,"",1,"normal",73,8,,,
"Puregym","22 Sep 2025, 21:06","22 Sep 2025, 21:45","","Chest Press (Machine)",,"",2,"normal",79,8,,,
"Puregym","22 Sep 2025, 21:06","22 Sep 2025, 21:45","","Chest Press (Machine)",,"",3,"normal",79,8,,,
"Puregym","22 Sep 2025, 21:06","22 Sep 2025, 21:45","","Pull Up (Assisted)",,"",0,"normal",9,8,,,
"Puregym","22 Sep 2025, 21:06","22 Sep 2025, 21:45","","Pull Up (Assisted)",,"",1,"normal",,6,,,
"Puregym","22 Sep 2025, 21:06","22 Sep 2025, 21:45","","Reverse Lunge (Dumbbell)",,"",0,"normal",,8,,,
"Puregym","22 Sep 2025, 21:06","22 Sep 2025, 21:45","","Reverse Lunge (Dumbbell)",,"",1,"failure",20,8,,,
"Puregym","22 Sep 2025, 21:06","22 Sep 2025, 21:45","","Reverse Lunge (Dumbbell)",,"",2,"normal",20,8,,,
"Puregym","22 Sep 2025, 21:06","22 Sep 2025, 21:45","","Reverse Lunge (Dumbbell)",,"",3,"normal",20,8,,,
"Abs","18 Sep 2025, 17:41","18 Sep 2025, 17:50","","Plank",,"",0,"normal",,,,60,
"Abs","18 Sep 2025, 17:41","18 Sep 2025, 17:50","","Crunch",,"",0,"normal",,10,,,
"Abs","18 Sep 2025, 17:41","18 Sep 2025, 17:50","","Crunch",,"",1,"normal",,8,,,
"Abs","18 Sep 2025, 17:41","18 Sep 2025, 17:50","","Crunch",,"",2,"normal",,8,,,
"Abs","18 Sep 2025, 17:41","18 Sep 2025, 17:50","","Side Plank",,"",0,"normal",,,,31,
"Abs","18 Sep 2025, 17:41","18 Sep 2025, 17:50","","Side Plank",,"",1,"normal",,,,30,
"Abs","18 Sep 2025, 17:41","18 Sep 2025, 17:50","","Superman",,"",0,"normal",,8,,,
"Abs","18 Sep 2025, 17:41","18 Sep 2025, 17:50","","Superman",,"",1,"normal",,8,,,
"Puregym","18 Sep 2025, 17:10","18 Sep 2025, 17:37","","Lat Pulldown (Cable)",,"",0,"normal",32,8,,,
"Puregym","18 Sep 2025, 17:10","18 Sep 2025, 17:37","","Lat Pulldown (Cable)",,"",1,"normal",59,8,,,
"Puregym","18 Sep 2025, 17:10","18 Sep 2025, 17:37","","Lat Pulldown (Cable)",,"",2,"normal",59,8,,,
"Puregym","18 Sep 2025, 17:10","18 Sep 2025, 17:37","","Lat Pulldown (Cable)",,"",3,"normal",59,8,,,
"Puregym","18 Sep 2025, 17:10","18 Sep 2025, 17:37","","Butterfly (Pec Deck)",,"",0,"normal",66,8,,,
"Puregym","18 Sep 2025, 17:10","18 Sep 2025, 17:37","","Butterfly (Pec Deck)",,"",1,"normal",100,8,,,
"Puregym","18 Sep 2025, 17:10","18 Sep 2025, 17:37","","Butterfly (Pec Deck)",,"",2,"normal",113,8,,,
"Puregym","18 Sep 2025, 17:10","18 Sep 2025, 17:37","","Butterfly (Pec Deck)",,"",3,"normal",113,8,,,
"Puregym","18 Sep 2025, 17:10","18 Sep 2025, 17:37","","Pull Up (Assisted)",,"",0,"normal",9,8,,,
"Puregym","18 Sep 2025, 17:10","18 Sep 2025, 17:37","","Pull Up (Assisted)",,"",1,"normal",,6,,,
"Puregym","18 Sep 2025, 17:10","18 Sep 2025, 17:37","","Pull Up (Assisted)",,"",2,"normal",,6,,,
"Puregym","18 Sep 2025, 17:10","18 Sep 2025, 17:37","","Seated Row (Machine)",,"",0,"normal",32,8,,,
"Puregym","18 Sep 2025, 17:10","18 Sep 2025, 17:37","","Seated Row (Machine)",,"",1,"normal",52,8,,,
"Puregym","18 Sep 2025, 17:10","18 Sep 2025, 17:37","","Chest Press (Machine)",,"",0,"normal",45,8,,,
"Puregym","18 Sep 2025, 17:10","18 Sep 2025, 17:37","","Chest Press (Machine)",,"",1,"normal",73,8,,,
"Puregym","18 Sep 2025, 17:10","18 Sep 2025, 17:37","","Chest Press (Machine)",,"",2,"normal",79,8,,,
"Puregym","18 Sep 2025, 17:10","18 Sep 2025, 17:37","","Chest Press (Machine)",,"",3,"normal",79,8,,,
"Puregym","16 Sep 2025, 12:45","16 Sep 2025, 13:17","","Butterfly (Pec Deck)",,"",0,"normal",66,8,,,
"Puregym","16 Sep 2025, 12:45","16 Sep 2025, 13:17","","Butterfly (Pec Deck)",,"",1,"normal",86,8,,,
"Puregym","16 Sep 2025, 12:45","16 Sep 2025, 13:17","","Butterfly (Pec Deck)",,"",2,"normal",113,8,,,
"Puregym","16 Sep 2025, 12:45","16 Sep 2025, 13:17","","Butterfly (Pec Deck)",,"",3,"normal",113,8,,,
"Puregym","16 Sep 2025, 12:45","16 Sep 2025, 13:17","","Pull Up (Assisted)",,"",0,"normal",9,8,,,
"Puregym","16 Sep 2025, 12:45","16 Sep 2025, 13:17","","Pull Up (Assisted)",,"",1,"normal",,6,,,
"Puregym","16 Sep 2025, 12:45","16 Sep 2025, 13:17","","Pull Up (Assisted)",,"",2,"normal",,6,,,
"Puregym","16 Sep 2025, 12:45","16 Sep 2025, 13:17","","Pull Up (Assisted)",,"",3,"normal",,6,,,
"Puregym","16 Sep 2025, 12:45","16 Sep 2025, 13:17","","Seated Row (Machine)",,"",0,"normal",32,8,,,
"Puregym","16 Sep 2025, 12:45","16 Sep 2025, 13:17","","Seated Row (Machine)",,"",1,"normal",52,8,,,
"Puregym","16 Sep 2025, 12:45","16 Sep 2025, 13:17","","Seated Row (Machine)",,"",2,"normal",52,8,,,
"Puregym","16 Sep 2025, 12:45","16 Sep 2025, 13:17","","Reverse Lunge (Dumbbell)",,"",0,"normal",,8,,,
"Puregym","16 Sep 2025, 12:45","16 Sep 2025, 13:17","","Reverse Lunge (Dumbbell)",,"",1,"failure",20,8,,,
"Puregym","16 Sep 2025, 12:45","16 Sep 2025, 13:17","","Reverse Lunge (Dumbbell)",,"",2,"normal",20,8,,,
"Puregym","16 Sep 2025, 12:45","16 Sep 2025, 13:17","","Reverse Lunge (Dumbbell)",,"",3,"normal",20,8,,,
"Puregym","16 Sep 2025, 12:45","16 Sep 2025, 13:17","","Lat Pulldown (Cable)",,"",0,"normal",32,8,,,
"Puregym","16 Sep 2025, 12:45","16 Sep 2025, 13:17","","Lat Pulldown (Cable)",,"",1,"normal",59,8,,,
"Puregym","16 Sep 2025, 12:45","16 Sep 2025, 13:17","","Lat Pulldown (Cable)",,"",2,"normal",52,8,,,
"Puregym","16 Sep 2025, 12:45","16 Sep 2025, 13:17","","Chest Press (Machine)",,"",0,"normal",45,8,,,
"Puregym","16 Sep 2025, 12:45","16 Sep 2025, 13:17","","Chest Press (Machine)",,"",1,"normal",73,8,,,
"Puregym","16 Sep 2025, 12:45","16 Sep 2025, 13:17","","Chest Press (Machine)",,"",2,"normal",79,8,,,
"Puregym","16 Sep 2025, 12:45","16 Sep 2025, 13:17","","Chest Press (Machine)",,"",3,"normal",79,8,,,
"Abs","14 Sep 2025, 13:13","14 Sep 2025, 13:19","","Plank",,"",0,"normal",,,,60,
"Abs","14 Sep 2025, 13:13","14 Sep 2025, 13:19","","Crunch",,"",0,"normal",,8,,,
"Abs","14 Sep 2025, 13:13","14 Sep 2025, 13:19","","Crunch",,"",1,"normal",,8,,,
"Abs","14 Sep 2025, 13:13","14 Sep 2025, 13:19","","Crunch",,"",2,"normal",,8,,,
"Abs","14 Sep 2025, 13:13","14 Sep 2025, 13:19","","Side Plank",,"",0,"normal",,,,30,
"Abs","14 Sep 2025, 13:13","14 Sep 2025, 13:19","","Side Plank",,"",1,"normal",,,,30,
"Puregym","14 Sep 2025, 12:23","14 Sep 2025, 13:12","","Reverse Lunge (Dumbbell)",,"",0,"normal",,8,,,
"Puregym","14 Sep 2025, 12:23","14 Sep 2025, 13:12","","Reverse Lunge (Dumbbell)",,"",1,"failure",,8,,,
"Puregym","14 Sep 2025, 12:23","14 Sep 2025, 13:12","","Reverse Lunge (Dumbbell)",,"",2,"normal",20,8,,,
"Puregym","14 Sep 2025, 12:23","14 Sep 2025, 13:12","","Reverse Lunge (Dumbbell)",,"",3,"normal",20,8,,,
"Puregym","14 Sep 2025, 12:23","14 Sep 2025, 13:12","","Reverse Lunge (Dumbbell)",,"",4,"normal",20,8,,,
"Puregym","14 Sep 2025, 12:23","14 Sep 2025, 13:12","","Pull Up (Assisted)",,"",0,"normal",9,8,,,
"Puregym","14 Sep 2025, 12:23","14 Sep 2025, 13:12","","Pull Up (Assisted)",,"",1,"normal",,5,,,
"Puregym","14 Sep 2025, 12:23","14 Sep 2025, 13:12","","Pull Up (Assisted)",,"",2,"normal",,6,,,
"Puregym","14 Sep 2025, 12:23","14 Sep 2025, 13:12","","Pull Up (Assisted)",,"",3,"normal",,6,,,
"Puregym","14 Sep 2025, 12:23","14 Sep 2025, 13:12","","Chest Press (Machine)",,"",0,"normal",45,8,,,
"Puregym","14 Sep 2025, 12:23","14 Sep 2025, 13:12","","Chest Press (Machine)",,"",1,"normal",73,8,,,
"Puregym","14 Sep 2025, 12:23","14 Sep 2025, 13:12","","Chest Press (Machine)",,"",2,"normal",79,8,,,
"Puregym","14 Sep 2025, 12:23","14 Sep 2025, 13:12","","Chest Press (Machine)",,"",3,"normal",79,8,,,
"Puregym","14 Sep 2025, 12:23","14 Sep 2025, 13:12","","Lat Pulldown (Cable)",,"",0,"normal",32,8,,,
"Puregym","14 Sep 2025, 12:23","14 Sep 2025, 13:12","","Lat Pulldown (Cable)",,"",1,"normal",52,8,,,
"Puregym","14 Sep 2025, 12:23","14 Sep 2025, 13:12","","Lat Pulldown (Cable)",,"",2,"normal",59,8,,,
"Puregym","14 Sep 2025, 12:23","14 Sep 2025, 13:12","","Lat Pulldown (Cable)",,"",3,"normal",59,8,,,
"Puregym","14 Sep 2025, 12:23","14 Sep 2025, 13:12","","Butterfly (Pec Deck)",,"",0,"normal",66,8,,,
"Puregym","14 Sep 2025, 12:23","14 Sep 2025, 13:12","","Butterfly (Pec Deck)",,"",1,"normal",113,8,,,
"Puregym","14 Sep 2025, 12:23","14 Sep 2025, 13:12","","Butterfly (Pec Deck)",,"",2,"normal",113,8,,,
"Puregym","14 Sep 2025, 12:23","14 Sep 2025, 13:12","","Butterfly (Pec Deck)",,"",3,"normal",113,6,,,
"Puregym","14 Sep 2025, 12:23","14 Sep 2025, 13:12","","Seated Row (Machine)",,"",0,"normal",32,8,,,
"Puregym","14 Sep 2025, 12:23","14 Sep 2025, 13:12","","Seated Row (Machine)",,"",1,"normal",52,8,,,
"Puregym","14 Sep 2025, 12:23","14 Sep 2025, 13:12","","Seated Row (Machine)",,"",2,"normal",52,8,,,
"Puregym","14 Sep 2025, 12:23","14 Sep 2025, 13:12","","Seated Row (Machine)",,"",3,"normal",52,8,,,
"Puregym","11 Sep 2025, 18:06","11 Sep 2025, 18:31","","Reverse Lunge (Dumbbell)",,"",0,"normal",5,8,,,
"Puregym","11 Sep 2025, 18:06","11 Sep 2025, 18:31","","Reverse Lunge (Dumbbell)",,"",1,"failure",20,8,,,
"Puregym","11 Sep 2025, 18:06","11 Sep 2025, 18:31","","Reverse Lunge (Dumbbell)",,"",2,"normal",20,8,,,
"Puregym","11 Sep 2025, 18:06","11 Sep 2025, 18:31","","Reverse Lunge (Dumbbell)",,"",3,"normal",20,8,,,
"Puregym","11 Sep 2025, 18:06","11 Sep 2025, 18:31","","Pull Up (Assisted)",,"",0,"normal",9,8,,,
"Puregym","11 Sep 2025, 18:06","11 Sep 2025, 18:31","","Pull Up (Assisted)",,"",1,"normal",,8,,,
"Puregym","11 Sep 2025, 18:06","11 Sep 2025, 18:31","","Pull Up (Assisted)",,"",2,"normal",,6,,,
"Puregym","11 Sep 2025, 18:06","11 Sep 2025, 18:31","","Pull Up (Assisted)",,"",3,"normal",,6,,,
"Puregym","11 Sep 2025, 18:06","11 Sep 2025, 18:31","","Butterfly (Pec Deck)",,"",0,"normal",66,8,,,
"Puregym","11 Sep 2025, 18:06","11 Sep 2025, 18:31","","Butterfly (Pec Deck)",,"",1,"normal",113,8,,,
"Puregym","11 Sep 2025, 18:06","11 Sep 2025, 18:31","","Butterfly (Pec Deck)",,"",2,"normal",113,8,,,
"Puregym","11 Sep 2025, 18:06","11 Sep 2025, 18:31","","Butterfly (Pec Deck)",,"",3,"normal",113,6,,,
"Puregym","11 Sep 2025, 18:06","11 Sep 2025, 18:31","","Chest Press (Machine)",,"",0,"normal",45,8,,,
"Puregym","11 Sep 2025, 18:06","11 Sep 2025, 18:31","","Chest Press (Machine)",,"",1,"normal",73,8,,,
"Abs","11 Sep 2025, 17:52","11 Sep 2025, 18:06","","Plank",,"",0,"normal",,,,120,
"Abs","11 Sep 2025, 17:52","11 Sep 2025, 18:06","","Crunch",,"",0,"normal",,8,,,
"Abs","11 Sep 2025, 17:52","11 Sep 2025, 18:06","","Crunch",,"",1,"normal",,8,,,
"Abs","11 Sep 2025, 17:52","11 Sep 2025, 18:06","","Crunch",,"",2,"normal",,8,,,
"Abs","11 Sep 2025, 17:52","11 Sep 2025, 18:06","","Side Plank",,"",0,"normal",,,,31,
"Abs","11 Sep 2025, 17:52","11 Sep 2025, 18:06","","Side Plank",,"",1,"normal",,,,30,
"Abs","11 Sep 2025, 17:52","11 Sep 2025, 18:06","","Superman",,"",0,"normal",,8,,,
"Abs","11 Sep 2025, 17:52","11 Sep 2025, 18:06","","Superman",,"",1,"normal",,8,,,
"Abs","11 Sep 2025, 17:52","11 Sep 2025, 18:06","","Superman",,"",2,"normal",,8,,,
"Puregym","9 Sep 2025, 21:48","9 Sep 2025, 22:35","","Reverse Lunge (Dumbbell)",,"",0,"normal",,8,,,
"Puregym","9 Sep 2025, 21:48","9 Sep 2025, 22:35","","Reverse Lunge (Dumbbell)",,"",1,"failure",20,8,,,
"Puregym","9 Sep 2025, 21:48","9 Sep 2025, 22:35","","Reverse Lunge (Dumbbell)",,"",2,"normal",20,8,,,
"Puregym","9 Sep 2025, 21:48","9 Sep 2025, 22:35","","Reverse Lunge (Dumbbell)",,"",3,"normal",20,8,,,
"Puregym","9 Sep 2025, 21:48","9 Sep 2025, 22:35","","Pull Up (Assisted)",,"",0,"normal",9,8,,,
"Puregym","9 Sep 2025, 21:48","9 Sep 2025, 22:35","","Pull Up (Assisted)",,"",1,"normal",,6,,,
"Puregym","9 Sep 2025, 21:48","9 Sep 2025, 22:35","","Pull Up (Assisted)",,"",2,"normal",,6,,,
"Puregym","9 Sep 2025, 21:48","9 Sep 2025, 22:35","","Pull Up (Assisted)",,"",3,"normal",,6,,,
"Puregym","9 Sep 2025, 21:48","9 Sep 2025, 22:35","","Chest Press (Machine)",,"",0,"normal",45,8,,,
"Puregym","9 Sep 2025, 21:48","9 Sep 2025, 22:35","","Chest Press (Machine)",,"",1,"normal",86,8,,,
"Puregym","9 Sep 2025, 21:48","9 Sep 2025, 22:35","","Chest Press (Machine)",,"",2,"normal",86,8,,,
"Puregym","9 Sep 2025, 21:48","9 Sep 2025, 22:35","","Chest Press (Machine)",,"",3,"normal",86,4,,,
"Puregym","9 Sep 2025, 21:48","9 Sep 2025, 22:35","","Lat Pulldown (Cable)",,"",0,"normal",32,8,,,
"Puregym","9 Sep 2025, 21:48","9 Sep 2025, 22:35","","Lat Pulldown (Cable)",,"",1,"normal",59,8,,,
"Puregym","9 Sep 2025, 21:48","9 Sep 2025, 22:35","","Lat Pulldown (Cable)",,"",2,"normal",59,8,,,
"Puregym","9 Sep 2025, 21:48","9 Sep 2025, 22:35","","Lat Pulldown (Cable)",,"",3,"normal",59,8,,,
"Puregym","9 Sep 2025, 21:48","9 Sep 2025, 22:35","","Seated Row (Machine)",,"",0,"normal",32,8,,,
"Puregym","9 Sep 2025, 21:48","9 Sep 2025, 22:35","","Seated Row (Machine)",,"",1,"normal",52,8,,,
"Puregym","9 Sep 2025, 21:48","9 Sep 2025, 22:35","","Seated Row (Machine)",,"",2,"normal",52,8,,,
"Puregym","9 Sep 2025, 21:48","9 Sep 2025, 22:35","","Seated Row (Machine)",,"",3,"normal",52,8,,,
"Puregym","9 Sep 2025, 21:48","9 Sep 2025, 22:35","","Farmers Carry",,"",0,"normal",60,,,60,
"Puregym","9 Sep 2025, 21:48","9 Sep 2025, 22:35","","Butterfly (Pec Deck)",,"",0,"normal",66,8,,,
"Puregym","9 Sep 2025, 21:48","9 Sep 2025, 22:35","","Butterfly (Pec Deck)",,"",1,"normal",113,8,,,
"Abs","9 Sep 2025, 21:01","9 Sep 2025, 21:09","","Crunch",,"",0,"normal",,10,,,
"Abs","9 Sep 2025, 21:01","9 Sep 2025, 21:09","","Crunch",,"",1,"normal",,8,,,
"Abs","9 Sep 2025, 21:01","9 Sep 2025, 21:09","","Crunch",,"",2,"normal",,8,,,
"Abs","9 Sep 2025, 21:01","9 Sep 2025, 21:09","","Side Plank",,"",0,"normal",,,,31,
"Abs","9 Sep 2025, 21:01","9 Sep 2025, 21:09","","Side Plank",,"",1,"normal",,,,33,
"Abs","9 Sep 2025, 21:01","9 Sep 2025, 21:09","","Superman",,"",0,"normal",,6,,,
"Abs","9 Sep 2025, 21:01","9 Sep 2025, 21:09","","Superman",,"",1,"normal",,6,,,
"Abs","9 Sep 2025, 21:01","9 Sep 2025, 21:09","","Dead Bug",,"",0,"normal",,4,,,
"Puregym","7 Sep 2025, 10:30","7 Sep 2025, 11:34","","Pull Up (Assisted)",,"",0,"normal",9,8,,,
"Puregym","7 Sep 2025, 10:30","7 Sep 2025, 11:34","","Pull Up (Assisted)",,"",1,"normal",,6,,,
"Puregym","7 Sep 2025, 10:30","7 Sep 2025, 11:34","","Pull Up (Assisted)",,"",2,"normal",,5,,,
"Puregym","7 Sep 2025, 10:30","7 Sep 2025, 11:34","","Pull Up (Assisted)",,"",3,"normal",,5,,,
"Puregym","7 Sep 2025, 10:30","7 Sep 2025, 11:34","","Chest Press (Machine)",,"",0,"normal",39,8,,,
"Puregym","7 Sep 2025, 10:30","7 Sep 2025, 11:34","","Chest Press (Machine)",,"",1,"normal",73,8,,,
"Puregym","7 Sep 2025, 10:30","7 Sep 2025, 11:34","","Chest Press (Machine)",,"",2,"normal",86,8,,,
"Puregym","7 Sep 2025, 10:30","7 Sep 2025, 11:34","","Chest Press (Machine)",,"",3,"normal",86,4,,,
"Puregym","7 Sep 2025, 10:30","7 Sep 2025, 11:34","","Lat Pulldown (Cable)",,"",0,"normal",32,8,,,
"Puregym","7 Sep 2025, 10:30","7 Sep 2025, 11:34","","Lat Pulldown (Cable)",,"",1,"normal",52,8,,,
"Puregym","7 Sep 2025, 10:30","7 Sep 2025, 11:34","","Lat Pulldown (Cable)",,"",2,"normal",52,8,,,
"Puregym","7 Sep 2025, 10:30","7 Sep 2025, 11:34","","Lat Pulldown (Cable)",,"",3,"normal",59,8,,,
"Puregym","7 Sep 2025, 10:30","7 Sep 2025, 11:34","","Reverse Lunge (Dumbbell)",,"",0,"normal",,8,,,
"Puregym","7 Sep 2025, 10:30","7 Sep 2025, 11:34","","Reverse Lunge (Dumbbell)",,"",1,"failure",,8,,,
"Puregym","7 Sep 2025, 10:30","7 Sep 2025, 11:34","","Reverse Lunge (Dumbbell)",,"",2,"normal",20,8,,,
"Puregym","7 Sep 2025, 10:30","7 Sep 2025, 11:34","","Reverse Lunge (Dumbbell)",,"",3,"normal",20,8,,,
"Puregym","7 Sep 2025, 10:30","7 Sep 2025, 11:34","","Reverse Lunge (Dumbbell)",,"",4,"normal",20,8,,,
"Puregym","7 Sep 2025, 10:30","7 Sep 2025, 11:34","","Butterfly (Pec Deck)",,"",0,"normal",66,8,,,
"Puregym","7 Sep 2025, 10:30","7 Sep 2025, 11:34","","Butterfly (Pec Deck)",,"",1,"normal",113,8,,,
"Puregym","7 Sep 2025, 10:30","7 Sep 2025, 11:34","","Butterfly (Pec Deck)",,"",2,"normal",113,8,,,
"Puregym","7 Sep 2025, 10:30","7 Sep 2025, 11:34","","Butterfly (Pec Deck)",,"",3,"normal",120,8,,,
"Puregym","7 Sep 2025, 10:30","7 Sep 2025, 11:34","","Butterfly (Pec Deck)",,"",4,"normal",127,4,,,
"Puregym","7 Sep 2025, 10:30","7 Sep 2025, 11:34","","Seated Row (Machine)",,"",0,"normal",32,8,,,
"Puregym","7 Sep 2025, 10:30","7 Sep 2025, 11:34","","Seated Row (Machine)",,"",1,"normal",52,8,,,
"Puregym","7 Sep 2025, 10:30","7 Sep 2025, 11:34","","Seated Row (Machine)",,"",2,"normal",59,8,,,
"Puregym","7 Sep 2025, 10:30","7 Sep 2025, 11:34","","Seated Row (Machine)",,"",3,"normal",52,8,,,
"Abs","5 Sep 2025, 16:47","5 Sep 2025, 16:58","","Plank",,"",0,"normal",,,,150,
"Abs","5 Sep 2025, 16:47","5 Sep 2025, 16:58","","Side Plank",,"",0,"normal",,,,40,
"Abs","5 Sep 2025, 16:47","5 Sep 2025, 16:58","","Side Plank",,"",1,"normal",,,,40,
"Abs","5 Sep 2025, 16:47","5 Sep 2025, 16:58","","Superman",,"",0,"normal",,6,,,
"Abs","5 Sep 2025, 16:47","5 Sep 2025, 16:58","","Superman",,"",1,"normal",,6,,,
"Abs","5 Sep 2025, 16:47","5 Sep 2025, 16:58","","Dead Bug",,"",0,"normal",,8,,,
"Abs","5 Sep 2025, 16:47","5 Sep 2025, 16:58","","Crunch",,"",0,"normal",,8,,,
"Abs","5 Sep 2025, 16:47","5 Sep 2025, 16:58","","Crunch",,"",1,"normal",,10,,,
"Puregym","5 Sep 2025, 16:02","5 Sep 2025, 16:47","","Butterfly (Pec Deck)",,"",0,"normal",66,8,,,
"Puregym","5 Sep 2025, 16:02","5 Sep 2025, 16:47","","Butterfly (Pec Deck)",,"",1,"normal",86,8,,,
"Puregym","5 Sep 2025, 16:02","5 Sep 2025, 16:47","","Butterfly (Pec Deck)",,"",2,"normal",100,8,,,
"Puregym","5 Sep 2025, 16:02","5 Sep 2025, 16:47","","Butterfly (Pec Deck)",,"",3,"normal",113,8,,,
"Puregym","5 Sep 2025, 16:02","5 Sep 2025, 16:47","","Reverse Lunge (Dumbbell)",,"",0,"normal",,8,,,
"Puregym","5 Sep 2025, 16:02","5 Sep 2025, 16:47","","Reverse Lunge (Dumbbell)",,"",1,"failure",15,8,,,
"Puregym","5 Sep 2025, 16:02","5 Sep 2025, 16:47","","Reverse Lunge (Dumbbell)",,"",2,"normal",20,8,,,
"Puregym","5 Sep 2025, 16:02","5 Sep 2025, 16:47","","Reverse Lunge (Dumbbell)",,"",3,"normal",20,8,,,
"Puregym","5 Sep 2025, 16:02","5 Sep 2025, 16:47","","Pull Up (Assisted)",,"",0,"normal",9,8,,,
"Puregym","5 Sep 2025, 16:02","5 Sep 2025, 16:47","","Pull Up (Assisted)",,"",1,"normal",,6,,,
"Puregym","5 Sep 2025, 16:02","5 Sep 2025, 16:47","","Pull Up (Assisted)",,"",2,"normal",,6,,,
"Puregym","5 Sep 2025, 16:02","5 Sep 2025, 16:47","","Pull Up (Assisted)",,"",3,"normal",,6,,,
"Puregym","5 Sep 2025, 16:02","5 Sep 2025, 16:47","","Chest Press (Machine)",,"",0,"normal",39,8,,,
"Puregym","5 Sep 2025, 16:02","5 Sep 2025, 16:47","","Chest Press (Machine)",,"",1,"normal",73,8,,,
"Puregym","5 Sep 2025, 16:02","5 Sep 2025, 16:47","","Chest Press (Machine)",,"",2,"normal",73,8,,,
"Puregym","5 Sep 2025, 16:02","5 Sep 2025, 16:47","","Chest Press (Machine)",,"",3,"normal",73,4,,,
"Puregym","5 Sep 2025, 16:02","5 Sep 2025, 16:47","","Lat Pulldown (Cable)",,"",0,"normal",32,8,,,
"Puregym","5 Sep 2025, 16:02","5 Sep 2025, 16:47","","Lat Pulldown (Cable)",,"",1,"normal",45,8,,,
"Puregym","5 Sep 2025, 16:02","5 Sep 2025, 16:47","","Lat Pulldown (Cable)",,"",2,"normal",52,8,,,
"Puregym","5 Sep 2025, 16:02","5 Sep 2025, 16:47","","Lat Pulldown (Cable)",,"",3,"normal",52,8,,,
"Puregym","5 Sep 2025, 16:02","5 Sep 2025, 16:47","","Seated Row (Machine)",,"",0,"normal",32,8,,,
"Puregym","2 Sep 2025, 16:47","2 Sep 2025, 17:21","","Pull Up (Assisted)",,"",0,"normal",9,8,,,
"Puregym","2 Sep 2025, 16:47","2 Sep 2025, 17:21","","Pull Up (Assisted)",,"",1,"normal",,6,,,
"Puregym","2 Sep 2025, 16:47","2 Sep 2025, 17:21","","Pull Up (Assisted)",,"",2,"normal",,8,,,
"Puregym","2 Sep 2025, 16:47","2 Sep 2025, 17:21","","Pull Up (Assisted)",,"",3,"normal",,6,,,
"Puregym","2 Sep 2025, 16:47","2 Sep 2025, 17:21","","Butterfly (Pec Deck)",,"",0,"normal",66,8,,,
"Puregym","2 Sep 2025, 16:47","2 Sep 2025, 17:21","","Butterfly (Pec Deck)",,"",1,"normal",86,8,,,
"Puregym","2 Sep 2025, 16:47","2 Sep 2025, 17:21","","Butterfly (Pec Deck)",,"",2,"normal",100,8,,,
"Puregym","2 Sep 2025, 16:47","2 Sep 2025, 17:21","","Butterfly (Pec Deck)",,"",3,"normal",113,8,,,
"Puregym","2 Sep 2025, 16:47","2 Sep 2025, 17:21","","Seated Row (Machine)",,"",0,"normal",32,8,,,
"Puregym","2 Sep 2025, 16:47","2 Sep 2025, 17:21","","Chest Press (Machine)",,"",0,"normal",39,8,,,
"Puregym","2 Sep 2025, 16:47","2 Sep 2025, 17:21","","Chest Press (Machine)",,"",1,"normal",66,8,,,
"Puregym","2 Sep 2025, 16:47","2 Sep 2025, 17:21","","Chest Press (Machine)",,"",2,"normal",73,8,,,
"Puregym","2 Sep 2025, 16:47","2 Sep 2025, 17:21","","Chest Press (Machine)",,"",3,"normal",73,4,,,
"Puregym","2 Sep 2025, 16:47","2 Sep 2025, 17:21","","Reverse Lunge (Dumbbell)",,"",0,"normal",,8,,,
"Puregym","2 Sep 2025, 16:47","2 Sep 2025, 17:21","","Reverse Lunge (Dumbbell)",,"",1,"failure",15,8,,,
"Puregym","2 Sep 2025, 16:47","2 Sep 2025, 17:21","","Reverse Lunge (Dumbbell)",,"",2,"normal",15,8,,,
"Puregym","2 Sep 2025, 16:47","2 Sep 2025, 17:21","","Reverse Lunge (Dumbbell)",,"",3,"normal",15,8,,,
"Puregym","31 Aug 2025, 18:23","31 Aug 2025, 18:51","","Pull Up (Assisted)",,"",0,"normal",9,8,,,
"Puregym","31 Aug 2025, 18:23","31 Aug 2025, 18:51","","Pull Up (Assisted)",,"",1,"normal",,6,,,
"Puregym","31 Aug 2025, 18:23","31 Aug 2025, 18:51","","Pull Up (Assisted)",,"",2,"normal",,8,,,
"Puregym","31 Aug 2025, 18:23","31 Aug 2025, 18:51","","Butterfly (Pec Deck)",,"",0,"normal",66,8,,,
"Puregym","31 Aug 2025, 18:23","31 Aug 2025, 18:51","","Butterfly (Pec Deck)",,"",1,"normal",113,8,,,
"Puregym","31 Aug 2025, 18:23","31 Aug 2025, 18:51","","Butterfly (Pec Deck)",,"",2,"normal",113,8,,,
"Puregym","31 Aug 2025, 18:23","31 Aug 2025, 18:51","","Butterfly (Pec Deck)",,"",3,"normal",113,8,,,
"Puregym","31 Aug 2025, 18:23","31 Aug 2025, 18:51","","Lat Pulldown (Cable)",,"",0,"normal",32,8,,,
"Puregym","31 Aug 2025, 18:23","31 Aug 2025, 18:51","","Lat Pulldown (Cable)",,"",1,"normal",52,8,,,
"Puregym","31 Aug 2025, 18:23","31 Aug 2025, 18:51","","Lat Pulldown (Cable)",,"",2,"normal",52,8,,,
"Puregym","31 Aug 2025, 18:23","31 Aug 2025, 18:51","","Lat Pulldown (Cable)",,"",3,"normal",52,8,,,
"Puregym","31 Aug 2025, 18:23","31 Aug 2025, 18:51","","Chest Press (Machine)",,"",0,"normal",39,8,,,
"Puregym","31 Aug 2025, 18:23","31 Aug 2025, 18:51","","Chest Press (Machine)",,"",1,"normal",73,8,,,
"Puregym","31 Aug 2025, 18:23","31 Aug 2025, 18:51","","Seated Row (Machine)",,"",0,"normal",32,8,,,
"Puregym","31 Aug 2025, 18:23","31 Aug 2025, 18:51","","Seated Row (Machine)",,"",1,"normal",45,8,,,
"Puregym","31 Aug 2025, 18:23","31 Aug 2025, 18:51","","Seated Row (Machine)",,"",2,"normal",45,8,,,
"Puregym","31 Aug 2025, 18:23","31 Aug 2025, 18:51","","Reverse Lunge (Dumbbell)",,"",0,"normal",,8,,,
"Abs","31 Aug 2025, 18:02","31 Aug 2025, 18:22","","Plank",,"",0,"normal",,,,151,
"Abs","31 Aug 2025, 18:02","31 Aug 2025, 18:22","","Side Plank",,"",0,"normal",,,,60,
"Abs","31 Aug 2025, 18:02","31 Aug 2025, 18:22","","Side Plank",,"",1,"normal",,,,61,
"Abs","31 Aug 2025, 18:02","31 Aug 2025, 18:22","","Superman",,"",0,"normal",,6,,,
"Abs","31 Aug 2025, 18:02","31 Aug 2025, 18:22","","Superman",,"",1,"normal",,6,,,
"Abs","31 Aug 2025, 18:02","31 Aug 2025, 18:22","","Dead Bug",,"",0,"normal",,8,,,
"Abs","31 Aug 2025, 18:02","31 Aug 2025, 18:22","","Dead Bug",,"",1,"normal",,8,,,
"Puregym","29 Aug 2025, 17:05","29 Aug 2025, 18:02","","Lat Pulldown (Cable)",,"",0,"normal",32,8,,,
"Puregym","29 Aug 2025, 17:05","29 Aug 2025, 18:02","","Lat Pulldown (Cable)",,"",1,"normal",52,8,,,
"Puregym","29 Aug 2025, 17:05","29 Aug 2025, 18:02","","Lat Pulldown (Cable)",,"",2,"normal",52,8,,,
"Puregym","29 Aug 2025, 17:05","29 Aug 2025, 18:02","","Lat Pulldown (Cable)",,"",3,"normal",52,8,,,
"Puregym","29 Aug 2025, 17:05","29 Aug 2025, 18:02","","Butterfly (Pec Deck)",,"",0,"normal",66,8,,,
"Puregym","29 Aug 2025, 17:05","29 Aug 2025, 18:02","","Butterfly (Pec Deck)",,"",1,"normal",113,8,,,
"Puregym","29 Aug 2025, 17:05","29 Aug 2025, 18:02","","Butterfly (Pec Deck)",,"",2,"normal",113,8,,,
"Puregym","29 Aug 2025, 17:05","29 Aug 2025, 18:02","","Butterfly (Pec Deck)",,"",3,"normal",113,8,,,
"Puregym","29 Aug 2025, 17:05","29 Aug 2025, 18:02","","Reverse Lunge (Dumbbell)",,"",0,"normal",,8,,,
"Puregym","29 Aug 2025, 17:05","29 Aug 2025, 18:02","","Reverse Lunge (Dumbbell)",,"",1,"failure",20,8,,,
"Puregym","29 Aug 2025, 17:05","29 Aug 2025, 18:02","","Reverse Lunge (Dumbbell)",,"",2,"normal",20,8,,,
"Puregym","29 Aug 2025, 17:05","29 Aug 2025, 18:02","","Reverse Lunge (Dumbbell)",,"",3,"normal",20,8,,,
"Puregym","29 Aug 2025, 17:05","29 Aug 2025, 18:02","","Bulgarian Split Squat",,"",0,"normal",,8,,,
"Puregym","29 Aug 2025, 17:05","29 Aug 2025, 18:02","","Bulgarian Split Squat",,"",1,"normal",15,8,,,
"Puregym","29 Aug 2025, 17:05","29 Aug 2025, 18:02","","Bulgarian Split Squat",,"",2,"normal",15,8,,,
"Puregym","29 Aug 2025, 17:05","29 Aug 2025, 18:02","","Bulgarian Split Squat",,"",3,"normal",20,8,,,
"Puregym","29 Aug 2025, 17:05","29 Aug 2025, 18:02","","Pull Up (Assisted)",,"",0,"normal",9,8,,,
"Puregym","29 Aug 2025, 17:05","29 Aug 2025, 18:02","","Pull Up (Assisted)",,"",1,"normal",,6,,,
"Puregym","29 Aug 2025, 17:05","29 Aug 2025, 18:02","","Pull Up (Assisted)",,"",2,"normal",,8,,,
"Puregym","29 Aug 2025, 17:05","29 Aug 2025, 18:02","","Chest Press (Machine)",,"",0,"normal",39,8,,,
"Puregym","29 Aug 2025, 17:05","29 Aug 2025, 18:02","","Chest Press (Machine)",,"",1,"normal",73,8,,,
"Puregym","29 Aug 2025, 17:05","29 Aug 2025, 18:02","","Chest Press (Machine)",,"",2,"normal",73,8,,,
"Abs","27 Aug 2025, 18:04","27 Aug 2025, 18:31","","Plank",,"",0,"normal",,,,150,
"Abs","27 Aug 2025, 18:04","27 Aug 2025, 18:31","","Crunch",,"",0,"normal",,15,,,
"Abs","27 Aug 2025, 18:04","27 Aug 2025, 18:31","","Crunch",,"",1,"normal",,15,,,
"Abs","27 Aug 2025, 18:04","27 Aug 2025, 18:31","","Crunch",,"",2,"normal",,15,,,
"Abs","27 Aug 2025, 18:04","27 Aug 2025, 18:31","","Superman",,"",0,"normal",,6,,,
"Abs","27 Aug 2025, 18:04","27 Aug 2025, 18:31","","Superman",,"",1,"normal",,6,,,
"Abs","27 Aug 2025, 18:04","27 Aug 2025, 18:31","","Superman",,"",2,"normal",,6,,,
"Abs","27 Aug 2025, 18:04","27 Aug 2025, 18:31","","Side Plank",,"",0,"normal",,,,60,
"Abs","27 Aug 2025, 18:04","27 Aug 2025, 18:31","","Side Plank",,"",1,"normal",,,,60,
"Abs","27 Aug 2025, 18:04","27 Aug 2025, 18:31","","Dead Bug",,"",0,"normal",,8,,,
"Puregym","26 Aug 2025, 19:53","26 Aug 2025, 20:23","","Lat Pulldown (Cable)",,"",0,"normal",32,8,,,
"Puregym","26 Aug 2025, 19:53","26 Aug 2025, 20:23","","Lat Pulldown (Cable)",,"",1,"normal",52,8,,,
"Puregym","26 Aug 2025, 19:53","26 Aug 2025, 20:23","","Lat Pulldown (Cable)",,"",2,"normal",52,6,,,
"Puregym","26 Aug 2025, 19:53","26 Aug 2025, 20:23","","Lat Pulldown (Cable)",,"",3,"normal",52,8,,,
"Puregym","26 Aug 2025, 19:53","26 Aug 2025, 20:23","","Chest Press (Machine)",,"",0,"normal",39,8,,,
"Puregym","26 Aug 2025, 19:53","26 Aug 2025, 20:23","","Chest Press (Machine)",,"",1,"normal",79,8,,,
"Puregym","26 Aug 2025, 19:53","26 Aug 2025, 20:23","","Chest Press (Machine)",,"",2,"normal",79,8,,,
"Puregym","26 Aug 2025, 19:53","26 Aug 2025, 20:23","","Chest Press (Machine)",,"",3,"normal",86,4,,,
"Puregym","26 Aug 2025, 19:53","26 Aug 2025, 20:23","","Shoulder Press (Dumbbell)",,"",0,"normal",24,8,,,
"Puregym","26 Aug 2025, 19:53","26 Aug 2025, 20:23","","Shoulder Press (Dumbbell)",,"",1,"normal",32,8,,,
"Puregym","26 Aug 2025, 19:53","26 Aug 2025, 20:23","","Farmers Carry",,"",0,"normal",60,,,60,
"Puregym","26 Aug 2025, 19:53","26 Aug 2025, 20:23","","Dead Hang",,"",0,"normal",,,,30,
"Puregym","26 Aug 2025, 19:53","26 Aug 2025, 20:23","","Pull Up (Assisted)",,"",0,"normal",9,8,,,
"Puregym","26 Aug 2025, 19:53","26 Aug 2025, 20:23","","Pull Up (Assisted)",,"",1,"normal",,5,,,
"Puregym","26 Aug 2025, 19:53","26 Aug 2025, 20:23","","Pull Up (Assisted)",,"",2,"normal",,5,,,
"Puregym","26 Aug 2025, 19:53","26 Aug 2025, 20:23","","Butterfly (Pec Deck)",,"",0,"normal",66,8,,,
"Puregym","26 Aug 2025, 19:53","26 Aug 2025, 20:23","","Butterfly (Pec Deck)",,"",1,"normal",113,8,,,
"Puregym","26 Aug 2025, 19:53","26 Aug 2025, 20:23","","Butterfly (Pec Deck)",,"",2,"normal",113,8,,,
"Puregym","26 Aug 2025, 19:53","26 Aug 2025, 20:23","","Butterfly (Pec Deck)",,"",3,"normal",113,8,,,
"Puregym","26 Aug 2025, 19:53","26 Aug 2025, 20:23","","Seated Row (Machine)",,"",0,"normal",32,8,,,
"Puregym","26 Aug 2025, 19:53","26 Aug 2025, 20:23","","Seated Row (Machine)",,"",1,"normal",41,8,,,
"Puregym","26 Aug 2025, 19:53","26 Aug 2025, 20:23","","Seated Row (Machine)",,"",2,"normal",41,8,,,
"Abs","26 Aug 2025, 18:26","26 Aug 2025, 18:50","","Plank",,"",0,"normal",,,,150,
"Abs","26 Aug 2025, 18:26","26 Aug 2025, 18:50","","Crunch",,"",0,"normal",,8,,,
"Abs","26 Aug 2025, 18:26","26 Aug 2025, 18:50","","Crunch",,"",1,"normal",,10,,,
"Abs","26 Aug 2025, 18:26","26 Aug 2025, 18:50","","Crunch",,"",2,"normal",,10,,,
"Abs","26 Aug 2025, 18:26","26 Aug 2025, 18:50","","Side Plank",,"",0,"normal",,,,60,
"Abs","26 Aug 2025, 18:26","26 Aug 2025, 18:50","","Side Plank",,"",1,"normal",,,,60,
"Abs","26 Aug 2025, 18:26","26 Aug 2025, 18:50","","Dead Bug",,"",0,"normal",,8,,,
"Abs","26 Aug 2025, 18:26","26 Aug 2025, 18:50","","Dead Bug",,"",1,"normal",,10,,,
"Abs","26 Aug 2025, 18:26","26 Aug 2025, 18:50","","Superman",,"",0,"normal",,6,,,
"Abs","26 Aug 2025, 18:26","26 Aug 2025, 18:50","","Superman",,"",1,"normal",,6,,,
"Puregym","24 Aug 2025, 20:23","24 Aug 2025, 21:34","","Reverse Lunge (Dumbbell)",,"",0,"normal",,8,,,
"Puregym","24 Aug 2025, 20:23","24 Aug 2025, 21:34","","Reverse Lunge (Dumbbell)",,"",1,"failure",20,8,,,
"Puregym","24 Aug 2025, 20:23","24 Aug 2025, 21:34","","Reverse Lunge (Dumbbell)",,"",2,"normal",20,8,,,
"Puregym","24 Aug 2025, 20:23","24 Aug 2025, 21:34","","Reverse Lunge (Dumbbell)",,"",3,"normal",20,8,,,
"Puregym","24 Aug 2025, 20:23","24 Aug 2025, 21:34","","Pull Up (Assisted)",,"",0,"normal",9,8,,,
"Puregym","24 Aug 2025, 20:23","24 Aug 2025, 21:34","","Pull Up (Assisted)",,"",1,"normal",,6,,,
"Puregym","24 Aug 2025, 20:23","24 Aug 2025, 21:34","","Pull Up (Assisted)",,"",2,"normal",,6,,,
"Puregym","24 Aug 2025, 20:23","24 Aug 2025, 21:34","","Lat Pulldown (Cable)",,"",0,"normal",32,8,,,
"Puregym","24 Aug 2025, 20:23","24 Aug 2025, 21:34","","Lat Pulldown (Cable)",,"",1,"normal",52,8,,,
"Puregym","24 Aug 2025, 20:23","24 Aug 2025, 21:34","","Lat Pulldown (Cable)",,"",2,"normal",52,6,,,
"Puregym","24 Aug 2025, 20:23","24 Aug 2025, 21:34","","Chest Press (Machine)",,"",0,"normal",39,8,,,
"Puregym","24 Aug 2025, 20:23","24 Aug 2025, 21:34","","Chest Press (Machine)",,"",1,"normal",79,8,,,
"Puregym","24 Aug 2025, 20:23","24 Aug 2025, 21:34","","Chest Press (Machine)",,"",2,"normal",79,8,,,
"Puregym","24 Aug 2025, 20:23","24 Aug 2025, 21:34","","Chest Press (Machine)",,"",3,"normal",86,6,,,
"Puregym","24 Aug 2025, 20:23","24 Aug 2025, 21:34","","Plank",,"",0,"normal",,,,120,
"Puregym","24 Aug 2025, 20:23","24 Aug 2025, 21:34","","Bulgarian Split Squat",,"",0,"normal",,8,,,
"Puregym","24 Aug 2025, 20:23","24 Aug 2025, 21:34","","Bulgarian Split Squat",,"",1,"normal",10,8,,,
"Puregym","24 Aug 2025, 20:23","24 Aug 2025, 21:34","","Bulgarian Split Squat",,"",2,"normal",15,8,,,
"Puregym","24 Aug 2025, 20:23","24 Aug 2025, 21:34","","Superman",,"",0,"normal",,6,,,
"Puregym","24 Aug 2025, 20:23","24 Aug 2025, 21:34","","Superman",,"",1,"normal",,4,,,
"Puregym","24 Aug 2025, 20:23","24 Aug 2025, 21:34","","Butterfly (Pec Deck)",,"",0,"normal",66,8,,,
"Puregym","24 Aug 2025, 20:23","24 Aug 2025, 21:34","","Butterfly (Pec Deck)",,"",1,"normal",100,8,,,
"Puregym","24 Aug 2025, 20:23","24 Aug 2025, 21:34","","Butterfly (Pec Deck)",,"",2,"normal",107,8,,,
"Puregym","24 Aug 2025, 20:23","24 Aug 2025, 21:34","","Butterfly (Pec Deck)",,"",3,"normal",113,8,,,
"Puregym","24 Aug 2025, 20:23","24 Aug 2025, 21:34","","Butterfly (Pec Deck)",,"",4,"normal",113,8,,,
"Puregym","20 Aug 2025, 21:02","20 Aug 2025, 21:53","","Plank",,"",0,"normal",,,,150,
"Puregym","20 Aug 2025, 21:02","20 Aug 2025, 21:53","","Reverse Lunge (Dumbbell)",,"",0,"normal",,8,,,
"Puregym","20 Aug 2025, 21:02","20 Aug 2025, 21:53","","Reverse Lunge (Dumbbell)",,"",1,"failure",,8,,,
"Puregym","20 Aug 2025, 21:02","20 Aug 2025, 21:53","","Reverse Lunge (Dumbbell)",,"",2,"normal",15,8,,,
"Puregym","20 Aug 2025, 21:02","20 Aug 2025, 21:53","","Reverse Lunge (Dumbbell)",,"",3,"normal",15,8,,,
"Puregym","20 Aug 2025, 21:02","20 Aug 2025, 21:53","","Dead Hang",,"",0,"normal",,,,80,
"Puregym","20 Aug 2025, 21:02","20 Aug 2025, 21:53","","Lat Pulldown (Cable)",,"",0,"normal",32,8,,,
"Puregym","20 Aug 2025, 21:02","20 Aug 2025, 21:53","","Lat Pulldown (Cable)",,"",1,"normal",52,8,,,
"Puregym","20 Aug 2025, 21:02","20 Aug 2025, 21:53","","Lat Pulldown (Cable)",,"",2,"normal",52,8,,,
"Puregym","20 Aug 2025, 21:02","20 Aug 2025, 21:53","","Lat Pulldown (Cable)",,"",3,"normal",52,8,,,
"Puregym","20 Aug 2025, 21:02","20 Aug 2025, 21:53","","Chest Press (Machine)",,"",0,"normal",39,8,,,
"Puregym","20 Aug 2025, 21:02","20 Aug 2025, 21:53","","Chest Press (Machine)",,"",1,"normal",73,8,,,
"Puregym","20 Aug 2025, 21:02","20 Aug 2025, 21:53","","Chest Press (Machine)",,"",2,"normal",79,8,,,
"Puregym","20 Aug 2025, 21:02","20 Aug 2025, 21:53","","Chest Press (Machine)",,"",3,"normal",79,6,,,
"Puregym","20 Aug 2025, 21:02","20 Aug 2025, 21:53","","Pull Up (Assisted)",,"",0,"normal",9,8,,,
"Puregym","20 Aug 2025, 21:02","20 Aug 2025, 21:53","","Pull Up (Assisted)",,"",1,"normal",,6,,,
"Puregym","20 Aug 2025, 21:02","20 Aug 2025, 21:53","","Pull Up (Assisted)",,"",2,"normal",,6,,,
"Puregym","20 Aug 2025, 21:02","20 Aug 2025, 21:53","","Pull Up (Assisted)",,"",3,"normal",,6,,,
"Puregym","20 Aug 2025, 21:02","20 Aug 2025, 21:53","","Bulgarian Split Squat",,"",0,"normal",,8,,,
"Puregym","20 Aug 2025, 21:02","20 Aug 2025, 21:53","","Bulgarian Split Squat",,"",1,"normal",15,8,,,
"Puregym","20 Aug 2025, 21:02","20 Aug 2025, 21:53","","Seated Row (Machine)",,"",0,"normal",32,8,,,
"Puregym","20 Aug 2025, 21:02","20 Aug 2025, 21:53","","Seated Row (Machine)",,"",1,"normal",52,8,,,
"Puregym","20 Aug 2025, 21:02","20 Aug 2025, 21:53","","Seated Row (Machine)",,"",2,"normal",52,8,,,
"Puregym","20 Aug 2025, 21:02","20 Aug 2025, 21:53","","Seated Row (Machine)",,"",3,"normal",52,8,,,
"Puregym","20 Aug 2025, 21:02","20 Aug 2025, 21:53","","Butterfly (Pec Deck)",,"",0,"normal",66,8,,,
"Puregym","20 Aug 2025, 21:02","20 Aug 2025, 21:53","","Butterfly (Pec Deck)",,"",1,"normal",100,8,,,
"Puregym","20 Aug 2025, 21:02","20 Aug 2025, 21:53","","Butterfly (Pec Deck)",,"",2,"normal",107,8,,,
"Puregym","20 Aug 2025, 21:02","20 Aug 2025, 21:53","","Butterfly (Pec Deck)",,"",3,"normal",107,8,,,
"Puregym","18 Aug 2025, 20:58","18 Aug 2025, 21:45","","Pull Up (Assisted)",,"",0,"normal",9,8,,,
"Puregym","18 Aug 2025, 20:58","18 Aug 2025, 21:45","","Pull Up (Assisted)",,"",1,"normal",,6,,,
"Puregym","18 Aug 2025, 20:58","18 Aug 2025, 21:45","","Pull Up (Assisted)",,"",2,"normal",,6,,,
"Puregym","18 Aug 2025, 20:58","18 Aug 2025, 21:45","","Pull Up (Assisted)",,"",3,"normal",,6,,,
"Puregym","18 Aug 2025, 20:58","18 Aug 2025, 21:45","","Lat Pulldown (Cable)",,"",0,"normal",32,8,,,
"Puregym","18 Aug 2025, 20:58","18 Aug 2025, 21:45","","Lat Pulldown (Cable)",,"",1,"normal",52,8,,,
"Puregym","18 Aug 2025, 20:58","18 Aug 2025, 21:45","","Lat Pulldown (Cable)",,"",2,"normal",52,8,,,
"Puregym","18 Aug 2025, 20:58","18 Aug 2025, 21:45","","Lat Pulldown (Cable)",,"",3,"normal",52,8,,,
"Puregym","18 Aug 2025, 20:58","18 Aug 2025, 21:45","","Butterfly (Pec Deck)",,"",0,"normal",66,8,,,
"Puregym","18 Aug 2025, 20:58","18 Aug 2025, 21:45","","Butterfly (Pec Deck)",,"",1,"normal",86,8,,,
"Puregym","18 Aug 2025, 20:58","18 Aug 2025, 21:45","","Butterfly (Pec Deck)",,"",2,"normal",100,8,,,
"Puregym","18 Aug 2025, 20:58","18 Aug 2025, 21:45","","Butterfly (Pec Deck)",,"",3,"normal",100,8,,,
"Puregym","18 Aug 2025, 20:58","18 Aug 2025, 21:45","","Chest Press (Machine)",,"",0,"normal",39,8,,,
"Puregym","18 Aug 2025, 20:58","18 Aug 2025, 21:45","","Chest Press (Machine)",,"",1,"normal",66,8,,,
"Puregym","18 Aug 2025, 20:58","18 Aug 2025, 21:45","","Chest Press (Machine)",,"",2,"normal",73,8,,,
"Puregym","18 Aug 2025, 20:58","18 Aug 2025, 21:45","","Chest Press (Machine)",,"",3,"normal",79,6,,,
"Puregym","18 Aug 2025, 20:58","18 Aug 2025, 21:45","","Seated Row (Machine)",,"",0,"normal",32,8,,,
"Puregym","18 Aug 2025, 20:58","18 Aug 2025, 21:45","","Plank",,"",0,"normal",,,,120,
"Puregym","18 Aug 2025, 20:58","18 Aug 2025, 21:45","","Reverse Lunge (Dumbbell)",,"",0,"normal",,8,,,
"Puregym","14 Aug 2025, 19:21","14 Aug 2025, 20:04","","Plank",,"",0,"normal",,,,200,
"Puregym","14 Aug 2025, 19:21","14 Aug 2025, 20:04","","Reverse Lunge (Dumbbell)",,"",0,"normal",,11,,,
"Puregym","14 Aug 2025, 19:21","14 Aug 2025, 20:04","","Reverse Lunge (Dumbbell)",,"",1,"failure",15,8,,,
"Puregym","14 Aug 2025, 19:21","14 Aug 2025, 20:04","","Reverse Lunge (Dumbbell)",,"",2,"normal",20,8,,,
"Puregym","14 Aug 2025, 19:21","14 Aug 2025, 20:04","","Bulgarian Split Squat",,"",0,"normal",,8,,,
"Puregym","14 Aug 2025, 19:21","14 Aug 2025, 20:04","","Bulgarian Split Squat",,"",1,"normal",15,8,,,
"Puregym","14 Aug 2025, 19:21","14 Aug 2025, 20:04","","Bulgarian Split Squat",,"",2,"normal",15,8,,,
"Puregym","14 Aug 2025, 19:21","14 Aug 2025, 20:04","","Superman",,"",0,"normal",,6,,,
"Puregym","14 Aug 2025, 19:21","14 Aug 2025, 20:04","","Superman",,"",1,"normal",,6,,,
"Puregym","14 Aug 2025, 19:21","14 Aug 2025, 20:04","","Superman",,"",2,"normal",,6,,,
"Puregym","14 Aug 2025, 19:21","14 Aug 2025, 20:04","","Butterfly (Pec Deck)",,"",0,"normal",52,8,,,
"Puregym","14 Aug 2025, 19:21","14 Aug 2025, 20:04","","Butterfly (Pec Deck)",,"",1,"normal",79,8,,,
"Puregym","14 Aug 2025, 19:21","14 Aug 2025, 20:04","","Butterfly (Pec Deck)",,"",2,"normal",86,8,,,
"Puregym","14 Aug 2025, 19:21","14 Aug 2025, 20:04","","Butterfly (Pec Deck)",,"",3,"normal",86,8,,,
"Puregym","14 Aug 2025, 19:21","14 Aug 2025, 20:04","","Lat Pulldown (Cable)",,"",0,"normal",32,8,,,
"Puregym","14 Aug 2025, 19:21","14 Aug 2025, 20:04","","Lat Pulldown (Cable)",,"",1,"normal",52,8,,,
"Puregym","14 Aug 2025, 19:21","14 Aug 2025, 20:04","","Lat Pulldown (Cable)",,"",2,"normal",52,8,,,
"Puregym","14 Aug 2025, 19:21","14 Aug 2025, 20:04","","Lat Pulldown (Cable)",,"",3,"normal",52,8,,,
"Puregym","12 Aug 2025, 20:58","12 Aug 2025, 21:35","","Dead Hang",,"",0,"normal",,,,80,
"Puregym","12 Aug 2025, 20:58","12 Aug 2025, 21:35","","Pull Up (Assisted)",,"",0,"normal",9,8,,,
"Puregym","12 Aug 2025, 20:58","12 Aug 2025, 21:35","","Pull Up (Assisted)",,"",1,"normal",,6,,,
"Puregym","12 Aug 2025, 20:58","12 Aug 2025, 21:35","","Pull Up (Assisted)",,"",2,"normal",,6,,,
"Puregym","12 Aug 2025, 20:58","12 Aug 2025, 21:35","","Seated Row (Machine)",,"",0,"normal",32,8,,,
"Puregym","12 Aug 2025, 20:58","12 Aug 2025, 21:35","","Seated Row (Machine)",,"",1,"normal",52,8,,,
"Puregym","12 Aug 2025, 20:58","12 Aug 2025, 21:35","","Seated Row (Machine)",,"",2,"normal",52,8,,,
"Puregym","12 Aug 2025, 20:58","12 Aug 2025, 21:35","","Plank",,"",0,"normal",,,,180,
"Puregym","12 Aug 2025, 20:58","12 Aug 2025, 21:35","","Butterfly (Pec Deck)",,"",0,"normal",66,8,,,
"Puregym","12 Aug 2025, 20:58","12 Aug 2025, 21:35","","Butterfly (Pec Deck)",,"",1,"normal",79,8,,,
"Puregym","12 Aug 2025, 20:58","12 Aug 2025, 21:35","","Butterfly (Pec Deck)",,"",2,"normal",86,8,,,
"Puregym","12 Aug 2025, 20:58","12 Aug 2025, 21:35","","Butterfly (Pec Deck)",,"",3,"normal",100,8,,,
"Puregym","12 Aug 2025, 20:58","12 Aug 2025, 21:35","","Lat Pulldown (Cable)",,"",0,"normal",32,8,,,
"Puregym","12 Aug 2025, 20:58","12 Aug 2025, 21:35","","Lat Pulldown (Cable)",,"",1,"normal",45,8,,,
"Puregym","12 Aug 2025, 20:58","12 Aug 2025, 21:35","","Lat Pulldown (Cable)",,"",2,"normal",52,8,,,
"Puregym","12 Aug 2025, 20:58","12 Aug 2025, 21:35","","Chest Press (Machine)",,"",0,"normal",39,8,,,
"Puregym","12 Aug 2025, 20:58","12 Aug 2025, 21:35","","Chest Press (Machine)",,"",1,"normal",66,8,,,
"Puregym","12 Aug 2025, 20:58","12 Aug 2025, 21:35","","Chest Press (Machine)",,"",2,"normal",66,8,,,
"Abs","10 Aug 2025, 16:56","10 Aug 2025, 17:17","","Plank",,"",0,"normal",,,,180,
"Abs","10 Aug 2025, 16:56","10 Aug 2025, 17:17","","Renegade Row (Dumbbell)",,"",0,"normal",10,8,,,
"Abs","10 Aug 2025, 16:56","10 Aug 2025, 17:17","","Renegade Row (Dumbbell)",,"",1,"normal",10,8,,,
"Abs","10 Aug 2025, 16:56","10 Aug 2025, 17:17","","Crunch",,"",0,"normal",,8,,,
"Abs","10 Aug 2025, 16:56","10 Aug 2025, 17:17","","Crunch",,"",1,"normal",,10,,,
"Abs","10 Aug 2025, 16:56","10 Aug 2025, 17:17","","Crunch",,"",2,"normal",,10,,,
"Abs","10 Aug 2025, 16:56","10 Aug 2025, 17:17","","Side Plank",,"",0,"normal",,,,30,
"Puregym","10 Aug 2025, 10:02","10 Aug 2025, 11:22","","Dead Hang",,"",0,"normal",,,,70,
"Puregym","10 Aug 2025, 10:02","10 Aug 2025, 11:22","","Pull Up (Assisted)",,"",0,"normal",9,8,,,
"Puregym","10 Aug 2025, 10:02","10 Aug 2025, 11:22","","Pull Up (Assisted)",,"",1,"normal",,6,,,
"Puregym","10 Aug 2025, 10:02","10 Aug 2025, 11:22","","Pull Up (Assisted)",,"",2,"normal",,6,,,
"Puregym","10 Aug 2025, 10:02","10 Aug 2025, 11:22","","Pull Up (Assisted)",,"",3,"normal",,6,,,
"Puregym","10 Aug 2025, 10:02","10 Aug 2025, 11:22","","Butterfly (Pec Deck)",,"",0,"normal",66,8,,,
"Puregym","10 Aug 2025, 10:02","10 Aug 2025, 11:22","","Butterfly (Pec Deck)",,"",1,"normal",120,8,,,
"Puregym","10 Aug 2025, 10:02","10 Aug 2025, 11:22","","Butterfly (Pec Deck)",,"",2,"normal",120,8,,,
"Puregym","10 Aug 2025, 10:02","10 Aug 2025, 11:22","","Butterfly (Pec Deck)",,"",3,"normal",120,8,,,
"Puregym","10 Aug 2025, 10:02","10 Aug 2025, 11:22","","Reverse Lunge (Dumbbell)",,"",0,"normal",,8,,,
"Puregym","10 Aug 2025, 10:02","10 Aug 2025, 11:22","","Reverse Lunge (Dumbbell)",,"",1,"failure",20,8,,,
"Puregym","10 Aug 2025, 10:02","10 Aug 2025, 11:22","","Reverse Lunge (Dumbbell)",,"",2,"normal",20,8,,,
"Puregym","10 Aug 2025, 10:02","10 Aug 2025, 11:22","","Reverse Lunge (Dumbbell)",,"",3,"normal",20,8,,,
"Puregym","10 Aug 2025, 10:02","10 Aug 2025, 11:22","","Plank",,"",0,"normal",,,,150,
"Puregym","10 Aug 2025, 10:02","10 Aug 2025, 11:22","","Superman",,"",0,"normal",,6,,,
"Puregym","10 Aug 2025, 10:02","10 Aug 2025, 11:22","","Superman",,"",1,"normal",,6,,,
"Puregym","10 Aug 2025, 10:02","10 Aug 2025, 11:22","","Superman",,"",2,"normal",,6,,,
"Puregym","10 Aug 2025, 10:02","10 Aug 2025, 11:22","","Chest Press (Machine)",,"",0,"normal",45,8,,,
"Puregym","10 Aug 2025, 10:02","10 Aug 2025, 11:22","","Chest Press (Machine)",,"",1,"normal",86,8,,,
"Puregym","10 Aug 2025, 10:02","10 Aug 2025, 11:22","","Chest Press (Machine)",,"",2,"normal",86,8,,,
"Puregym","10 Aug 2025, 10:02","10 Aug 2025, 11:22","","Chest Press (Machine)",,"",3,"normal",79,6,,,
"Puregym","10 Aug 2025, 10:02","10 Aug 2025, 11:22","","Lat Pulldown (Cable)",,"",0,"normal",39,8,,,
"Puregym","10 Aug 2025, 10:02","10 Aug 2025, 11:22","","Lat Pulldown (Cable)",,"",1,"normal",52,8,,,
"Puregym","10 Aug 2025, 10:02","10 Aug 2025, 11:22","","Lat Pulldown (Cable)",,"",2,"normal",52,8,,,
"Puregym","10 Aug 2025, 10:02","10 Aug 2025, 11:22","","Lat Pulldown (Cable)",,"",3,"normal",52,8,,,
"Puregym","10 Aug 2025, 10:02","10 Aug 2025, 11:22","","Bulgarian Split Squat",,"",0,"normal",,8,,,
"Puregym","10 Aug 2025, 10:02","10 Aug 2025, 11:22","","Bulgarian Split Squat",,"",1,"normal",15,8,,,
"Puregym","10 Aug 2025, 10:02","10 Aug 2025, 11:22","","Farmers Carry",,"",0,"normal",60,,,60,
"Puregym","10 Aug 2025, 10:02","10 Aug 2025, 11:22","","Concentration Curl",,"",0,"normal",10,8,,,
"Puregym","10 Aug 2025, 10:02","10 Aug 2025, 11:22","","Seated Row (Machine)",,"",0,"normal",32,8,,,
"Puregym","10 Aug 2025, 10:02","10 Aug 2025, 11:22","","Seated Row (Machine)",,"",1,"normal",32,8,,,
"Puregym","10 Aug 2025, 10:02","10 Aug 2025, 11:22","","Seated Row (Machine)",,"",2,"normal",52,8,,,
"Puregym","7 Aug 2025, 18:49","7 Aug 2025, 19:25","","Pull Up (Assisted)",,"",0,"normal",9,8,,,
"Puregym","7 Aug 2025, 18:49","7 Aug 2025, 19:25","","Pull Up (Assisted)",,"",1,"normal",,6,,,
"Puregym","7 Aug 2025, 18:49","7 Aug 2025, 19:25","","Pull Up (Assisted)",,"",2,"normal",,6,,,
"Puregym","7 Aug 2025, 18:49","7 Aug 2025, 19:25","","Pull Up (Assisted)",,"",3,"normal",,5,,,
"Puregym","7 Aug 2025, 18:49","7 Aug 2025, 19:25","","Butterfly (Pec Deck)",,"",0,"normal",66,8,,,
"Puregym","7 Aug 2025, 18:49","7 Aug 2025, 19:25","","Butterfly (Pec Deck)",,"",1,"normal",120,8,,,
"Puregym","7 Aug 2025, 18:49","7 Aug 2025, 19:25","","Butterfly (Pec Deck)",,"",2,"normal",120,8,,,
"Puregym","7 Aug 2025, 18:49","7 Aug 2025, 19:25","","Butterfly (Pec Deck)",,"",3,"normal",120,6,,,
"Puregym","7 Aug 2025, 18:49","7 Aug 2025, 19:25","","Reverse Lunge (Dumbbell)",,"",0,"normal",,8,,,
"Puregym","7 Aug 2025, 18:49","7 Aug 2025, 19:25","","Reverse Lunge (Dumbbell)",,"",1,"failure",15,8,,,
"Puregym","7 Aug 2025, 18:49","7 Aug 2025, 19:25","","Reverse Lunge (Dumbbell)",,"",2,"normal",15,8,,,
"Puregym","7 Aug 2025, 18:49","7 Aug 2025, 19:25","","Reverse Lunge (Dumbbell)",,"",3,"normal",15,8,,,
"Puregym","7 Aug 2025, 18:49","7 Aug 2025, 19:25","","Plank",,"",0,"normal",,,,150,
"Puregym","7 Aug 2025, 18:49","7 Aug 2025, 19:25","","Lat Pulldown (Cable)",,"",0,"normal",39,8,,,
"Puregym","7 Aug 2025, 18:49","7 Aug 2025, 19:25","","Lat Pulldown (Cable)",,"",1,"normal",52,8,,,
"Puregym","7 Aug 2025, 18:49","7 Aug 2025, 19:25","","Lat Pulldown (Cable)",,"",2,"normal",52,8,,,
"Puregym","7 Aug 2025, 18:49","7 Aug 2025, 19:25","","Lat Pulldown (Cable)",,"",3,"normal",52,8,,,
"Puregym","7 Aug 2025, 18:49","7 Aug 2025, 19:25","","Chest Press (Machine)",,"",0,"normal",45,8,,,
"Puregym","7 Aug 2025, 18:49","7 Aug 2025, 19:25","","Chest Press (Machine)",,"",1,"normal",79,8,,,
"Puregym","7 Aug 2025, 18:49","7 Aug 2025, 19:25","","Chest Press (Machine)",,"",2,"normal",79,8,,,
"Puregym","7 Aug 2025, 18:49","7 Aug 2025, 19:25","","Dead Hang",,"",0,"normal",,,,60,
"Puregym","7 Aug 2025, 18:49","7 Aug 2025, 19:25","","Seated Row (Machine)",,"",0,"normal",39,8,,,
"Puregym","7 Aug 2025, 18:49","7 Aug 2025, 19:25","","Seated Row (Machine)",,"",1,"normal",52,8,,,
"Puregym","7 Aug 2025, 18:49","7 Aug 2025, 19:25","","Seated Row (Machine)",,"",2,"normal",52,8,,,
"Puregym","7 Aug 2025, 18:49","7 Aug 2025, 19:25","","Seated Row (Machine)",,"",3,"normal",52,8,,,
"Puregym","4 Aug 2025, 16:52","4 Aug 2025, 17:54","","Pull Up (Assisted)",,"",0,"normal",9,8,,,
"Puregym","4 Aug 2025, 16:52","4 Aug 2025, 17:54","","Pull Up (Assisted)",,"",1,"normal",,6,,,
"Puregym","4 Aug 2025, 16:52","4 Aug 2025, 17:54","","Pull Up (Assisted)",,"",2,"normal",,6,,,
"Puregym","4 Aug 2025, 16:52","4 Aug 2025, 17:54","","Pull Up (Assisted)",,"",3,"normal",,6,,,
"Puregym","4 Aug 2025, 16:52","4 Aug 2025, 17:54","","Butterfly (Pec Deck)",,"",0,"normal",66,8,,,
"Puregym","4 Aug 2025, 16:52","4 Aug 2025, 17:54","","Butterfly (Pec Deck)",,"",1,"normal",120,8,,,
"Puregym","4 Aug 2025, 16:52","4 Aug 2025, 17:54","","Butterfly (Pec Deck)",,"",2,"normal",120,8,,,
"Puregym","4 Aug 2025, 16:52","4 Aug 2025, 17:54","","Butterfly (Pec Deck)",,"",3,"normal",120,8,,,
"Puregym","4 Aug 2025, 16:52","4 Aug 2025, 17:54","","Seated Row (Machine)",,"",0,"normal",32,8,,,
"Puregym","4 Aug 2025, 16:52","4 Aug 2025, 17:54","","Seated Row (Machine)",,"",1,"normal",52,8,,,
"Puregym","4 Aug 2025, 16:52","4 Aug 2025, 17:54","","Seated Row (Machine)",,"",2,"normal",52,8,,,
"Puregym","4 Aug 2025, 16:52","4 Aug 2025, 17:54","","Seated Row (Machine)",,"",3,"normal",59,8,,,
"Puregym","4 Aug 2025, 16:52","4 Aug 2025, 17:54","","Reverse Lunge (Dumbbell)",,"",0,"normal",,8,,,
"Puregym","4 Aug 2025, 16:52","4 Aug 2025, 17:54","","Reverse Lunge (Dumbbell)",,"",1,"failure",20,8,,,
"Puregym","4 Aug 2025, 16:52","4 Aug 2025, 17:54","","Plank",,"",0,"normal",,,,180,
"Puregym","4 Aug 2025, 16:52","4 Aug 2025, 17:54","","Superman",,"",0,"normal",,6,,,
"Puregym","4 Aug 2025, 16:52","4 Aug 2025, 17:54","","Superman",,"",1,"normal",,6,,,
"Puregym","4 Aug 2025, 16:52","4 Aug 2025, 17:54","","Superman",,"",2,"normal",,6,,,
"Puregym","4 Aug 2025, 16:52","4 Aug 2025, 17:54","","Shoulder Press (Dumbbell)",,"",0,"normal",20,8,,,
"Puregym","4 Aug 2025, 16:52","4 Aug 2025, 17:54","","Shoulder Press (Dumbbell)",,"",1,"normal",36,8,,,
"Puregym","4 Aug 2025, 16:52","4 Aug 2025, 17:54","","Shoulder Press (Dumbbell)",,"",2,"normal",36,8,,,
"Puregym","4 Aug 2025, 16:52","4 Aug 2025, 17:54","","Shoulder Press (Dumbbell)",,"",3,"normal",40,5,,,
"Puregym","4 Aug 2025, 16:52","4 Aug 2025, 17:54","","Concentration Curl",,"",0,"normal",10,8,,,
"Puregym","4 Aug 2025, 16:52","4 Aug 2025, 17:54","","Concentration Curl",,"",1,"normal",16,8,,,
"Puregym","4 Aug 2025, 16:52","4 Aug 2025, 17:54","","Concentration Curl",,"",2,"normal",16,5,,,
"Puregym","4 Aug 2025, 16:52","4 Aug 2025, 17:54","","Lat Pulldown (Cable)",,"",0,"normal",25,8,,,
"Puregym","4 Aug 2025, 16:52","4 Aug 2025, 17:54","","Lat Pulldown (Cable)",,"",1,"normal",45,8,,,
"Puregym","4 Aug 2025, 16:52","4 Aug 2025, 17:54","","Lat Pulldown (Cable)",,"",2,"normal",52,8,,,
"Puregym","4 Aug 2025, 16:52","4 Aug 2025, 17:54","","Chest Press (Machine)",,"",0,"normal",45,8,,,
"Puregym","4 Aug 2025, 16:52","4 Aug 2025, 17:54","","Chest Press (Machine)",,"",1,"normal",79,4,,,
"Puregym","1 Aug 2025, 17:51","1 Aug 2025, 18:34","","Chest Press (Machine)",,"",0,"normal",45,8,,,
"Puregym","1 Aug 2025, 17:51","1 Aug 2025, 18:34","","Chest Press (Machine)",,"",1,"normal",73,8,,,
"Puregym","1 Aug 2025, 17:51","1 Aug 2025, 18:34","","Chest Press (Machine)",,"",2,"normal",79,8,,,
"Puregym","1 Aug 2025, 17:51","1 Aug 2025, 18:34","","Pull Up (Assisted)",,"",0,"normal",9,8,,,
"Puregym","1 Aug 2025, 17:51","1 Aug 2025, 18:34","","Pull Up (Assisted)",,"",1,"normal",,6,,,
"Puregym","1 Aug 2025, 17:51","1 Aug 2025, 18:34","","Pull Up (Assisted)",,"",2,"normal",,6,,,
"Puregym","1 Aug 2025, 17:51","1 Aug 2025, 18:34","","Plank",,"",0,"normal",,,,150,
"Puregym","1 Aug 2025, 17:51","1 Aug 2025, 18:34","","Superman",,"",0,"normal",,8,,,
"Puregym","1 Aug 2025, 17:51","1 Aug 2025, 18:34","","Superman",,"",1,"normal",,6,,,
"Puregym","1 Aug 2025, 17:51","1 Aug 2025, 18:34","","Superman",,"",2,"normal",,6,,,
"Puregym","1 Aug 2025, 17:51","1 Aug 2025, 18:34","","Reverse Lunge (Dumbbell)",,"",0,"normal",,8,,,
"Puregym","1 Aug 2025, 17:51","1 Aug 2025, 18:34","","Reverse Lunge (Dumbbell)",,"",1,"failure",,8,,,
"Puregym","1 Aug 2025, 17:51","1 Aug 2025, 18:34","","Seated Row (Machine)",,"",0,"normal",32,8,,,
"Puregym","1 Aug 2025, 17:51","1 Aug 2025, 18:34","","Seated Row (Machine)",,"",1,"normal",45,8,,,
"Puregym","1 Aug 2025, 17:51","1 Aug 2025, 18:34","","Seated Row (Machine)",,"",2,"normal",52,8,,,
"Puregym","1 Aug 2025, 17:51","1 Aug 2025, 18:34","","Dead Hang",,"",0,"normal",,,,60,
"Puregym","1 Aug 2025, 17:51","1 Aug 2025, 18:34","","Butterfly (Pec Deck)",,"",0,"normal",66,8,,,
"Puregym","1 Aug 2025, 17:51","1 Aug 2025, 18:34","","Butterfly (Pec Deck)",,"",1,"normal",113,8,,,
"Puregym","1 Aug 2025, 17:51","1 Aug 2025, 18:34","","Butterfly (Pec Deck)",,"",2,"normal",120,8,,,
"Holiday","31 Jul 2025, 19:59","31 Jul 2025, 20:08","","Plank",,"",0,"normal",,,,121,
"Holiday","31 Jul 2025, 19:59","31 Jul 2025, 20:08","","Push Up",,"",0,"normal",,20,,,
"Holiday","31 Jul 2025, 19:59","31 Jul 2025, 20:08","","Reverse Lunge",,"",0,"normal",,8,,,
"Holiday","31 Jul 2025, 19:59","31 Jul 2025, 20:08","","Reverse Lunge",,"",1,"normal",,8,,,
"Holiday","27 Jul 2025, 19:17","27 Jul 2025, 19:28","","Plank",,"",0,"normal",,,,121,
"Holiday","27 Jul 2025, 19:17","27 Jul 2025, 19:28","","Push Up",,"",0,"normal",,20,,,
"Holiday","27 Jul 2025, 19:17","27 Jul 2025, 19:28","","Reverse Lunge",,"",0,"normal",,8,,,
"Holiday","27 Jul 2025, 19:17","27 Jul 2025, 19:28","","Reverse Lunge",,"",1,"normal",,8,,,
"Holiday","27 Jul 2025, 19:17","27 Jul 2025, 19:28","","Reverse Lunge",,"",2,"normal",,8,,,
"Holiday","25 Jul 2025, 12:13","25 Jul 2025, 12:25","","Plank",,"",0,"normal",,,,180,
"Holiday","25 Jul 2025, 12:13","25 Jul 2025, 12:25","","Push Up",,"",0,"normal",,20,,,
"Holiday","25 Jul 2025, 12:13","25 Jul 2025, 12:25","","Reverse Lunge",,"",0,"normal",,8,,,
"Holiday","25 Jul 2025, 12:13","25 Jul 2025, 12:25","","Reverse Lunge",,"",1,"normal",,8,,,
"Holiday","25 Jul 2025, 12:13","25 Jul 2025, 12:25","","Reverse Lunge",,"",2,"normal",,8,,,
"Holiday","22 Jul 2025, 12:21","22 Jul 2025, 12:33","","Plank",,"",0,"normal",,,,180,
"Holiday","22 Jul 2025, 12:21","22 Jul 2025, 12:33","","Push Up",,"",0,"normal",,15,,,
"Holiday","22 Jul 2025, 12:21","22 Jul 2025, 12:33","","Reverse Lunge",,"",0,"normal",,8,,,
"Puregym","19 Jul 2025, 12:01","19 Jul 2025, 13:14","","Pull Up (Assisted)",,"",0,"normal",9,8,,,
"Puregym","19 Jul 2025, 12:01","19 Jul 2025, 13:14","","Pull Up (Assisted)",,"",1,"normal",,6,,,
"Puregym","19 Jul 2025, 12:01","19 Jul 2025, 13:14","","Pull Up (Assisted)",,"",2,"normal",,6,,,
"Puregym","19 Jul 2025, 12:01","19 Jul 2025, 13:14","","Pull Up (Assisted)",,"",3,"normal",,6,,,
"Puregym","19 Jul 2025, 12:01","19 Jul 2025, 13:14","","Seated Row (Machine)",,"",0,"normal",32,8,,,
"Puregym","19 Jul 2025, 12:01","19 Jul 2025, 13:14","","Seated Row (Machine)",,"",1,"normal",59,8,,,
"Puregym","19 Jul 2025, 12:01","19 Jul 2025, 13:14","","Seated Row (Machine)",,"",2,"normal",59,8,,,
"Puregym","19 Jul 2025, 12:01","19 Jul 2025, 13:14","","Seated Row (Machine)",,"",3,"normal",59,8,,,
"Puregym","19 Jul 2025, 12:01","19 Jul 2025, 13:14","","Reverse Lunge (Dumbbell)",,"",0,"normal",,8,,,
"Puregym","19 Jul 2025, 12:01","19 Jul 2025, 13:14","","Reverse Lunge (Dumbbell)",,"",1,"failure",20,8,,,
"Puregym","19 Jul 2025, 12:01","19 Jul 2025, 13:14","","Reverse Lunge (Dumbbell)",,"",2,"normal",20,8,,,
"Puregym","19 Jul 2025, 12:01","19 Jul 2025, 13:14","","Reverse Lunge (Dumbbell)",,"",3,"normal",20,8,,,
"Puregym","19 Jul 2025, 12:01","19 Jul 2025, 13:14","","Plank",,"",0,"normal",,,,180,
"Puregym","19 Jul 2025, 12:01","19 Jul 2025, 13:14","","Superman",,"",0,"normal",,6,,,
"Puregym","19 Jul 2025, 12:01","19 Jul 2025, 13:14","","Superman",,"",1,"normal",,6,,,
"Puregym","19 Jul 2025, 12:01","19 Jul 2025, 13:14","","Superman",,"",2,"normal",,6,,,
"Puregym","19 Jul 2025, 12:01","19 Jul 2025, 13:14","","Bulgarian Split Squat",,"",0,"normal",,8,,,
"Puregym","19 Jul 2025, 12:01","19 Jul 2025, 13:14","","Bulgarian Split Squat",,"",1,"normal",,8,,,
"Puregym","19 Jul 2025, 12:01","19 Jul 2025, 13:14","","Chest Press (Machine)",,"",0,"normal",45,8,,,
"Puregym","19 Jul 2025, 12:01","19 Jul 2025, 13:14","","Chest Press (Machine)",,"",1,"normal",86,8,,,
"Puregym","19 Jul 2025, 12:01","19 Jul 2025, 13:14","","Chest Press (Machine)",,"",2,"normal",86,8,,,
"Puregym","19 Jul 2025, 12:01","19 Jul 2025, 13:14","","Chest Press (Machine)",,"",3,"normal",86,6,,,
"Puregym","19 Jul 2025, 12:01","19 Jul 2025, 13:14","","Butterfly (Pec Deck)",,"",0,"normal",66,8,,,
"Puregym","19 Jul 2025, 12:01","19 Jul 2025, 13:14","","Butterfly (Pec Deck)",,"",1,"normal",113,8,,,
"Puregym","19 Jul 2025, 12:01","19 Jul 2025, 13:14","","Butterfly (Pec Deck)",,"",2,"normal",113,8,,,
"Puregym","19 Jul 2025, 12:01","19 Jul 2025, 13:14","","Butterfly (Pec Deck)",,"",3,"normal",120,8,,,
"Puregym","19 Jul 2025, 12:01","19 Jul 2025, 13:14","","Dead Hang",,"",0,"normal",,,,60,
"Puregym","19 Jul 2025, 12:01","19 Jul 2025, 13:14","","Shoulder Press (Dumbbell)",,"",0,"normal",24,8,,,
"Puregym","19 Jul 2025, 12:01","19 Jul 2025, 13:14","","Shoulder Press (Dumbbell)",,"",1,"normal",36,8,,,
"Puregym","19 Jul 2025, 12:01","19 Jul 2025, 13:14","","Shoulder Press (Dumbbell)",,"",2,"normal",36,8,,,
"Puregym","19 Jul 2025, 12:01","19 Jul 2025, 13:14","","Shoulder Press (Dumbbell)",,"",3,"normal",40,6,,,
"Puregym","17 Jul 2025, 11:10","17 Jul 2025, 12:04","","Pull Up (Assisted)",,"",0,"normal",9,8,,,
"Puregym","17 Jul 2025, 11:10","17 Jul 2025, 12:04","","Pull Up (Assisted)",,"",1,"normal",,6,,,
"Puregym","17 Jul 2025, 11:10","17 Jul 2025, 12:04","","Pull Up (Assisted)",,"",2,"normal",,6,,,
"Puregym","17 Jul 2025, 11:10","17 Jul 2025, 12:04","","Pull Up (Assisted)",,"",3,"normal",,6,,,
"Puregym","17 Jul 2025, 11:10","17 Jul 2025, 12:04","","Butterfly (Pec Deck)",,"",0,"normal",66,8,,,
"Puregym","17 Jul 2025, 11:10","17 Jul 2025, 12:04","","Butterfly (Pec Deck)",,"",1,"normal",113,8,,,
"Puregym","17 Jul 2025, 11:10","17 Jul 2025, 12:04","","Butterfly (Pec Deck)",,"",2,"normal",113,8,,,
"Puregym","17 Jul 2025, 11:10","17 Jul 2025, 12:04","","Butterfly (Pec Deck)",,"",3,"normal",120,8,,,
"Puregym","17 Jul 2025, 11:10","17 Jul 2025, 12:04","","Reverse Lunge (Dumbbell)",,"",0,"normal",,8,,,
"Puregym","17 Jul 2025, 11:10","17 Jul 2025, 12:04","","Reverse Lunge (Dumbbell)",,"",1,"failure",20,8,,,
"Puregym","17 Jul 2025, 11:10","17 Jul 2025, 12:04","","Reverse Lunge (Dumbbell)",,"",2,"normal",20,8,,,
"Puregym","17 Jul 2025, 11:10","17 Jul 2025, 12:04","","Reverse Lunge (Dumbbell)",,"",3,"normal",20,8,,,
"Puregym","17 Jul 2025, 11:10","17 Jul 2025, 12:04","","Bulgarian Split Squat",,"",0,"normal",,8,,,
"Puregym","17 Jul 2025, 11:10","17 Jul 2025, 12:04","","Bulgarian Split Squat",,"",1,"normal",20,8,,,
"Puregym","17 Jul 2025, 11:10","17 Jul 2025, 12:04","","Plank",,"",0,"normal",,,,151,
"Puregym","17 Jul 2025, 11:10","17 Jul 2025, 12:04","","Dead Hang",,"",0,"normal",,,,75,
"Puregym","17 Jul 2025, 11:10","17 Jul 2025, 12:04","","Seated Row (Machine)",,"",0,"normal",32,8,,,
"Puregym","17 Jul 2025, 11:10","17 Jul 2025, 12:04","","Seated Row (Machine)",,"",1,"normal",52,8,,,
"Puregym","17 Jul 2025, 11:10","17 Jul 2025, 12:04","","Seated Row (Machine)",,"",2,"normal",59,8,,,
"Puregym","17 Jul 2025, 11:10","17 Jul 2025, 12:04","","Seated Row (Machine)",,"",3,"normal",59,8,,,
"Puregym","17 Jul 2025, 11:10","17 Jul 2025, 12:04","","Chest Press (Machine)",,"",0,"normal",45,8,,,
"Puregym","17 Jul 2025, 11:10","17 Jul 2025, 12:04","","Chest Press (Machine)",,"",1,"normal",86,8,,,
"Puregym","17 Jul 2025, 11:10","17 Jul 2025, 12:04","","Chest Press (Machine)",,"",2,"normal",86,8,,,
"Puregym","17 Jul 2025, 11:10","17 Jul 2025, 12:04","","Chest Press (Machine)",,"",3,"normal",86,6,,,
"Puregym","15 Jul 2025, 13:44","15 Jul 2025, 14:27","","Pull Up (Assisted)",,"",0,"normal",9,6,,,
"Puregym","15 Jul 2025, 13:44","15 Jul 2025, 14:27","","Pull Up (Assisted)",,"",1,"normal",,6,,,
"Puregym","15 Jul 2025, 13:44","15 Jul 2025, 14:27","","Pull Up (Assisted)",,"",2,"normal",,6,,,
"Puregym","15 Jul 2025, 13:44","15 Jul 2025, 14:27","","Pull Up (Assisted)",,"",3,"normal",,6,,,
"Puregym","15 Jul 2025, 13:44","15 Jul 2025, 14:27","","Butterfly (Pec Deck)",,"",0,"normal",66,8,,,
"Puregym","15 Jul 2025, 13:44","15 Jul 2025, 14:27","","Butterfly (Pec Deck)",,"",1,"normal",113,8,,,
"Puregym","15 Jul 2025, 13:44","15 Jul 2025, 14:27","","Butterfly (Pec Deck)",,"",2,"normal",113,8,,,
"Puregym","15 Jul 2025, 13:44","15 Jul 2025, 14:27","","Butterfly (Pec Deck)",,"",3,"normal",120,6,,,
"Puregym","15 Jul 2025, 13:44","15 Jul 2025, 14:27","","Seated Row (Machine)",,"",0,"normal",32,8,,,
"Puregym","15 Jul 2025, 13:44","15 Jul 2025, 14:27","","Seated Row (Machine)",,"",1,"normal",52,8,,,
"Puregym","15 Jul 2025, 13:44","15 Jul 2025, 14:27","","Seated Row (Machine)",,"",2,"normal",45,8,,,
"Puregym","15 Jul 2025, 13:44","15 Jul 2025, 14:27","","Seated Row (Machine)",,"",3,"normal",45,8,,,
"Puregym","15 Jul 2025, 13:44","15 Jul 2025, 14:27","","Plank",,"",0,"normal",,,,151,
"Puregym","15 Jul 2025, 13:44","15 Jul 2025, 14:27","","Superman",,"",0,"normal",,8,,,
"Puregym","15 Jul 2025, 13:44","15 Jul 2025, 14:27","","Superman",,"",1,"normal",,8,,,
"Puregym","15 Jul 2025, 13:44","15 Jul 2025, 14:27","","Superman",,"",2,"normal",,8,,,
"Puregym","15 Jul 2025, 13:44","15 Jul 2025, 14:27","","Reverse Lunge (Dumbbell)",,"",0,"normal",,8,,,
"Puregym","15 Jul 2025, 13:44","15 Jul 2025, 14:27","","Reverse Lunge (Dumbbell)",,"",1,"failure",20,8,,,
"Puregym","15 Jul 2025, 13:44","15 Jul 2025, 14:27","","Reverse Lunge (Dumbbell)",,"",2,"normal",20,8,,,
"Puregym","15 Jul 2025, 13:44","15 Jul 2025, 14:27","","Reverse Lunge (Dumbbell)",,"",3,"normal",20,8,,,
"Puregym","15 Jul 2025, 13:44","15 Jul 2025, 14:27","","Dead Hang",,"",0,"normal",,,,70,
"Puregym","13 Jul 2025, 10:13","13 Jul 2025, 11:19","","Reverse Lunge (Dumbbell)",,"",0,"normal",,8,,,
"Puregym","13 Jul 2025, 10:13","13 Jul 2025, 11:19","","Reverse Lunge (Dumbbell)",,"",1,"failure",20,8,,,
"Puregym","13 Jul 2025, 10:13","13 Jul 2025, 11:19","","Reverse Lunge (Dumbbell)",,"",2,"normal",20,8,,,
"Puregym","13 Jul 2025, 10:13","13 Jul 2025, 11:19","","Reverse Lunge (Dumbbell)",,"",3,"normal",20,8,,,
"Puregym","13 Jul 2025, 10:13","13 Jul 2025, 11:19","","Plank",,"",0,"normal",,,,150,
"Puregym","13 Jul 2025, 10:13","13 Jul 2025, 11:19","","Superman",,"",0,"normal",,8,,,
"Puregym","13 Jul 2025, 10:13","13 Jul 2025, 11:19","","Superman",,"",1,"normal",,8,,,
"Puregym","13 Jul 2025, 10:13","13 Jul 2025, 11:19","","Superman",,"",2,"normal",,8,,,
"Puregym","13 Jul 2025, 10:13","13 Jul 2025, 11:19","","Superman",,"",3,"normal",,8,,,
"Puregym","13 Jul 2025, 10:13","13 Jul 2025, 11:19","","Bulgarian Split Squat",,"",0,"normal",,8,,,
"Puregym","13 Jul 2025, 10:13","13 Jul 2025, 11:19","","Bulgarian Split Squat",,"",1,"normal",15,8,,,
"Puregym","13 Jul 2025, 10:13","13 Jul 2025, 11:19","","Bulgarian Split Squat",,"",2,"normal",20,5,,,
"Puregym","13 Jul 2025, 10:13","13 Jul 2025, 11:19","","Chest Press (Machine)",,"",0,"normal",39,8,,,
"Puregym","13 Jul 2025, 10:13","13 Jul 2025, 11:19","","Chest Press (Machine)",,"",1,"normal",86,8,,,
"Puregym","13 Jul 2025, 10:13","13 Jul 2025, 11:19","","Chest Press (Machine)",,"",2,"normal",86,8,,,
"Puregym","13 Jul 2025, 10:13","13 Jul 2025, 11:19","","Chest Press (Machine)",,"",3,"normal",86,8,,,
"Puregym","13 Jul 2025, 10:13","13 Jul 2025, 11:19","","Pull Up (Assisted)",,"",0,"normal",9,8,,,
"Puregym","13 Jul 2025, 10:13","13 Jul 2025, 11:19","","Pull Up (Assisted)",,"",1,"normal",,6,,,
"Puregym","13 Jul 2025, 10:13","13 Jul 2025, 11:19","","Pull Up (Assisted)",,"",2,"normal",,6,,,
"Puregym","13 Jul 2025, 10:13","13 Jul 2025, 11:19","","Butterfly (Pec Deck)",,"",0,"normal",66,8,,,
"Puregym","13 Jul 2025, 10:13","13 Jul 2025, 11:19","","Butterfly (Pec Deck)",,"",1,"normal",107,8,,,
"Puregym","13 Jul 2025, 10:13","13 Jul 2025, 11:19","","Butterfly (Pec Deck)",,"",2,"normal",113,8,,,
"Puregym","13 Jul 2025, 10:13","13 Jul 2025, 11:19","","Butterfly (Pec Deck)",,"",3,"normal",113,6,,,
"Puregym","13 Jul 2025, 10:13","13 Jul 2025, 11:19","","Seated Row (Machine)",,"",0,"normal",32,8,,,
"Puregym","13 Jul 2025, 10:13","13 Jul 2025, 11:19","","Seated Row (Machine)",,"",1,"normal",52,8,,,
"Puregym","13 Jul 2025, 10:13","13 Jul 2025, 11:19","","Seated Row (Machine)",,"",2,"normal",52,8,,,
"Puregym","13 Jul 2025, 10:13","13 Jul 2025, 11:19","","Seated Row (Machine)",,"",3,"normal",52,8,,,
"Puregym","13 Jul 2025, 10:13","13 Jul 2025, 11:19","","Shoulder Press (Dumbbell)",,"",0,"normal",24,8,,,
"Puregym","13 Jul 2025, 10:13","13 Jul 2025, 11:19","","Shoulder Press (Dumbbell)",,"",1,"normal",36,8,,,
"Puregym","13 Jul 2025, 10:13","13 Jul 2025, 11:19","","Shoulder Press (Dumbbell)",,"",2,"normal",36,8,,,
"Puregym","13 Jul 2025, 10:13","13 Jul 2025, 11:19","","Shoulder Press (Dumbbell)",,"",3,"normal",36,4,,,
"Puregym","13 Jul 2025, 10:13","13 Jul 2025, 11:19","","Dead Hang",,"",0,"normal",,,,60,
"Puregym","10 Jul 2025, 20:14","10 Jul 2025, 20:59","","Pull Up (Assisted)",,"",0,"normal",14,8,,,
"Puregym","10 Jul 2025, 20:14","10 Jul 2025, 20:59","","Pull Up (Assisted)",,"",1,"normal",4.5,6,,,
"Puregym","10 Jul 2025, 20:14","10 Jul 2025, 20:59","","Butterfly (Pec Deck)",,"",0,"normal",66,8,,,
"Puregym","10 Jul 2025, 20:14","10 Jul 2025, 20:59","","Butterfly (Pec Deck)",,"",1,"normal",93,8,,,
"Puregym","10 Jul 2025, 20:14","10 Jul 2025, 20:59","","Butterfly (Pec Deck)",,"",2,"normal",107,8,,,
"Puregym","10 Jul 2025, 20:14","10 Jul 2025, 20:59","","Butterfly (Pec Deck)",,"",3,"normal",107,8,,,
"Puregym","10 Jul 2025, 20:14","10 Jul 2025, 20:59","","Seated Row (Machine)",,"",0,"normal",32,8,,,
"Puregym","10 Jul 2025, 20:14","10 Jul 2025, 20:59","","Seated Row (Machine)",,"",1,"normal",41,8,,,
"Puregym","10 Jul 2025, 20:14","10 Jul 2025, 20:59","","Plank",,"",0,"normal",,,,150,
"Puregym","10 Jul 2025, 20:14","10 Jul 2025, 20:59","","Superman",,"",0,"normal",,8,,,
"Puregym","10 Jul 2025, 20:14","10 Jul 2025, 20:59","","Superman",,"",1,"normal",,8,,,
"Puregym","10 Jul 2025, 20:14","10 Jul 2025, 20:59","","Superman",,"",2,"normal",,8,,,
"Puregym","10 Jul 2025, 20:14","10 Jul 2025, 20:59","","Superman",,"",3,"normal",,8,,,
"Puregym","10 Jul 2025, 20:14","10 Jul 2025, 20:59","","Chest Press (Machine)",,"",0,"normal",39,8,,,
"Puregym","10 Jul 2025, 20:14","10 Jul 2025, 20:59","","Chest Press (Machine)",,"",1,"normal",79,8,,,
"Puregym","10 Jul 2025, 20:14","10 Jul 2025, 20:59","","Chest Press (Machine)",,"",2,"normal",79,8,,,
"Puregym","10 Jul 2025, 20:14","10 Jul 2025, 20:59","","Chest Press (Machine)",,"",3,"normal",86,8,,,
"Puregym","10 Jul 2025, 20:14","10 Jul 2025, 20:59","","Dead Hang",,"",0,"normal",,,,70,
"Puregym","10 Jul 2025, 20:14","10 Jul 2025, 20:59","","Shoulder Press (Dumbbell)",,"",0,"normal",24,8,,,
"Puregym","10 Jul 2025, 20:14","10 Jul 2025, 20:59","","Shoulder Press (Dumbbell)",,"",1,"normal",36,8,,,
"Puregym","10 Jul 2025, 20:14","10 Jul 2025, 20:59","","Shoulder Press (Dumbbell)",,"",2,"normal",36,8,,,
"Puregym","10 Jul 2025, 20:14","10 Jul 2025, 20:59","","Shoulder Press (Dumbbell)",,"",3,"normal",40,5,,,
"Puregym","10 Jul 2025, 20:14","10 Jul 2025, 20:59","","Farmers Carry",,"",0,"normal",56,,,60,
"Puregym","10 Jul 2025, 20:14","10 Jul 2025, 20:59","","Bulgarian Split Squat",,"",0,"normal",20,8,,,
"Puregym","7 Jul 2025, 19:23","7 Jul 2025, 20:07","","Superman",,"",0,"normal",,8,,,
"Puregym","7 Jul 2025, 19:23","7 Jul 2025, 20:07","","Superman",,"",1,"normal",,8,,,
"Puregym","7 Jul 2025, 19:23","7 Jul 2025, 20:07","","Superman",,"",2,"normal",,8,,,
"Puregym","7 Jul 2025, 19:23","7 Jul 2025, 20:07","","Superman",,"",3,"normal",,8,,,
"Puregym","7 Jul 2025, 19:23","7 Jul 2025, 20:07","","Plank",,"",0,"normal",,,,151,
"Puregym","7 Jul 2025, 19:23","7 Jul 2025, 20:07","","Bulgarian Split Squat",,"",0,"normal",,8,,,
"Puregym","7 Jul 2025, 19:23","7 Jul 2025, 20:07","","Bulgarian Split Squat",,"",1,"normal",20,8,,,
"Puregym","7 Jul 2025, 19:23","7 Jul 2025, 20:07","","Bulgarian Split Squat",,"",2,"normal",,5,,,
"Puregym","7 Jul 2025, 19:23","7 Jul 2025, 20:07","","Bulgarian Split Squat",,"",3,"normal",20,8,,,
"Puregym","7 Jul 2025, 19:23","7 Jul 2025, 20:07","","Bulgarian Split Squat",,"",4,"normal",20,8,,,
"Puregym","7 Jul 2025, 19:23","7 Jul 2025, 20:07","","Butterfly (Pec Deck)",,"",0,"normal",66,8,,,
"Puregym","7 Jul 2025, 19:23","7 Jul 2025, 20:07","","Butterfly (Pec Deck)",,"",1,"normal",93,8,,,
"Puregym","7 Jul 2025, 19:23","7 Jul 2025, 20:07","","Butterfly (Pec Deck)",,"",2,"normal",93,8,,,
"Puregym","7 Jul 2025, 19:23","7 Jul 2025, 20:07","","Butterfly (Pec Deck)",,"",3,"normal",93,8,,,
"Puregym","7 Jul 2025, 19:23","7 Jul 2025, 20:07","","Chest Press (Machine)",,"",0,"normal",39,8,,,
"Puregym","7 Jul 2025, 19:23","7 Jul 2025, 20:07","","Chest Press (Machine)",,"",1,"normal",73,8,,,
"Puregym","7 Jul 2025, 19:23","7 Jul 2025, 20:07","","Chest Press (Machine)",,"",2,"normal",73,8,,,
"Puregym","7 Jul 2025, 19:23","7 Jul 2025, 20:07","","Chest Press (Machine)",,"",3,"normal",79,8,,,
"Puregym","7 Jul 2025, 19:23","7 Jul 2025, 20:07","","Shoulder Press (Dumbbell)",,"",0,"normal",24,8,,,
"Puregym","7 Jul 2025, 19:23","7 Jul 2025, 20:07","","Shoulder Press (Dumbbell)",,"",1,"normal",36,8,,,
"Puregym","7 Jul 2025, 19:23","7 Jul 2025, 20:07","","Shoulder Press (Dumbbell)",,"",2,"normal",36,8,,,
"Puregym","7 Jul 2025, 19:23","7 Jul 2025, 20:07","","Shoulder Press (Dumbbell)",,"",3,"normal",36,8,,,
"Puregym","5 Jul 2025, 10:21","5 Jul 2025, 11:14","","Pull Up (Assisted)",,"",0,"normal",9,6,,,
"Puregym","5 Jul 2025, 10:21","5 Jul 2025, 11:14","","Pull Up (Assisted)",,"",1,"normal",,6,,,
"Puregym","5 Jul 2025, 10:21","5 Jul 2025, 11:14","","Pull Up (Assisted)",,"",2,"normal",,6,,,
"Puregym","5 Jul 2025, 10:21","5 Jul 2025, 11:14","","Pull Up (Assisted)",,"",3,"normal",,6,,,
"Puregym","5 Jul 2025, 10:21","5 Jul 2025, 11:14","","Butterfly (Pec Deck)",,"",0,"normal",66,8,,,
"Puregym","5 Jul 2025, 10:21","5 Jul 2025, 11:14","","Butterfly (Pec Deck)",,"",1,"normal",113,8,,,
"Puregym","5 Jul 2025, 10:21","5 Jul 2025, 11:14","","Butterfly (Pec Deck)",,"",2,"normal",113,8,,,
"Puregym","5 Jul 2025, 10:21","5 Jul 2025, 11:14","","Butterfly (Pec Deck)",,"",3,"normal",113,8,,,
"Puregym","5 Jul 2025, 10:21","5 Jul 2025, 11:14","","Seated Row (Machine)",,"",0,"normal",32,8,,,
"Puregym","5 Jul 2025, 10:21","5 Jul 2025, 11:14","","Seated Row (Machine)",,"",1,"normal",59,8,,,
"Puregym","5 Jul 2025, 10:21","5 Jul 2025, 11:14","","Seated Row (Machine)",,"",2,"normal",59,8,,,
"Puregym","5 Jul 2025, 10:21","5 Jul 2025, 11:14","","Seated Row (Machine)",,"",3,"normal",59,8,,,
"Puregym","5 Jul 2025, 10:21","5 Jul 2025, 11:14","","Chest Press (Machine)",,"",0,"normal",39,8,,,
"Puregym","5 Jul 2025, 10:21","5 Jul 2025, 11:14","","Chest Press (Machine)",,"",1,"normal",73,8,,,
"Puregym","5 Jul 2025, 10:21","5 Jul 2025, 11:14","","Chest Press (Machine)",,"",2,"normal",79,8,,,
"Puregym","5 Jul 2025, 10:21","5 Jul 2025, 11:14","","Chest Press (Machine)",,"",3,"normal",79,8,,,
"Puregym","5 Jul 2025, 10:21","5 Jul 2025, 11:14","","Plank",,"",0,"normal",,,,121,
"Puregym","5 Jul 2025, 10:21","5 Jul 2025, 11:14","","Superman",,"",0,"normal",,8,,,
"Puregym","5 Jul 2025, 10:21","5 Jul 2025, 11:14","","Superman",,"",1,"normal",,8,,,
"Puregym","5 Jul 2025, 10:21","5 Jul 2025, 11:14","","Superman",,"",2,"normal",,8,,,
"Puregym","5 Jul 2025, 10:21","5 Jul 2025, 11:14","","Superman",,"",3,"normal",,8,,,
"Puregym","5 Jul 2025, 10:21","5 Jul 2025, 11:14","","Shoulder Press (Dumbbell)",,"",0,"normal",24,8,,,
"Puregym","5 Jul 2025, 10:21","5 Jul 2025, 11:14","","Shoulder Press (Dumbbell)",,"",1,"normal",36,8,,,
"Puregym","5 Jul 2025, 10:21","5 Jul 2025, 11:14","","Shoulder Press (Dumbbell)",,"",2,"normal",36,8,,,
"Puregym","5 Jul 2025, 10:21","5 Jul 2025, 11:14","","Shoulder Press (Dumbbell)",,"",3,"normal",36,8,,,
"Puregym","5 Jul 2025, 10:21","5 Jul 2025, 11:14","","Concentration Curl",,"",0,"normal",10,8,,,
"Puregym","5 Jul 2025, 10:21","5 Jul 2025, 11:14","","Concentration Curl",,"",1,"normal",16,6,,,
"Puregym","5 Jul 2025, 10:21","5 Jul 2025, 11:14","","Concentration Curl",,"",2,"normal",16,8,,,
"Puregym","5 Jul 2025, 10:21","5 Jul 2025, 11:14","","Concentration Curl",,"",3,"normal",16,6,,,
"Puregym","5 Jul 2025, 10:21","5 Jul 2025, 11:14","","Dead Hang",,"",0,"normal",,,,60,
"Puregym","1 Jul 2025, 16:06","1 Jul 2025, 16:56","","Reverse Lunge (Dumbbell)",,"",0,"normal",,8,,,
"Puregym","1 Jul 2025, 16:06","1 Jul 2025, 16:56","","Reverse Lunge (Dumbbell)",,"",1,"normal",20,8,,,
"Puregym","1 Jul 2025, 16:06","1 Jul 2025, 16:56","","Bulgarian Split Squat",,"",0,"normal",,8,,,
"Puregym","1 Jul 2025, 16:06","1 Jul 2025, 16:56","","Bulgarian Split Squat",,"",1,"normal",20,8,,,
"Puregym","1 Jul 2025, 16:06","1 Jul 2025, 16:56","","Bulgarian Split Squat",,"",2,"normal",20,8,,,
"Puregym","1 Jul 2025, 16:06","1 Jul 2025, 16:56","","Dead Hang",,"",0,"normal",,,,60,
"Puregym","1 Jul 2025, 16:06","1 Jul 2025, 16:56","","Pull Up (Assisted)",,"",0,"normal",9,6,,,
"Puregym","1 Jul 2025, 16:06","1 Jul 2025, 16:56","","Pull Up (Assisted)",,"",1,"normal",,6,,,
"Puregym","1 Jul 2025, 16:06","1 Jul 2025, 16:56","","Pull Up (Assisted)",,"",2,"normal",,6,,,
"Puregym","1 Jul 2025, 16:06","1 Jul 2025, 16:56","","Pull Up (Assisted)",,"",3,"normal",,6,,,
"Puregym","1 Jul 2025, 16:06","1 Jul 2025, 16:56","","Chest Press (Machine)",,"",0,"normal",39,8,,,
"Puregym","1 Jul 2025, 16:06","1 Jul 2025, 16:56","","Chest Press (Machine)",,"",1,"normal",73,8,,,
"Puregym","1 Jul 2025, 16:06","1 Jul 2025, 16:56","","Chest Press (Machine)",,"",2,"normal",73,8,,,
"Puregym","1 Jul 2025, 16:06","1 Jul 2025, 16:56","","Chest Press (Machine)",,"",3,"normal",79,8,,,
"Puregym","1 Jul 2025, 16:06","1 Jul 2025, 16:56","","Seated Row (Machine)",,"",0,"normal",32,8,,,
"Puregym","1 Jul 2025, 16:06","1 Jul 2025, 16:56","","Seated Row (Machine)",,"",1,"normal",59,8,,,
"Puregym","1 Jul 2025, 16:06","1 Jul 2025, 16:56","","Seated Row (Machine)",,"",2,"normal",59,8,,,
"Puregym","1 Jul 2025, 16:06","1 Jul 2025, 16:56","","Butterfly (Pec Deck)",,"",0,"normal",66,8,,,
"Puregym","1 Jul 2025, 16:06","1 Jul 2025, 16:56","","Butterfly (Pec Deck)",,"",1,"normal",113,8,,,
"Puregym","1 Jul 2025, 16:06","1 Jul 2025, 16:56","","Butterfly (Pec Deck)",,"",2,"normal",113,8,,,
"Puregym","1 Jul 2025, 16:06","1 Jul 2025, 16:56","","Butterfly (Pec Deck)",,"",3,"normal",113,8,,,
"Puregym","1 Jul 2025, 16:06","1 Jul 2025, 16:56","","Concentration Curl",,"",0,"normal",10,8,,,
"Puregym","1 Jul 2025, 16:06","1 Jul 2025, 16:56","","Concentration Curl",,"",1,"normal",16,6,,,
"Puregym","1 Jul 2025, 16:06","1 Jul 2025, 16:56","","Concentration Curl",,"",2,"normal",16,6,,,
"Puregym","1 Jul 2025, 16:06","1 Jul 2025, 16:56","","Plank",,"",0,"normal",,,,180,
"Puregym","1 Jul 2025, 16:06","1 Jul 2025, 16:56","","Superman",,"",0,"normal",,8,,,
"Puregym","1 Jul 2025, 16:06","1 Jul 2025, 16:56","","Superman",,"",1,"normal",,8,,,
"Puregym","1 Jul 2025, 16:06","1 Jul 2025, 16:56","","Superman",,"",2,"normal",,8,,,
"Puregym","1 Jul 2025, 16:06","1 Jul 2025, 16:56","","Superman",,"",3,"normal",,8,,,
"Puregym","30 Jun 2025, 11:47","30 Jun 2025, 12:17","","Dead Hang",,"",0,"normal",,,,80,
"Puregym","30 Jun 2025, 11:47","30 Jun 2025, 12:17","","Plank",,"",0,"normal",,,,151,
"Puregym","30 Jun 2025, 11:47","30 Jun 2025, 12:17","","Superman",,"",0,"normal",,8,,,
"Puregym","30 Jun 2025, 11:47","30 Jun 2025, 12:17","","Superman",,"",1,"normal",,8,,,
"Puregym","30 Jun 2025, 11:47","30 Jun 2025, 12:17","","Superman",,"",2,"normal",,8,,,
"Puregym","30 Jun 2025, 11:47","30 Jun 2025, 12:17","","Superman",,"",3,"normal",,8,,,
"Puregym","30 Jun 2025, 11:47","30 Jun 2025, 12:17","","Farmers Carry",,"",0,"normal",56,,,60,
"Puregym","30 Jun 2025, 11:47","30 Jun 2025, 12:17","","Shoulder Press (Dumbbell)",,"",0,"normal",24,8,,,
"Puregym","30 Jun 2025, 11:47","30 Jun 2025, 12:17","","Shoulder Press (Dumbbell)",,"",1,"normal",36,8,,,
"Puregym","30 Jun 2025, 11:47","30 Jun 2025, 12:17","","Shoulder Press (Dumbbell)",,"",2,"normal",36,8,,,
"Puregym","30 Jun 2025, 11:47","30 Jun 2025, 12:17","","Shoulder Press (Dumbbell)",,"",3,"normal",36,8,,,
"Puregym","29 Jun 2025, 09:04","29 Jun 2025, 10:01","","Reverse Lunge (Dumbbell)",,"",0,"normal",,8,,,
"Puregym","29 Jun 2025, 09:04","29 Jun 2025, 10:01","","Reverse Lunge (Dumbbell)",,"",1,"normal",15,8,,,
"Puregym","29 Jun 2025, 09:04","29 Jun 2025, 10:01","","Reverse Lunge (Dumbbell)",,"",2,"normal",15,8,,,
"Puregym","29 Jun 2025, 09:04","29 Jun 2025, 10:01","","Plank",,"",0,"normal",,,,180,
"Puregym","29 Jun 2025, 09:04","29 Jun 2025, 10:01","","Pull Up (Assisted)",,"",0,"normal",9,6,,,
"Puregym","29 Jun 2025, 09:04","29 Jun 2025, 10:01","","Pull Up (Assisted)",,"",1,"normal",,6,,,
"Puregym","29 Jun 2025, 09:04","29 Jun 2025, 10:01","","Pull Up (Assisted)",,"",2,"normal",,6,,,
"Puregym","29 Jun 2025, 09:04","29 Jun 2025, 10:01","","Pull Up (Assisted)",,"",3,"normal",,5,,,
"Puregym","29 Jun 2025, 09:04","29 Jun 2025, 10:01","","Butterfly (Pec Deck)",,"",0,"normal",66,8,,,
"Puregym","29 Jun 2025, 09:04","29 Jun 2025, 10:01","","Butterfly (Pec Deck)",,"",1,"normal",107,8,,,
"Puregym","29 Jun 2025, 09:04","29 Jun 2025, 10:01","","Butterfly (Pec Deck)",,"",2,"normal",107,8,,,
"Puregym","29 Jun 2025, 09:04","29 Jun 2025, 10:01","","Butterfly (Pec Deck)",,"",3,"normal",107,8,,,
"Puregym","29 Jun 2025, 09:04","29 Jun 2025, 10:01","","Seated Row (Machine)",,"",0,"normal",32,8,,,
"Puregym","29 Jun 2025, 09:04","29 Jun 2025, 10:01","","Seated Row (Machine)",,"",1,"normal",59,8,,,
"Puregym","29 Jun 2025, 09:04","29 Jun 2025, 10:01","","Seated Row (Machine)",,"",2,"normal",59,8,,,
"Puregym","29 Jun 2025, 09:04","29 Jun 2025, 10:01","","Seated Row (Machine)",,"",3,"normal",59,8,,,
"Puregym","29 Jun 2025, 09:04","29 Jun 2025, 10:01","","Chest Press (Machine)",,"",0,"normal",39,8,,,
"Puregym","29 Jun 2025, 09:04","29 Jun 2025, 10:01","","Chest Press (Machine)",,"",1,"normal",73,8,,,
"Puregym","29 Jun 2025, 09:04","29 Jun 2025, 10:01","","Chest Press (Machine)",,"",2,"normal",73,8,,,
"Puregym","29 Jun 2025, 09:04","29 Jun 2025, 10:01","","Chest Press (Machine)",,"",3,"normal",79,8,,,
"Puregym","29 Jun 2025, 09:04","29 Jun 2025, 10:01","","Concentration Curl",,"",0,"normal",10,8,,,
"Puregym","29 Jun 2025, 09:04","29 Jun 2025, 10:01","","Concentration Curl",,"",1,"normal",16,6,,,
"Puregym","29 Jun 2025, 09:04","29 Jun 2025, 10:01","","Concentration Curl",,"",2,"normal",16,6,,,
"Puregym","29 Jun 2025, 09:04","29 Jun 2025, 10:01","","Bulgarian Split Squat",,"",0,"normal",,8,,,
"Puregym","29 Jun 2025, 09:04","29 Jun 2025, 10:01","","Bulgarian Split Squat",,"",1,"normal",15,8,,,
"Puregym","29 Jun 2025, 09:04","29 Jun 2025, 10:01","","Bulgarian Split Squat",,"",2,"normal",15,8,,,
"Puregym","29 Jun 2025, 09:04","29 Jun 2025, 10:01","","Dead Hang",,"",0,"normal",,,,60,
"Puregym","29 Jun 2025, 09:04","29 Jun 2025, 10:01","","Superman",,"",0,"normal",,8,,,
"Puregym","29 Jun 2025, 09:04","29 Jun 2025, 10:01","","Superman",,"",1,"normal",,8,,,
"Puregym","29 Jun 2025, 09:04","29 Jun 2025, 10:01","","Superman",,"",2,"normal",,8,,,
"Puregym","29 Jun 2025, 09:04","29 Jun 2025, 10:01","","Superman",,"",3,"normal",,8,,,
"Puregym","24 Jun 2025, 20:44","24 Jun 2025, 21:30","","Pull Up (Assisted)",,"",0,"normal",9,6,,,
"Puregym","24 Jun 2025, 20:44","24 Jun 2025, 21:30","","Pull Up (Assisted)",,"",1,"normal",,6,,,
"Puregym","24 Jun 2025, 20:44","24 Jun 2025, 21:30","","Pull Up (Assisted)",,"",2,"normal",,6,,,
"Puregym","24 Jun 2025, 20:44","24 Jun 2025, 21:30","","Butterfly (Pec Deck)",,"",0,"normal",66,8,,,
"Puregym","24 Jun 2025, 20:44","24 Jun 2025, 21:30","","Butterfly (Pec Deck)",,"",1,"normal",107,8,,,
"Puregym","24 Jun 2025, 20:44","24 Jun 2025, 21:30","","Butterfly (Pec Deck)",,"",2,"normal",107,8,,,
"Puregym","24 Jun 2025, 20:44","24 Jun 2025, 21:30","","Reverse Lunge (Dumbbell)",,"",0,"normal",,8,,,
"Puregym","24 Jun 2025, 20:44","24 Jun 2025, 21:30","","Reverse Lunge (Dumbbell)",,"",1,"normal",15,8,,,
"Puregym","24 Jun 2025, 20:44","24 Jun 2025, 21:30","","Reverse Lunge (Dumbbell)",,"",2,"normal",15,8,,,
"Puregym","24 Jun 2025, 20:44","24 Jun 2025, 21:30","","Superman",,"",0,"normal",,8,,,
"Puregym","24 Jun 2025, 20:44","24 Jun 2025, 21:30","","Superman",,"",1,"normal",,8,,,
"Puregym","24 Jun 2025, 20:44","24 Jun 2025, 21:30","","Superman",,"",2,"normal",,8,,,
"Puregym","24 Jun 2025, 20:44","24 Jun 2025, 21:30","","Superman",,"",3,"normal",,8,,,
"Puregym","24 Jun 2025, 20:44","24 Jun 2025, 21:30","","Plank",,"",0,"normal",,,,120,
"Puregym","24 Jun 2025, 20:44","24 Jun 2025, 21:30","","Concentration Curl",,"",0,"normal",10,8,,,
"Puregym","24 Jun 2025, 20:44","24 Jun 2025, 21:30","","Shoulder Press (Dumbbell)",,"",0,"normal",20,8,,,
"Puregym","24 Jun 2025, 20:44","24 Jun 2025, 21:30","","Shoulder Press (Dumbbell)",,"",1,"normal",32,8,,,
"Puregym","24 Jun 2025, 20:44","24 Jun 2025, 21:30","","Shoulder Press (Dumbbell)",,"",2,"normal",32,7,,,
"Puregym","24 Jun 2025, 20:44","24 Jun 2025, 21:30","","Chest Press (Machine)",,"",0,"normal",39,8,,,
"Puregym","24 Jun 2025, 20:44","24 Jun 2025, 21:30","","Chest Press (Machine)",,"",1,"normal",66,8,,,
"Puregym","24 Jun 2025, 20:44","24 Jun 2025, 21:30","","Chest Press (Machine)",,"",2,"normal",66,8,,,
"Puregym","24 Jun 2025, 20:44","24 Jun 2025, 21:30","","Seated Row (Machine)",,"",0,"normal",32,8,,,
"Puregym","24 Jun 2025, 20:44","24 Jun 2025, 21:30","","Seated Row (Machine)",,"",1,"normal",59,8,,,
"Puregym","24 Jun 2025, 20:44","24 Jun 2025, 21:30","","Seated Row (Machine)",,"",2,"normal",59,8,,,
"Puregym","24 Jun 2025, 20:44","24 Jun 2025, 21:30","","Bulgarian Split Squat",,"",0,"normal",,8,,,
"Puregym","22 Jun 2025, 09:46","22 Jun 2025, 10:42","","Pull Up (Assisted)",,"",0,"normal",9,6,,,
"Puregym","22 Jun 2025, 09:46","22 Jun 2025, 10:42","","Pull Up (Assisted)",,"",1,"normal",,8,,,
"Puregym","22 Jun 2025, 09:46","22 Jun 2025, 10:42","","Pull Up (Assisted)",,"",2,"normal",,8,,,
"Puregym","22 Jun 2025, 09:46","22 Jun 2025, 10:42","","Pull Up (Assisted)",,"",3,"normal",,8,,,
"Puregym","22 Jun 2025, 09:46","22 Jun 2025, 10:42","","Butterfly (Pec Deck)",,"",0,"normal",66,8,,,
"Puregym","22 Jun 2025, 09:46","22 Jun 2025, 10:42","","Butterfly (Pec Deck)",,"",1,"normal",107,8,,,
"Puregym","22 Jun 2025, 09:46","22 Jun 2025, 10:42","","Butterfly (Pec Deck)",,"",2,"normal",107,8,,,
"Puregym","22 Jun 2025, 09:46","22 Jun 2025, 10:42","","Butterfly (Pec Deck)",,"",3,"normal",107,8,,,
"Puregym","22 Jun 2025, 09:46","22 Jun 2025, 10:42","","Reverse Lunge (Dumbbell)",,"",0,"normal",,8,,,
"Puregym","22 Jun 2025, 09:46","22 Jun 2025, 10:42","","Reverse Lunge (Dumbbell)",,"",1,"normal",20,8,,,
"Puregym","22 Jun 2025, 09:46","22 Jun 2025, 10:42","","Reverse Lunge (Dumbbell)",,"",2,"normal",20,8,,,
"Puregym","22 Jun 2025, 09:46","22 Jun 2025, 10:42","","Reverse Lunge (Dumbbell)",,"",3,"normal",20,8,,,
"Puregym","22 Jun 2025, 09:46","22 Jun 2025, 10:42","","Bulgarian Split Squat",,"",0,"normal",,8,,,
"Puregym","22 Jun 2025, 09:46","22 Jun 2025, 10:42","","Bulgarian Split Squat",,"",1,"normal",15,8,,,
"Puregym","22 Jun 2025, 09:46","22 Jun 2025, 10:42","","Bulgarian Split Squat",,"",2,"normal",15,8,,,
"Puregym","22 Jun 2025, 09:46","22 Jun 2025, 10:42","","Chest Press (Machine)",,"",0,"normal",39,8,,,
"Puregym","22 Jun 2025, 09:46","22 Jun 2025, 10:42","","Chest Press (Machine)",,"",1,"normal",73,8,,,
"Puregym","22 Jun 2025, 09:46","22 Jun 2025, 10:42","","Chest Press (Machine)",,"",2,"normal",73,8,,,
"Puregym","22 Jun 2025, 09:46","22 Jun 2025, 10:42","","Chest Press (Machine)",,"",3,"normal",73,8,,,
"Puregym","22 Jun 2025, 09:46","22 Jun 2025, 10:42","","Seated Row (Machine)",,"",0,"normal",32,8,,,
"Puregym","22 Jun 2025, 09:46","22 Jun 2025, 10:42","","Seated Row (Machine)",,"",1,"normal",59,8,,,
"Puregym","22 Jun 2025, 09:46","22 Jun 2025, 10:42","","Seated Row (Machine)",,"",2,"normal",52,8,,,
"Puregym","22 Jun 2025, 09:46","22 Jun 2025, 10:42","","Seated Row (Machine)",,"",3,"normal",52,8,,,
"Puregym","22 Jun 2025, 09:46","22 Jun 2025, 10:42","","Plank",,"",0,"normal",,,,120,
"Puregym","22 Jun 2025, 09:46","22 Jun 2025, 10:42","","Superman",,"",0,"normal",,8,,,
"Puregym","22 Jun 2025, 09:46","22 Jun 2025, 10:42","","Superman",,"",1,"normal",,8,,,
"Puregym","22 Jun 2025, 09:46","22 Jun 2025, 10:42","","Superman",,"",2,"normal",,8,,,
"Puregym","22 Jun 2025, 09:46","22 Jun 2025, 10:42","","Superman",,"",3,"normal",,8,,,
"Puregym","22 Jun 2025, 09:46","22 Jun 2025, 10:42","","Concentration Curl",,"",0,"normal",10,8,,,
"Puregym","22 Jun 2025, 09:46","22 Jun 2025, 10:42","","Concentration Curl",,"",1,"normal",16,8,,,
"Puregym","22 Jun 2025, 09:46","22 Jun 2025, 10:42","","Concentration Curl",,"",2,"normal",16,6,,,
"Puregym","20 Jun 2025, 12:34","20 Jun 2025, 13:17","","Pull Up (Assisted)",,"",0,"normal",9,4,,,
"Puregym","20 Jun 2025, 12:34","20 Jun 2025, 13:17","","Pull Up (Assisted)",,"",1,"normal",,8,,,
"Puregym","20 Jun 2025, 12:34","20 Jun 2025, 13:17","","Pull Up (Assisted)",,"",2,"normal",,8,,,
"Puregym","20 Jun 2025, 12:34","20 Jun 2025, 13:17","","Pull Up (Assisted)",,"",3,"normal",,6,,,
"Puregym","20 Jun 2025, 12:34","20 Jun 2025, 13:17","","Chest Press (Machine)",,"",0,"normal",39,8,,,
"Puregym","20 Jun 2025, 12:34","20 Jun 2025, 13:17","","Chest Press (Machine)",,"",1,"normal",73,8,,,
"Puregym","20 Jun 2025, 12:34","20 Jun 2025, 13:17","","Chest Press (Machine)",,"",2,"normal",73,8,,,
"Puregym","20 Jun 2025, 12:34","20 Jun 2025, 13:17","","Chest Press (Machine)",,"",3,"normal",73,8,,,
"Puregym","20 Jun 2025, 12:34","20 Jun 2025, 13:17","","Seated Row (Machine)",,"",0,"normal",32,8,,,
"Puregym","20 Jun 2025, 12:34","20 Jun 2025, 13:17","","Seated Row (Machine)",,"",1,"normal",59,8,,,
"Puregym","20 Jun 2025, 12:34","20 Jun 2025, 13:17","","Seated Row (Machine)",,"",2,"normal",59,8,,,
"Puregym","20 Jun 2025, 12:34","20 Jun 2025, 13:17","","Seated Row (Machine)",,"",3,"normal",59,8,,,
"Puregym","20 Jun 2025, 12:34","20 Jun 2025, 13:17","","Dead Hang",,"",0,"normal",,,,40,
"Puregym","20 Jun 2025, 12:34","20 Jun 2025, 13:17","","Butterfly (Pec Deck)",,"",0,"normal",66,8,,,
"Puregym","20 Jun 2025, 12:34","20 Jun 2025, 13:17","","Butterfly (Pec Deck)",,"",1,"normal",107,8,,,
"Puregym","20 Jun 2025, 12:34","20 Jun 2025, 13:17","","Butterfly (Pec Deck)",,"",2,"normal",107,8,,,
"Puregym","20 Jun 2025, 12:34","20 Jun 2025, 13:17","","Butterfly (Pec Deck)",,"",3,"normal",107,8,,,
"Puregym","20 Jun 2025, 12:34","20 Jun 2025, 13:17","","Reverse Lunge (Dumbbell)",,"",0,"normal",,8,,,
"Puregym","20 Jun 2025, 12:34","20 Jun 2025, 13:17","","Superman",,"",0,"normal",,8,,,
"Puregym","20 Jun 2025, 12:34","20 Jun 2025, 13:17","","Superman",,"",1,"normal",,8,,,
"Puregym","20 Jun 2025, 12:34","20 Jun 2025, 13:17","","Superman",,"",2,"normal",,8,,,
"Puregym","20 Jun 2025, 12:34","20 Jun 2025, 13:17","","Superman",,"",3,"normal",,8,,,
"Puregym","20 Jun 2025, 12:34","20 Jun 2025, 13:17","","Plank",,"",0,"normal",,,,150,
"Puregym","20 Jun 2025, 12:34","20 Jun 2025, 13:17","","Shoulder Press (Dumbbell)",,"",0,"normal",24,8,,,
"Puregym","20 Jun 2025, 12:34","20 Jun 2025, 13:17","","Shoulder Press (Dumbbell)",,"",1,"normal",36,8,,,
"Puregym","20 Jun 2025, 12:34","20 Jun 2025, 13:17","","Shoulder Press (Dumbbell)",,"",2,"normal",36,7,,,
"Puregym","20 Jun 2025, 12:34","20 Jun 2025, 13:17","","Shoulder Press (Dumbbell)",,"",3,"normal",36,5,,,
"Puregym","20 Jun 2025, 12:34","20 Jun 2025, 13:17","","Concentration Curl",,"",0,"normal",10,8,,,
"Puregym","20 Jun 2025, 12:34","20 Jun 2025, 13:17","","Concentration Curl",,"",1,"normal",16,8,,,
"Puregym","20 Jun 2025, 12:34","20 Jun 2025, 13:17","","Concentration Curl",,"",2,"normal",16,6,,,
"Puregym","18 Jun 2025, 18:00","18 Jun 2025, 19:02","","Pull Up (Assisted)",,"",0,"normal",,8,,,
"Puregym","18 Jun 2025, 18:00","18 Jun 2025, 19:02","","Pull Up (Assisted)",,"",1,"normal",,6,,,
"Puregym","18 Jun 2025, 18:00","18 Jun 2025, 19:02","","Pull Up (Assisted)",,"",2,"normal",,6,,,
"Puregym","18 Jun 2025, 18:00","18 Jun 2025, 19:02","","Dead Hang",,"",0,"normal",,,,60,
"Puregym","18 Jun 2025, 18:00","18 Jun 2025, 19:02","","Shoulder Press (Dumbbell)",,"",0,"normal",24,8,,,
"Puregym","18 Jun 2025, 18:00","18 Jun 2025, 19:02","","Shoulder Press (Dumbbell)",,"",1,"normal",36,8,,,
"Puregym","18 Jun 2025, 18:00","18 Jun 2025, 19:02","","Shoulder Press (Dumbbell)",,"",2,"normal",36,8,,,
"Puregym","18 Jun 2025, 18:00","18 Jun 2025, 19:02","","Shoulder Press (Dumbbell)",,"",3,"normal",36,8,,,
"Puregym","18 Jun 2025, 18:00","18 Jun 2025, 19:02","","Butterfly (Pec Deck)",,"",0,"normal",66,10,,,
"Puregym","18 Jun 2025, 18:00","18 Jun 2025, 19:02","","Butterfly (Pec Deck)",,"",1,"normal",93,8,,,
"Puregym","18 Jun 2025, 18:00","18 Jun 2025, 19:02","","Butterfly (Pec Deck)",,"",2,"normal",100,8,,,
"Puregym","18 Jun 2025, 18:00","18 Jun 2025, 19:02","","Butterfly (Pec Deck)",,"",3,"normal",107,8,,,
"Puregym","18 Jun 2025, 18:00","18 Jun 2025, 19:02","","Chest Press (Machine)",,"",0,"normal",39,8,,,
"Puregym","18 Jun 2025, 18:00","18 Jun 2025, 19:02","","Chest Press (Machine)",,"",1,"normal",73,3,,,
"Puregym","18 Jun 2025, 18:00","18 Jun 2025, 19:02","","Chest Press (Machine)",,"",2,"normal",66,8,,,
"Puregym","18 Jun 2025, 18:00","18 Jun 2025, 19:02","","Chest Press (Machine)",,"",3,"normal",66,8,,,
"Puregym","18 Jun 2025, 18:00","18 Jun 2025, 19:02","","Seated Row (Machine)",,"",0,"normal",32,8,,,
"Puregym","18 Jun 2025, 18:00","18 Jun 2025, 19:02","","Seated Row (Machine)",,"",1,"normal",59,8,,,
"Puregym","18 Jun 2025, 18:00","18 Jun 2025, 19:02","","Seated Row (Machine)",,"",2,"normal",59,8,,,
"Puregym","18 Jun 2025, 18:00","18 Jun 2025, 19:02","","Seated Row (Machine)",,"",3,"normal",59,8,,,
"Puregym","18 Jun 2025, 18:00","18 Jun 2025, 19:02","","Plank",,"",0,"normal",,,,151,
"Puregym","18 Jun 2025, 18:00","18 Jun 2025, 19:02","","Reverse Lunge (Dumbbell)",,"",0,"normal",,8,,,
"Puregym","18 Jun 2025, 18:00","18 Jun 2025, 19:02","","Concentration Curl",,"",0,"normal",10,8,,,
"Puregym","18 Jun 2025, 18:00","18 Jun 2025, 19:02","","Concentration Curl",,"",1,"normal",16,8,,,
"Puregym","18 Jun 2025, 18:00","18 Jun 2025, 19:02","","Concentration Curl",,"",2,"normal",16,8,,,
"Puregym","18 Jun 2025, 18:00","18 Jun 2025, 19:02","","Concentration Curl",,"",3,"normal",16,6,,,
"Puregym","18 Jun 2025, 18:00","18 Jun 2025, 19:02","","Farmers Carry",,"",0,"normal",56,,,60,
"Puregym","16 Jun 2025, 19:56","16 Jun 2025, 20:52","","Pull Up (Assisted)",,"",0,"normal",,8,,,
"Puregym","16 Jun 2025, 19:56","16 Jun 2025, 20:52","","Pull Up (Assisted)",,"",1,"normal",,6,,,
"Puregym","16 Jun 2025, 19:56","16 Jun 2025, 20:52","","Pull Up (Assisted)",,"",2,"normal",,6,,,
"Puregym","16 Jun 2025, 19:56","16 Jun 2025, 20:52","","Seated Row (Machine)",,"",0,"normal",32,8,,,
"Puregym","16 Jun 2025, 19:56","16 Jun 2025, 20:52","","Seated Row (Machine)",,"",1,"normal",59,8,,,
"Puregym","16 Jun 2025, 19:56","16 Jun 2025, 20:52","","Seated Row (Machine)",,"",2,"normal",59,8,,,
"Puregym","16 Jun 2025, 19:56","16 Jun 2025, 20:52","","Seated Row (Machine)",,"",3,"normal",59,8,,,
"Puregym","16 Jun 2025, 19:56","16 Jun 2025, 20:52","","Reverse Lunge (Dumbbell)",,"",0,"normal",,8,,,
"Puregym","16 Jun 2025, 19:56","16 Jun 2025, 20:52","","Reverse Lunge (Dumbbell)",,"",1,"normal",20,8,,,
"Puregym","16 Jun 2025, 19:56","16 Jun 2025, 20:52","","Reverse Lunge (Dumbbell)",,"",2,"normal",20,8,,,
"Puregym","16 Jun 2025, 19:56","16 Jun 2025, 20:52","","Reverse Lunge (Dumbbell)",,"",3,"normal",20,8,,,
"Puregym","16 Jun 2025, 19:56","16 Jun 2025, 20:52","","Plank",,"",0,"normal",,,,120,
"Puregym","16 Jun 2025, 19:56","16 Jun 2025, 20:52","","Superman",,"",0,"normal",,8,,,
"Puregym","16 Jun 2025, 19:56","16 Jun 2025, 20:52","","Superman",,"",1,"normal",,8,,,
"Puregym","16 Jun 2025, 19:56","16 Jun 2025, 20:52","","Bulgarian Split Squat",,"",0,"normal",,8,,,
"Puregym","16 Jun 2025, 19:56","16 Jun 2025, 20:52","","Bulgarian Split Squat",,"",1,"normal",15,8,,,
"Puregym","16 Jun 2025, 19:56","16 Jun 2025, 20:52","","Bulgarian Split Squat",,"",2,"normal",15,8,,,
"Puregym","16 Jun 2025, 19:56","16 Jun 2025, 20:52","","Chest Press (Machine)",,"",0,"normal",39,8,,,
"Puregym","16 Jun 2025, 19:56","16 Jun 2025, 20:52","","Chest Press (Machine)",,"",1,"normal",73,8,,,
"Puregym","16 Jun 2025, 19:56","16 Jun 2025, 20:52","","Chest Press (Machine)",,"",2,"normal",66,8,,,
"Puregym","16 Jun 2025, 19:56","16 Jun 2025, 20:52","","Chest Press (Machine)",,"",3,"normal",66,8,,,
"Puregym","16 Jun 2025, 19:56","16 Jun 2025, 20:52","","Butterfly (Pec Deck)",,"",0,"normal",66,8,,,
"Puregym","16 Jun 2025, 19:56","16 Jun 2025, 20:52","","Butterfly (Pec Deck)",,"",1,"normal",79,8,,,
"Puregym","16 Jun 2025, 19:56","16 Jun 2025, 20:52","","Butterfly (Pec Deck)",,"",2,"normal",79,8,,,
"Puregym","16 Jun 2025, 19:56","16 Jun 2025, 20:52","","Butterfly (Pec Deck)",,"",3,"normal",93,8,,,
"Puregym","16 Jun 2025, 19:56","16 Jun 2025, 20:52","","Concentration Curl",,"",0,"normal",10,8,,,
"Puregym","16 Jun 2025, 19:56","16 Jun 2025, 20:52","","Concentration Curl",,"",1,"normal",16,6,,,
"Puregym","16 Jun 2025, 19:56","16 Jun 2025, 20:52","","Concentration Curl",,"",2,"normal",16,6,,,
"Puregym","14 Jun 2025, 11:55","14 Jun 2025, 12:57","","Dead Hang",,"",0,"normal",,,,70,
"Puregym","14 Jun 2025, 11:55","14 Jun 2025, 12:57","","Butterfly (Pec Deck)",,"",0,"normal",66,10,,,
"Puregym","14 Jun 2025, 11:55","14 Jun 2025, 12:57","","Butterfly (Pec Deck)",,"",1,"normal",113,8,,,
"Puregym","14 Jun 2025, 11:55","14 Jun 2025, 12:57","","Butterfly (Pec Deck)",,"",2,"normal",113,8,,,
"Puregym","14 Jun 2025, 11:55","14 Jun 2025, 12:57","","Butterfly (Pec Deck)",,"",3,"normal",113,8,,,
"Puregym","14 Jun 2025, 11:55","14 Jun 2025, 12:57","","Pull Up (Assisted)",,"",0,"normal",4.5,8,,,
"Puregym","14 Jun 2025, 11:55","14 Jun 2025, 12:57","","Pull Up (Assisted)",,"",1,"normal",4.5,6,,,
"Puregym","14 Jun 2025, 11:55","14 Jun 2025, 12:57","","Pull Up (Assisted)",,"",2,"normal",4.5,6,,,
"Puregym","14 Jun 2025, 11:55","14 Jun 2025, 12:57","","Seated Row (Machine)",,"",0,"normal",32,8,,,
"Puregym","14 Jun 2025, 11:55","14 Jun 2025, 12:57","","Seated Row (Machine)",,"",1,"normal",59,8,,,
"Puregym","14 Jun 2025, 11:55","14 Jun 2025, 12:57","","Seated Row (Machine)",,"",2,"normal",59,8,,,
"Puregym","14 Jun 2025, 11:55","14 Jun 2025, 12:57","","Seated Row (Machine)",,"",3,"normal",59,8,,,
"Puregym","14 Jun 2025, 11:55","14 Jun 2025, 12:57","","Chest Press (Machine)",,"",0,"normal",39,8,,,
"Puregym","14 Jun 2025, 11:55","14 Jun 2025, 12:57","","Chest Press (Machine)",,"",1,"normal",73,8,,,
"Puregym","14 Jun 2025, 11:55","14 Jun 2025, 12:57","","Chest Press (Machine)",,"",2,"normal",73,8,,,
"Puregym","14 Jun 2025, 11:55","14 Jun 2025, 12:57","","Chest Press (Machine)",,"",3,"normal",73,8,,,
"Puregym","14 Jun 2025, 11:55","14 Jun 2025, 12:57","","Superman",,"",0,"normal",,8,,,
"Puregym","14 Jun 2025, 11:55","14 Jun 2025, 12:57","","Superman",,"",1,"normal",,8,,,
"Puregym","14 Jun 2025, 11:55","14 Jun 2025, 12:57","","Superman",,"",2,"normal",,8,,,
"Puregym","14 Jun 2025, 11:55","14 Jun 2025, 12:57","","Plank",,"",0,"normal",,,,180,
"Puregym","14 Jun 2025, 11:55","14 Jun 2025, 12:57","","Reverse Lunge (Dumbbell)",,"",0,"normal",,8,,,
"Puregym","14 Jun 2025, 11:55","14 Jun 2025, 12:57","","Reverse Lunge (Dumbbell)",,"",1,"normal",15,8,,,
"Puregym","14 Jun 2025, 11:55","14 Jun 2025, 12:57","","Shoulder Press (Dumbbell)",,"",0,"normal",24,8,,,
"Puregym","14 Jun 2025, 11:55","14 Jun 2025, 12:57","","Concentration Curl",,"",0,"normal",10,6,,,
"Puregym","14 Jun 2025, 11:55","14 Jun 2025, 12:57","","Concentration Curl",,"",1,"normal",16,6,,,
"Puregym","11 Jun 2025, 19:20","11 Jun 2025, 20:27","","Superman",,"",0,"normal",,8,,,
"Puregym","11 Jun 2025, 19:20","11 Jun 2025, 20:27","","Superman",,"",1,"normal",,8,,,
"Puregym","11 Jun 2025, 19:20","11 Jun 2025, 20:27","","Superman",,"",2,"normal",,8,,,
"Puregym","11 Jun 2025, 19:20","11 Jun 2025, 20:27","","Plank",,"",0,"normal",,,,150,
"Puregym","11 Jun 2025, 19:20","11 Jun 2025, 20:27","","Dead Hang",,"",0,"normal",,,,70,
"Puregym","11 Jun 2025, 19:20","11 Jun 2025, 20:27","","Pull Up (Assisted)",,"",0,"normal",4.5,8,,,
"Puregym","11 Jun 2025, 19:20","11 Jun 2025, 20:27","","Pull Up (Assisted)",,"",1,"normal",4.5,6,,,
"Puregym","11 Jun 2025, 19:20","11 Jun 2025, 20:27","","Pull Up (Assisted)",,"",2,"normal",4.5,6,,,
"Puregym","11 Jun 2025, 19:20","11 Jun 2025, 20:27","","Butterfly (Pec Deck)",,"",0,"normal",66,10,,,
"Puregym","11 Jun 2025, 19:20","11 Jun 2025, 20:27","","Butterfly (Pec Deck)",,"",1,"normal",113,8,,,
"Puregym","11 Jun 2025, 19:20","11 Jun 2025, 20:27","","Butterfly (Pec Deck)",,"",2,"normal",113,8,,,
"Puregym","11 Jun 2025, 19:20","11 Jun 2025, 20:27","","Butterfly (Pec Deck)",,"",3,"normal",113,8,,,
"Puregym","11 Jun 2025, 19:20","11 Jun 2025, 20:27","","Concentration Curl",,"",0,"normal",10,6,,,
"Puregym","11 Jun 2025, 19:20","11 Jun 2025, 20:27","","Concentration Curl",,"",1,"normal",16,6,,,
"Puregym","11 Jun 2025, 19:20","11 Jun 2025, 20:27","","Concentration Curl",,"",2,"normal",16,6,,,
"Puregym","11 Jun 2025, 19:20","11 Jun 2025, 20:27","","Concentration Curl",,"",3,"normal",16,6,,,
"Puregym","11 Jun 2025, 19:20","11 Jun 2025, 20:27","","Shoulder Press (Dumbbell)",,"",0,"normal",24,8,,,
"Puregym","11 Jun 2025, 19:20","11 Jun 2025, 20:27","","Shoulder Press (Dumbbell)",,"",1,"normal",36,8,,,
"Puregym","11 Jun 2025, 19:20","11 Jun 2025, 20:27","","Shoulder Press (Dumbbell)",,"",2,"normal",36,8,,,
"Puregym","11 Jun 2025, 19:20","11 Jun 2025, 20:27","","Seated Row (Machine)",,"",0,"normal",32,10,,,
"Puregym","11 Jun 2025, 19:20","11 Jun 2025, 20:27","","Seated Row (Machine)",,"",1,"normal",59,8,,,
"Puregym","11 Jun 2025, 19:20","11 Jun 2025, 20:27","","Seated Row (Machine)",,"",2,"normal",59,8,,,
"Puregym","11 Jun 2025, 19:20","11 Jun 2025, 20:27","","Seated Row (Machine)",,"",3,"normal",59,8,,,
"Puregym","11 Jun 2025, 19:20","11 Jun 2025, 20:27","","Chest Press (Machine)",,"",0,"normal",39,8,,,
"Puregym","11 Jun 2025, 19:20","11 Jun 2025, 20:27","","Chest Press (Machine)",,"",1,"normal",73,8,,,
"Puregym","11 Jun 2025, 19:20","11 Jun 2025, 20:27","","Chest Press (Machine)",,"",2,"normal",66,8,,,
"Puregym","11 Jun 2025, 19:20","11 Jun 2025, 20:27","","Chest Press (Machine)",,"",3,"normal",66,8,,,
"Puregym","11 Jun 2025, 19:20","11 Jun 2025, 20:27","","Reverse Lunge (Dumbbell)",,"",0,"normal",,8,,,
"Puregym","11 Jun 2025, 19:20","11 Jun 2025, 20:27","","Reverse Lunge (Dumbbell)",,"",1,"normal",,8,,,
"Puregym","11 Jun 2025, 19:20","11 Jun 2025, 20:27","","Reverse Lunge (Dumbbell)",,"",2,"normal",15,6,,,
"Puregym","11 Jun 2025, 19:20","11 Jun 2025, 20:27","","Reverse Lunge (Dumbbell)",,"",3,"normal",15,8,,,
"Puregym","11 Jun 2025, 19:20","11 Jun 2025, 20:27","","Farmers Carry",,"",0,"normal",56,,,63,
"Puregym","11 Jun 2025, 19:20","11 Jun 2025, 20:27","","Bulgarian Split Squat",,"",0,"normal",,8,,,
"Puregym","11 Jun 2025, 19:20","11 Jun 2025, 20:27","","Bulgarian Split Squat",,"",1,"normal",10,8,,,
"Puregym","8 Jun 2025, 11:20","8 Jun 2025, 12:26","","Butterfly (Pec Deck)",,"",0,"normal",66,8,,,
"Puregym","8 Jun 2025, 11:20","8 Jun 2025, 12:26","","Butterfly (Pec Deck)",,"",1,"normal",113,8,,,
"Puregym","8 Jun 2025, 11:20","8 Jun 2025, 12:26","","Butterfly (Pec Deck)",,"",2,"normal",113,8,,,
"Puregym","8 Jun 2025, 11:20","8 Jun 2025, 12:26","","Butterfly (Pec Deck)",,"",3,"normal",113,8,,,
"Puregym","8 Jun 2025, 11:20","8 Jun 2025, 12:26","","Dead Hang",,"",0,"normal",,,,70,
"Puregym","8 Jun 2025, 11:20","8 Jun 2025, 12:26","","Pull Up (Assisted)",,"",0,"normal",4.5,6,,,
"Puregym","8 Jun 2025, 11:20","8 Jun 2025, 12:26","","Pull Up (Assisted)",,"",1,"normal",,6,,,
"Puregym","8 Jun 2025, 11:20","8 Jun 2025, 12:26","","Pull Up (Assisted)",,"",2,"normal",,6,,,
"Puregym","8 Jun 2025, 11:20","8 Jun 2025, 12:26","","Cable Twist (Down to up)",,"",0,"normal",7.9,8,,,
"Puregym","8 Jun 2025, 11:20","8 Jun 2025, 12:26","","Cable Twist (Down to up)",,"",1,"normal",12.5,8,,,
"Puregym","8 Jun 2025, 11:20","8 Jun 2025, 12:26","","Cable Twist (Down to up)",,"",2,"normal",12.5,8,,,
"Puregym","8 Jun 2025, 11:20","8 Jun 2025, 12:26","","Seated Row (Machine)",,"",0,"normal",32,8,,,
"Puregym","8 Jun 2025, 11:20","8 Jun 2025, 12:26","","Seated Row (Machine)",,"",1,"normal",59,8,,,
"Puregym","8 Jun 2025, 11:20","8 Jun 2025, 12:26","","Seated Row (Machine)",,"",2,"normal",52,8,,,
"Puregym","8 Jun 2025, 11:20","8 Jun 2025, 12:26","","Seated Row (Machine)",,"",3,"normal",52,8,,,
"Puregym","8 Jun 2025, 11:20","8 Jun 2025, 12:26","","Chest Press (Machine)",,"",0,"normal",39,8,,,
"Puregym","8 Jun 2025, 11:20","8 Jun 2025, 12:26","","Chest Press (Machine)",,"",1,"normal",66,8,,,
"Puregym","8 Jun 2025, 11:20","8 Jun 2025, 12:26","","Chest Press (Machine)",,"",2,"normal",73,8,,,
"Puregym","8 Jun 2025, 11:20","8 Jun 2025, 12:26","","Chest Press (Machine)",,"",3,"normal",73,8,,,
"Puregym","8 Jun 2025, 11:20","8 Jun 2025, 12:26","","Superman",,"",0,"normal",,8,,,
"Puregym","8 Jun 2025, 11:20","8 Jun 2025, 12:26","","Superman",,"",1,"normal",,8,,,
"Puregym","8 Jun 2025, 11:20","8 Jun 2025, 12:26","","Superman",,"",2,"normal",,8,,,
"Puregym","8 Jun 2025, 11:20","8 Jun 2025, 12:26","","Plank",,"",0,"normal",,,,180,
"Puregym","8 Jun 2025, 11:20","8 Jun 2025, 12:26","","Shoulder Press (Dumbbell)",,"",0,"normal",24,8,,,
"Puregym","8 Jun 2025, 11:20","8 Jun 2025, 12:26","","Shoulder Press (Dumbbell)",,"",1,"normal",36,6,,,
"Puregym","8 Jun 2025, 11:20","8 Jun 2025, 12:26","","Shoulder Press (Dumbbell)",,"",2,"normal",32,8,,,
"Puregym","8 Jun 2025, 11:20","8 Jun 2025, 12:26","","Shoulder Press (Dumbbell)",,"",3,"normal",36,8,,,
"Puregym","8 Jun 2025, 11:20","8 Jun 2025, 12:26","","Concentration Curl",,"",0,"normal",10,8,,,
"Puregym","8 Jun 2025, 11:20","8 Jun 2025, 12:26","","Concentration Curl",,"",1,"normal",16,8,,,
"Puregym","8 Jun 2025, 11:20","8 Jun 2025, 12:26","","Concentration Curl",,"",2,"normal",16,8,,,
"Puregym","8 Jun 2025, 11:20","8 Jun 2025, 12:26","","Concentration Curl",,"",3,"normal",16,8,,,
"Puregym","8 Jun 2025, 11:20","8 Jun 2025, 12:26","","Farmers Carry",,"",0,"normal",56,,,60,
"Puregym","5 Jun 2025, 16:20","5 Jun 2025, 17:18","","Dead Hang",,"",0,"normal",,,,80,
"Puregym","5 Jun 2025, 16:20","5 Jun 2025, 17:18","","Pull Up (Assisted)",,"",0,"normal",9,8,,,
"Puregym","5 Jun 2025, 16:20","5 Jun 2025, 17:18","","Pull Up (Assisted)",,"",1,"normal",4.5,6,,,
"Puregym","5 Jun 2025, 16:20","5 Jun 2025, 17:18","","Pull Up (Assisted)",,"",2,"normal",4.5,6,,,
"Puregym","5 Jun 2025, 16:20","5 Jun 2025, 17:18","","Cable Twist (Down to up)",,"",0,"normal",7.9,8,,,
"Puregym","5 Jun 2025, 16:20","5 Jun 2025, 17:18","","Cable Twist (Down to up)",,"",1,"normal",14.7,8,,,
"Puregym","5 Jun 2025, 16:20","5 Jun 2025, 17:18","","Cable Twist (Down to up)",,"",2,"normal",14.7,8,,,
"Puregym","5 Jun 2025, 16:20","5 Jun 2025, 17:18","","Chest Press (Machine)",,"",0,"normal",39,8,,,
"Puregym","5 Jun 2025, 16:20","5 Jun 2025, 17:18","","Chest Press (Machine)",,"",1,"normal",66,8,,,
"Puregym","5 Jun 2025, 16:20","5 Jun 2025, 17:18","","Chest Press (Machine)",,"",2,"normal",66,8,,,
"Puregym","5 Jun 2025, 16:20","5 Jun 2025, 17:18","","Chest Press (Machine)",,"",3,"normal",73,8,,,
"Puregym","5 Jun 2025, 16:20","5 Jun 2025, 17:18","","Seated Row (Machine)",,"",0,"normal",32,8,,,
"Puregym","5 Jun 2025, 16:20","5 Jun 2025, 17:18","","Seated Row (Machine)",,"",1,"normal",59,8,,,
"Puregym","5 Jun 2025, 16:20","5 Jun 2025, 17:18","","Seated Row (Machine)",,"",2,"normal",59,8,,,
"Puregym","5 Jun 2025, 16:20","5 Jun 2025, 17:18","","Seated Row (Machine)",,"",3,"normal",59,8,,,
"Puregym","5 Jun 2025, 16:20","5 Jun 2025, 17:18","","Butterfly (Pec Deck)",,"",0,"normal",66,8,,,
"Puregym","5 Jun 2025, 16:20","5 Jun 2025, 17:18","","Butterfly (Pec Deck)",,"",1,"normal",113,8,,,
"Puregym","5 Jun 2025, 16:20","5 Jun 2025, 17:18","","Butterfly (Pec Deck)",,"",2,"normal",113,8,,,
"Puregym","5 Jun 2025, 16:20","5 Jun 2025, 17:18","","Butterfly (Pec Deck)",,"",3,"normal",113,8,,,
"Puregym","5 Jun 2025, 16:20","5 Jun 2025, 17:18","","Reverse Lunge (Dumbbell)",,"",0,"normal",,8,,,
"Puregym","5 Jun 2025, 16:20","5 Jun 2025, 17:18","","Reverse Lunge (Dumbbell)",,"",1,"normal",15,8,,,
"Puregym","5 Jun 2025, 16:20","5 Jun 2025, 17:18","","Reverse Lunge (Dumbbell)",,"",2,"normal",15,8,,,
"Puregym","5 Jun 2025, 16:20","5 Jun 2025, 17:18","","Reverse Lunge (Dumbbell)",,"",3,"normal",15,8,,,
"Puregym","5 Jun 2025, 16:20","5 Jun 2025, 17:18","","Superman",,"",0,"normal",,8,,,
"Puregym","5 Jun 2025, 16:20","5 Jun 2025, 17:18","","Superman",,"",1,"normal",,8,,,
"Puregym","5 Jun 2025, 16:20","5 Jun 2025, 17:18","","Superman",,"",2,"normal",,8,,,
"Puregym","5 Jun 2025, 16:20","5 Jun 2025, 17:18","","Plank",,"",0,"normal",,,,181,
"Puregym","5 Jun 2025, 16:20","5 Jun 2025, 17:18","","Shoulder Press (Dumbbell)",,"",0,"normal",24,8,,,
"Puregym","5 Jun 2025, 16:20","5 Jun 2025, 17:18","","Shoulder Press (Dumbbell)",,"",1,"normal",36,8,,,
"Puregym","5 Jun 2025, 16:20","5 Jun 2025, 17:18","","Shoulder Press (Dumbbell)",,"",2,"normal",36,8,,,
"Puregym","5 Jun 2025, 16:20","5 Jun 2025, 17:18","","Shoulder Press (Dumbbell)",,"",3,"normal",36,8,,,
"Puregym","5 Jun 2025, 16:20","5 Jun 2025, 17:18","","Concentration Curl",,"",0,"normal",10,8,,,
"Puregym","5 Jun 2025, 16:20","5 Jun 2025, 17:18","","Concentration Curl",,"",1,"normal",16,8,,,
"Puregym","5 Jun 2025, 16:20","5 Jun 2025, 17:18","","Concentration Curl",,"",2,"normal",16,6,,,
"Puregym","5 Jun 2025, 16:20","5 Jun 2025, 17:18","","Concentration Curl",,"",3,"normal",16,4,,,
"Puregym","2 Jun 2025, 19:45","2 Jun 2025, 21:04","","Pull Up (Assisted)",,"",0,"normal",,6,,,
"Puregym","2 Jun 2025, 19:45","2 Jun 2025, 21:04","","Pull Up (Assisted)",,"",1,"normal",9,8,,,
"Puregym","2 Jun 2025, 19:45","2 Jun 2025, 21:04","","Pull Up (Assisted)",,"",2,"normal",9,8,,,
"Puregym","2 Jun 2025, 19:45","2 Jun 2025, 21:04","","Chest Press (Machine)",,"",0,"normal",39,8,,,
"Puregym","2 Jun 2025, 19:45","2 Jun 2025, 21:04","","Chest Press (Machine)",,"",1,"normal",66,8,,,
"Puregym","2 Jun 2025, 19:45","2 Jun 2025, 21:04","","Chest Press (Machine)",,"",2,"normal",66,8,,,
"Puregym","2 Jun 2025, 19:45","2 Jun 2025, 21:04","","Chest Press (Machine)",,"",3,"normal",66,8,,,
"Puregym","2 Jun 2025, 19:45","2 Jun 2025, 21:04","","Seated Row (Machine)",,"",0,"normal",32,8,,,
"Puregym","2 Jun 2025, 19:45","2 Jun 2025, 21:04","","Seated Row (Machine)",,"",1,"normal",59,10,,,
"Puregym","2 Jun 2025, 19:45","2 Jun 2025, 21:04","","Seated Row (Machine)",,"",2,"normal",59,10,,,
"Puregym","2 Jun 2025, 19:45","2 Jun 2025, 21:04","","Seated Row (Machine)",,"",3,"normal",59,8,,,
"Puregym","2 Jun 2025, 19:45","2 Jun 2025, 21:04","","Butterfly (Pec Deck)",,"",0,"normal",66,8,,,
"Puregym","2 Jun 2025, 19:45","2 Jun 2025, 21:04","","Butterfly (Pec Deck)",,"",1,"normal",113,8,,,
"Puregym","2 Jun 2025, 19:45","2 Jun 2025, 21:04","","Butterfly (Pec Deck)",,"",2,"normal",113,8,,,
"Puregym","2 Jun 2025, 19:45","2 Jun 2025, 21:04","","Butterfly (Pec Deck)",,"",3,"normal",113,8,,,
"Puregym","2 Jun 2025, 19:45","2 Jun 2025, 21:04","","Cable Twist (Down to up)",,"",0,"normal",7.9,8,,,
"Puregym","2 Jun 2025, 19:45","2 Jun 2025, 21:04","","Cable Twist (Down to up)",,"",1,"normal",14.7,8,,,
"Puregym","2 Jun 2025, 19:45","2 Jun 2025, 21:04","","Cable Twist (Down to up)",,"",2,"normal",14.7,8,,,
"Puregym","2 Jun 2025, 19:45","2 Jun 2025, 21:04","","Reverse Lunge (Dumbbell)",,"",0,"normal",,8,,,
"Puregym","2 Jun 2025, 19:45","2 Jun 2025, 21:04","","Reverse Lunge (Dumbbell)",,"",1,"normal",,5,,,
"Puregym","2 Jun 2025, 19:45","2 Jun 2025, 21:04","","Reverse Lunge (Dumbbell)",,"",2,"normal",15,8,,,
"Puregym","2 Jun 2025, 19:45","2 Jun 2025, 21:04","","Reverse Lunge (Dumbbell)",,"",3,"normal",15,8,,,
"Puregym","2 Jun 2025, 19:45","2 Jun 2025, 21:04","","Reverse Lunge (Dumbbell)",,"",4,"normal",15,8,,,
"Puregym","2 Jun 2025, 19:45","2 Jun 2025, 21:04","","Superman",,"",0,"normal",,8,,,
"Puregym","2 Jun 2025, 19:45","2 Jun 2025, 21:04","","Superman",,"",1,"normal",,8,,,
"Puregym","2 Jun 2025, 19:45","2 Jun 2025, 21:04","","Superman",,"",2,"normal",,8,,,
"Puregym","2 Jun 2025, 19:45","2 Jun 2025, 21:04","","Plank",,"",0,"normal",,,,160,
"Puregym","2 Jun 2025, 19:45","2 Jun 2025, 21:04","","Farmers Carry",,"",0,"normal",72,,,60,
"Puregym","2 Jun 2025, 19:45","2 Jun 2025, 21:04","","Concentration Curl",,"",0,"normal",10,8,,,
"Puregym","2 Jun 2025, 19:45","2 Jun 2025, 21:04","","Concentration Curl",,"",1,"normal",16,8,,,
"Puregym","2 Jun 2025, 19:45","2 Jun 2025, 21:04","","Concentration Curl",,"",2,"normal",16,8,,,
"Puregym","2 Jun 2025, 19:45","2 Jun 2025, 21:04","","Concentration Curl",,"",3,"normal",16,8,,,
"Puregym","2 Jun 2025, 19:45","2 Jun 2025, 21:04","","Shoulder Press (Dumbbell)",,"",0,"normal",24,8,,,
"Puregym","2 Jun 2025, 19:45","2 Jun 2025, 21:04","","Shoulder Press (Dumbbell)",,"",1,"normal",36,8,,,
"Puregym","2 Jun 2025, 19:45","2 Jun 2025, 21:04","","Shoulder Press (Dumbbell)",,"",2,"normal",36,8,,,
"Puregym","2 Jun 2025, 19:45","2 Jun 2025, 21:04","","Shoulder Press (Dumbbell)",,"",3,"normal",32,8,,,
"Puregym","2 Jun 2025, 19:45","2 Jun 2025, 21:04","","Bulgarian Split Squat",,"",0,"normal",,8,,,
"Puregym","31 May 2025, 12:27","31 May 2025, 13:30","","Seated Row (Machine)",,"",0,"normal",32,8,,,
"Puregym","31 May 2025, 12:27","31 May 2025, 13:30","","Seated Row (Machine)",,"",1,"normal",52,10,,,
"Puregym","31 May 2025, 12:27","31 May 2025, 13:30","","Seated Row (Machine)",,"",2,"normal",59,10,,,
"Puregym","31 May 2025, 12:27","31 May 2025, 13:30","","Seated Row (Machine)",,"",3,"normal",59,8,,,
"Puregym","31 May 2025, 12:27","31 May 2025, 13:30","","Chest Press (Machine)",,"",0,"normal",39,8,,,
"Puregym","31 May 2025, 12:27","31 May 2025, 13:30","","Chest Press (Machine)",,"",1,"normal",59,8,,,
"Puregym","31 May 2025, 12:27","31 May 2025, 13:30","","Chest Press (Machine)",,"",2,"normal",59,8,,,
"Puregym","31 May 2025, 12:27","31 May 2025, 13:30","","Chest Press (Machine)",,"",3,"normal",66,8,,,
"Puregym","31 May 2025, 12:27","31 May 2025, 13:30","","Pull Up (Assisted)",,"",0,"normal",9,8,,,
"Puregym","31 May 2025, 12:27","31 May 2025, 13:30","","Pull Up (Assisted)",,"",1,"normal",9,8,,,
"Puregym","31 May 2025, 12:27","31 May 2025, 13:30","","Pull Up (Assisted)",,"",2,"normal",9,6,,,
"Puregym","31 May 2025, 12:27","31 May 2025, 13:30","","Reverse Lunge (Dumbbell)",,"",0,"normal",,8,,,
"Puregym","31 May 2025, 12:27","31 May 2025, 13:30","","Reverse Lunge (Dumbbell)",,"",1,"normal",15,10,,,
"Puregym","31 May 2025, 12:27","31 May 2025, 13:30","","Reverse Lunge (Dumbbell)",,"",2,"normal",15,10,,,
"Puregym","31 May 2025, 12:27","31 May 2025, 13:30","","Reverse Lunge (Dumbbell)",,"",3,"normal",20,10,,,
"Puregym","31 May 2025, 12:27","31 May 2025, 13:30","","Superman",,"",0,"normal",,8,,,
"Puregym","31 May 2025, 12:27","31 May 2025, 13:30","","Superman",,"",1,"normal",,8,,,
"Puregym","31 May 2025, 12:27","31 May 2025, 13:30","","Superman",,"",2,"normal",,8,,,
"Puregym","31 May 2025, 12:27","31 May 2025, 13:30","","Plank",,"",0,"normal",,,,160,
"Puregym","31 May 2025, 12:27","31 May 2025, 13:30","","Farmers Carry",,"",0,"normal",72,,,60,
"Puregym","31 May 2025, 12:27","31 May 2025, 13:30","","Concentration Curl",,"",0,"normal",10,8,,,
"Puregym","31 May 2025, 12:27","31 May 2025, 13:30","","Concentration Curl",,"",1,"normal",16,8,,,
"Puregym","31 May 2025, 12:27","31 May 2025, 13:30","","Concentration Curl",,"",2,"normal",16,8,,,
"Puregym","31 May 2025, 12:27","31 May 2025, 13:30","","Concentration Curl",,"",3,"normal",16,6,,,
"Puregym","31 May 2025, 12:27","31 May 2025, 13:30","","Cable Twist (Down to up)",,"",0,"normal",7.9,8,,,
"Puregym","31 May 2025, 12:27","31 May 2025, 13:30","","Cable Twist (Down to up)",,"",1,"normal",14.7,8,,,
"Puregym","31 May 2025, 12:27","31 May 2025, 13:30","","Cable Twist (Down to up)",,"",2,"normal",14.7,8,,,
"Puregym","31 May 2025, 12:27","31 May 2025, 13:30","","Butterfly (Pec Deck)",,"",0,"normal",66,8,,,
"Puregym","31 May 2025, 12:27","31 May 2025, 13:30","","Butterfly (Pec Deck)",,"",1,"normal",113,8,,,
"Puregym","31 May 2025, 12:27","31 May 2025, 13:30","","Butterfly (Pec Deck)",,"",2,"normal",113,8,,,
"Puregym","31 May 2025, 12:27","31 May 2025, 13:30","","Butterfly (Pec Deck)",,"",3,"normal",107,8,,,
"Puregym","29 May 2025, 16:35","29 May 2025, 17:56","","Butterfly (Pec Deck)",,"",0,"normal",66,8,,,
"Puregym","29 May 2025, 16:35","29 May 2025, 17:56","","Butterfly (Pec Deck)",,"",1,"normal",107,8,,,
"Puregym","29 May 2025, 16:35","29 May 2025, 17:56","","Butterfly (Pec Deck)",,"",2,"normal",107,8,,,
"Puregym","29 May 2025, 16:35","29 May 2025, 17:56","","Butterfly (Pec Deck)",,"",3,"normal",107,8,,,
"Puregym","29 May 2025, 16:35","29 May 2025, 17:56","","Pull Up (Assisted)",,"",0,"normal",18,8,,,
"Puregym","29 May 2025, 16:35","29 May 2025, 17:56","","Pull Up (Assisted)",,"",1,"normal",14,8,,,
"Puregym","29 May 2025, 16:35","29 May 2025, 17:56","","Pull Up (Assisted)",,"",2,"normal",14,6,,,
"Puregym","29 May 2025, 16:35","29 May 2025, 17:56","","Cable Twist (Down to up)",,"",0,"normal",7.9,8,,,
"Puregym","29 May 2025, 16:35","29 May 2025, 17:56","","Cable Twist (Down to up)",,"",1,"normal",10.2,8,,,
"Puregym","29 May 2025, 16:35","29 May 2025, 17:56","","Cable Twist (Down to up)",,"",2,"normal",12.9,8,,,
"Puregym","29 May 2025, 16:35","29 May 2025, 17:56","","Cable Twist (Down to up)",,"",3,"normal",12.9,8,,,
"Puregym","29 May 2025, 16:35","29 May 2025, 17:56","","Seated Row (Machine)",,"",0,"normal",32,8,,,
"Puregym","29 May 2025, 16:35","29 May 2025, 17:56","","Seated Row (Machine)",,"",1,"normal",45,8,,,
"Puregym","29 May 2025, 16:35","29 May 2025, 17:56","","Seated Row (Machine)",,"",2,"normal",52,9,,,
"Puregym","29 May 2025, 16:35","29 May 2025, 17:56","","Seated Row (Machine)",,"",3,"normal",52,10,,,
"Puregym","29 May 2025, 16:35","29 May 2025, 17:56","","Chest Press (Machine)",,"",0,"normal",39,8,,,
"Puregym","29 May 2025, 16:35","29 May 2025, 17:56","","Chest Press (Machine)",,"",1,"normal",52,8,,,
"Puregym","29 May 2025, 16:35","29 May 2025, 17:56","","Chest Press (Machine)",,"",2,"normal",52,8,,,
"Puregym","29 May 2025, 16:35","29 May 2025, 17:56","","Chest Press (Machine)",,"",3,"normal",59,8,,,
"Puregym","29 May 2025, 16:35","29 May 2025, 17:56","","Reverse Lunge (Dumbbell)",,"",0,"normal",,8,,,
"Puregym","29 May 2025, 16:35","29 May 2025, 17:56","","Reverse Lunge (Dumbbell)",,"",1,"normal",,8,,,
"Puregym","29 May 2025, 16:35","29 May 2025, 17:56","","Reverse Lunge (Dumbbell)",,"",2,"normal",,8,,,
"Puregym","29 May 2025, 16:35","29 May 2025, 17:56","","Reverse Lunge (Dumbbell)",,"",3,"normal",10,10,,,
"Puregym","29 May 2025, 16:35","29 May 2025, 17:56","","Reverse Lunge (Dumbbell)",,"",4,"normal",10,10,,,
"Puregym","29 May 2025, 16:35","29 May 2025, 17:56","","Superman",,"",0,"normal",,8,,,
"Puregym","29 May 2025, 16:35","29 May 2025, 17:56","","Superman",,"",1,"normal",,8,,,
"Puregym","29 May 2025, 16:35","29 May 2025, 17:56","","Superman",,"",2,"normal",,8,,,
"Puregym","29 May 2025, 16:35","29 May 2025, 17:56","","Plank",,"",0,"normal",,,,150,
"Puregym","29 May 2025, 16:35","29 May 2025, 17:56","","Shoulder Press (Dumbbell)",,"",0,"normal",24,8,,,
"Puregym","29 May 2025, 16:35","29 May 2025, 17:56","","Shoulder Press (Dumbbell)",,"",1,"normal",28,8,,,
"Puregym","29 May 2025, 16:35","29 May 2025, 17:56","","Shoulder Press (Dumbbell)",,"",2,"normal",28,8,,,
"Puregym","29 May 2025, 16:35","29 May 2025, 17:56","","Shoulder Press (Dumbbell)",,"",3,"normal",32,6,,,
"Puregym","29 May 2025, 16:35","29 May 2025, 17:56","","Concentration Curl",,"",0,"normal",10,8,,,
"Puregym","29 May 2025, 16:35","29 May 2025, 17:56","","Concentration Curl",,"",1,"normal",14,8,,,
"Puregym","29 May 2025, 16:35","29 May 2025, 17:56","","Concentration Curl",,"",2,"normal",14,8,,,
"Puregym","27 May 2025, 16:09","27 May 2025, 17:16","","Pull Up (Assisted)",,"",0,"normal",,6,,,
"Puregym","27 May 2025, 16:09","27 May 2025, 17:16","","Pull Up (Assisted)",,"",1,"normal",,5,,,
"Puregym","27 May 2025, 16:09","27 May 2025, 17:16","","Pull Up (Assisted)",,"",2,"normal",,5,,,
"Puregym","27 May 2025, 16:09","27 May 2025, 17:16","","Cable Twist (Down to up)",,"",0,"normal",7.9,8,,,
"Puregym","27 May 2025, 16:09","27 May 2025, 17:16","","Cable Twist (Down to up)",,"",1,"normal",14.7,8,,,
"Puregym","27 May 2025, 16:09","27 May 2025, 17:16","","Cable Twist (Down to up)",,"",2,"normal",14.7,8,,,
"Puregym","27 May 2025, 16:09","27 May 2025, 17:16","","Butterfly (Pec Deck)",,"",0,"normal",73,8,,,
"Puregym","27 May 2025, 16:09","27 May 2025, 17:16","","Butterfly (Pec Deck)",,"",1,"normal",127,8,,,
"Puregym","27 May 2025, 16:09","27 May 2025, 17:16","","Butterfly (Pec Deck)",,"",2,"normal",127,8,,,
"Puregym","27 May 2025, 16:09","27 May 2025, 17:16","","Butterfly (Pec Deck)",,"",3,"normal",127,6,,,
"Puregym","27 May 2025, 16:09","27 May 2025, 17:16","","Butterfly (Pec Deck)",,"",4,"normal",113,8,,,
"Puregym","27 May 2025, 16:09","27 May 2025, 17:16","","Reverse Lunge (Dumbbell)",,"",0,"normal",,8,,,
"Puregym","27 May 2025, 16:09","27 May 2025, 17:16","","Reverse Lunge (Dumbbell)",,"",1,"normal",20,8,,,
"Puregym","27 May 2025, 16:09","27 May 2025, 17:16","","Reverse Lunge (Dumbbell)",,"",2,"normal",20,8,,,
"Puregym","27 May 2025, 16:09","27 May 2025, 17:16","","Reverse Lunge (Dumbbell)",,"",3,"normal",20,8,,,
"Puregym","27 May 2025, 16:09","27 May 2025, 17:16","","Seated Row (Machine)",,"",0,"normal",32,10,,,
"Puregym","27 May 2025, 16:09","27 May 2025, 17:16","","Seated Row (Machine)",,"",1,"normal",52,10,,,
"Puregym","27 May 2025, 16:09","27 May 2025, 17:16","","Seated Row (Machine)",,"",2,"normal",52,10,,,
"Puregym","27 May 2025, 16:09","27 May 2025, 17:16","","Seated Row (Machine)",,"",3,"normal",52,10,,,
"Puregym","27 May 2025, 16:09","27 May 2025, 17:16","","Superman",,"",0,"normal",,8,,,
"Puregym","27 May 2025, 16:09","27 May 2025, 17:16","","Superman",,"",1,"normal",,8,,,
"Puregym","27 May 2025, 16:09","27 May 2025, 17:16","","Superman",,"",2,"normal",,8,,,
"Puregym","27 May 2025, 16:09","27 May 2025, 17:16","","Plank",,"",0,"normal",,,,120,
"Puregym","27 May 2025, 16:09","27 May 2025, 17:16","","Shoulder Press (Dumbbell)",,"",0,"normal",24,8,,,
"Puregym","27 May 2025, 16:09","27 May 2025, 17:16","","Shoulder Press (Dumbbell)",,"",1,"normal",40,7,,,
"Puregym","27 May 2025, 16:09","27 May 2025, 17:16","","Shoulder Press (Dumbbell)",,"",2,"normal",36,8,,,
"Puregym","27 May 2025, 16:09","27 May 2025, 17:16","","Concentration Curl",,"",0,"normal",10,8,,,
"Puregym","27 May 2025, 16:09","27 May 2025, 17:16","","Concentration Curl",,"",1,"normal",16,8,,,
"Puregym","27 May 2025, 16:09","27 May 2025, 17:16","","Concentration Curl",,"",2,"normal",16,6,,,
"Puregym","27 May 2025, 16:09","27 May 2025, 17:16","","Chest Press (Machine)",,"",0,"normal",39,8,,,
"Puregym","27 May 2025, 16:09","27 May 2025, 17:16","","Chest Press (Machine)",,"",1,"normal",79,8,,,
"Puregym","27 May 2025, 16:09","27 May 2025, 17:16","","Chest Press (Machine)",,"",2,"normal",73,6,,,
"Puregym","27 May 2025, 16:09","27 May 2025, 17:16","","Chest Press (Machine)",,"",3,"normal",66,8,,,
"Puregym","25 May 2025, 10:35","25 May 2025, 11:59","","Butterfly (Pec Deck)",,"",0,"normal",66,8,,,
"Puregym","25 May 2025, 10:35","25 May 2025, 11:59","","Butterfly (Pec Deck)",,"",1,"normal",120,8,,,
"Puregym","25 May 2025, 10:35","25 May 2025, 11:59","","Butterfly (Pec Deck)",,"",2,"normal",120,8,,,
"Puregym","25 May 2025, 10:35","25 May 2025, 11:59","","Butterfly (Pec Deck)",,"",3,"normal",127,8,,,
"Puregym","25 May 2025, 10:35","25 May 2025, 11:59","","Pull Up (Assisted)",,"",0,"normal",,5,,,
"Puregym","25 May 2025, 10:35","25 May 2025, 11:59","","Pull Up (Assisted)",,"",1,"normal",,4,,,
"Puregym","25 May 2025, 10:35","25 May 2025, 11:59","","Pull Up (Assisted)",,"",2,"normal",,4,,,
"Puregym","25 May 2025, 10:35","25 May 2025, 11:59","","Reverse Lunge (Dumbbell)",,"",0,"normal",5,8,,,
"Puregym","25 May 2025, 10:35","25 May 2025, 11:59","","Reverse Lunge (Dumbbell)",,"",1,"normal",15,8,,,
"Puregym","25 May 2025, 10:35","25 May 2025, 11:59","","Reverse Lunge (Dumbbell)",,"",2,"normal",15,8,,,
"Puregym","25 May 2025, 10:35","25 May 2025, 11:59","","Reverse Lunge (Dumbbell)",,"",3,"normal",20,8,,,
"Puregym","25 May 2025, 10:35","25 May 2025, 11:59","","Superman",,"",0,"normal",,8,,,
"Puregym","25 May 2025, 10:35","25 May 2025, 11:59","","Superman",,"",1,"normal",,8,,,
"Puregym","25 May 2025, 10:35","25 May 2025, 11:59","","Plank",,"",0,"normal",,,,120,
"Puregym","25 May 2025, 10:35","25 May 2025, 11:59","","Seated Row (Machine)",,"",0,"normal",32,10,,,
"Puregym","25 May 2025, 10:35","25 May 2025, 11:59","","Seated Row (Machine)",,"",1,"normal",52,10,,,
"Puregym","25 May 2025, 10:35","25 May 2025, 11:59","","Seated Row (Machine)",,"",2,"normal",52,10,,,
"Puregym","25 May 2025, 10:35","25 May 2025, 11:59","","Seated Row (Machine)",,"",3,"normal",59,10,,,
"Puregym","25 May 2025, 10:35","25 May 2025, 11:59","","Cable Twist (Down to up)",,"",0,"normal",7.9,8,,,
"Puregym","25 May 2025, 10:35","25 May 2025, 11:59","","Cable Twist (Down to up)",,"",1,"normal",14.7,8,,,
"Puregym","25 May 2025, 10:35","25 May 2025, 11:59","","Cable Twist (Down to up)",,"",2,"normal",14.7,8,,,
"Puregym","25 May 2025, 10:35","25 May 2025, 11:59","","Chest Press (Machine)",,"",0,"normal",39,8,,,
"Puregym","25 May 2025, 10:35","25 May 2025, 11:59","","Chest Press (Machine)",,"",1,"normal",79,8,,,
"Puregym","25 May 2025, 10:35","25 May 2025, 11:59","","Chest Press (Machine)",,"",2,"normal",79,8,,,
"Puregym","25 May 2025, 10:35","25 May 2025, 11:59","","Chest Press (Machine)",,"",3,"normal",79,8,,,
"Puregym","25 May 2025, 10:35","25 May 2025, 11:59","","Concentration Curl",,"",0,"normal",10,8,,,
"Puregym","25 May 2025, 10:35","25 May 2025, 11:59","","Concentration Curl",,"",1,"normal",16,8,,,
"Puregym","25 May 2025, 10:35","25 May 2025, 11:59","","Concentration Curl",,"",2,"normal",16,8,,,
"Puregym","25 May 2025, 10:35","25 May 2025, 11:59","","Concentration Curl",,"",3,"normal",16,8,,,
"Puregym","25 May 2025, 10:35","25 May 2025, 11:59","","Shoulder Press (Dumbbell)",,"",0,"normal",24,8,,,
"Puregym","25 May 2025, 10:35","25 May 2025, 11:59","","Shoulder Press (Dumbbell)",,"",1,"normal",36,8,,,
"Puregym","25 May 2025, 10:35","25 May 2025, 11:59","","Shoulder Press (Dumbbell)",,"",2,"normal",36,8,,,
"Puregym","25 May 2025, 10:35","25 May 2025, 11:59","","Shoulder Press (Dumbbell)",,"",3,"normal",40,6,,,
"Puregym","22 May 2025, 20:39","22 May 2025, 21:33","","Superman",,"",0,"normal",,10,,,
"Puregym","22 May 2025, 20:39","22 May 2025, 21:33","","Superman",,"",1,"normal",,8,,,
"Puregym","22 May 2025, 20:39","22 May 2025, 21:33","","Superman",,"",2,"normal",,8,,,
"Puregym","22 May 2025, 20:39","22 May 2025, 21:33","","Reverse Lunge (Dumbbell)",,"",0,"normal",,8,,,
"Puregym","22 May 2025, 20:39","22 May 2025, 21:33","","Reverse Lunge (Dumbbell)",,"",1,"normal",,8,,,
"Puregym","22 May 2025, 20:39","22 May 2025, 21:33","","Reverse Lunge (Dumbbell)",,"",2,"normal",15,2,,,
"Puregym","22 May 2025, 20:39","22 May 2025, 21:33","","Plank",,"",0,"normal",,,,151,
"Puregym","22 May 2025, 20:39","22 May 2025, 21:33","","Cable Twist (Down to up)",,"",0,"normal",6.8,8,,,
"Puregym","22 May 2025, 20:39","22 May 2025, 21:33","","Cable Twist (Down to up)",,"",1,"normal",13.5,8,,,
"Puregym","22 May 2025, 20:39","22 May 2025, 21:33","","Cable Twist (Down to up)",,"",2,"normal",12.5,8,,,
"Puregym","22 May 2025, 20:39","22 May 2025, 21:33","","Seated Row (Machine)",,"",0,"normal",32,10,,,
"Puregym","22 May 2025, 20:39","22 May 2025, 21:33","","Seated Row (Machine)",,"",1,"normal",52,10,,,
"Puregym","22 May 2025, 20:39","22 May 2025, 21:33","","Seated Row (Machine)",,"",2,"normal",52,8,,,
"Puregym","22 May 2025, 20:39","22 May 2025, 21:33","","Seated Row (Machine)",,"",3,"normal",52,8,,,
"Puregym","21 May 2025, 16:20","21 May 2025, 16:49","","Pull Up (Assisted)",,"",0,"normal",,8,,,
"Puregym","21 May 2025, 16:20","21 May 2025, 16:49","","Pull Up (Assisted)",,"",1,"normal",,5,,,
"Puregym","21 May 2025, 16:20","21 May 2025, 16:49","","Pull Up (Assisted)",,"",2,"normal",,5,,,
"Puregym","21 May 2025, 16:20","21 May 2025, 16:49","","Chest Press (Machine)",,"",0,"normal",39,8,,,
"Puregym","21 May 2025, 16:20","21 May 2025, 16:49","","Chest Press (Machine)",,"",1,"normal",79,8,,,
"Puregym","21 May 2025, 16:20","21 May 2025, 16:49","","Chest Press (Machine)",,"",2,"normal",79,8,,,
"Puregym","21 May 2025, 16:20","21 May 2025, 16:49","","Chest Press (Machine)",,"",3,"normal",79,8,,,
"Puregym","21 May 2025, 16:20","21 May 2025, 16:49","","Seated Row (Machine)",,"",0,"normal",32,10,,,
"Puregym","21 May 2025, 16:20","21 May 2025, 16:49","","Seated Row (Machine)",,"",1,"normal",52,10,,,
"Puregym","21 May 2025, 16:20","21 May 2025, 16:49","","Seated Row (Machine)",,"",2,"normal",52,8,,,
"Puregym","21 May 2025, 16:20","21 May 2025, 16:49","","Seated Row (Machine)",,"",3,"normal",52,8,,,
"Puregym","21 May 2025, 16:20","21 May 2025, 16:49","","Butterfly (Pec Deck)",,"",0,"normal",66,8,,,
"Puregym","21 May 2025, 16:20","21 May 2025, 16:49","","Butterfly (Pec Deck)",,"",1,"normal",120,10,,,
"Puregym","21 May 2025, 16:20","21 May 2025, 16:49","","Butterfly (Pec Deck)",,"",2,"normal",120,8,,,
"Puregym","21 May 2025, 16:20","21 May 2025, 16:49","","Butterfly (Pec Deck)",,"",3,"normal",113,8,,,
"Puregym","21 May 2025, 16:20","21 May 2025, 16:49","","Concentration Curl",,"",0,"normal",10,8,,,
"Puregym","21 May 2025, 16:20","21 May 2025, 16:49","","Concentration Curl",,"",1,"normal",16,4,,,
"Puregym","12 May 2025, 16:48","12 May 2025, 17:50","","Pull Up (Assisted)",,"",0,"normal",,8,,,
"Puregym","12 May 2025, 16:48","12 May 2025, 17:50","","Pull Up (Assisted)",,"",1,"normal",,8,,,
"Puregym","12 May 2025, 16:48","12 May 2025, 17:50","","Pull Up (Assisted)",,"",2,"normal",,6,,,
"Puregym","12 May 2025, 16:48","12 May 2025, 17:50","","Butterfly (Pec Deck)",,"",0,"normal",66,8,,,
"Puregym","12 May 2025, 16:48","12 May 2025, 17:50","","Butterfly (Pec Deck)",,"",1,"normal",120,10,,,
"Puregym","12 May 2025, 16:48","12 May 2025, 17:50","","Butterfly (Pec Deck)",,"",2,"normal",120,8,,,
"Puregym","12 May 2025, 16:48","12 May 2025, 17:50","","Butterfly (Pec Deck)",,"",3,"normal",120,8,,,
"Puregym","12 May 2025, 16:48","12 May 2025, 17:50","","Seated Row (Machine)",,"",0,"normal",32,8,,,
"Puregym","12 May 2025, 16:48","12 May 2025, 17:50","","Seated Row (Machine)",,"",1,"normal",52,10,,,
"Puregym","12 May 2025, 16:48","12 May 2025, 17:50","","Seated Row (Machine)",,"",2,"normal",52,10,,,
"Puregym","12 May 2025, 16:48","12 May 2025, 17:50","","Seated Row (Machine)",,"",3,"normal",52,10,,,
"Puregym","12 May 2025, 16:48","12 May 2025, 17:50","","Concentration Curl",,"",0,"normal",10,8,,,
"Puregym","12 May 2025, 16:48","12 May 2025, 17:50","","Concentration Curl",,"",1,"normal",16,8,,,
"Puregym","12 May 2025, 16:48","12 May 2025, 17:50","","Concentration Curl",,"",2,"normal",16,6,,,
"Puregym","12 May 2025, 16:48","12 May 2025, 17:50","","Superman",,"",0,"normal",,8,,,
"Puregym","12 May 2025, 16:48","12 May 2025, 17:50","","Superman",,"",1,"normal",,8,,,
"Puregym","12 May 2025, 16:48","12 May 2025, 17:50","","Superman",,"",2,"normal",,8,,,
"Puregym","12 May 2025, 16:48","12 May 2025, 17:50","","Plank",,"",0,"normal",,,,150,
"Puregym","12 May 2025, 16:48","12 May 2025, 17:50","","Reverse Lunge (Dumbbell)",,"",0,"normal",,8,,,
"Puregym","12 May 2025, 16:48","12 May 2025, 17:50","","Reverse Lunge (Dumbbell)",,"",1,"normal",,8,,,
"Puregym","12 May 2025, 16:48","12 May 2025, 17:50","","Reverse Lunge (Dumbbell)",,"",2,"normal",,8,,,
"Puregym","12 May 2025, 16:48","12 May 2025, 17:50","","Cable Twist (Down to up)",,"",0,"normal",6.8,8,,,
"Puregym","12 May 2025, 16:48","12 May 2025, 17:50","","Cable Twist (Down to up)",,"",1,"normal",13.5,8,,,
"Puregym","12 May 2025, 16:48","12 May 2025, 17:50","","Cable Twist (Down to up)",,"",2,"normal",13.5,8,,,
"Puregym","12 May 2025, 16:48","12 May 2025, 17:50","","Chest Press (Machine)",,"",0,"normal",39,8,,,
"Puregym","12 May 2025, 16:48","12 May 2025, 17:50","","Chest Press (Machine)",,"",1,"normal",79,8,,,
"Puregym","12 May 2025, 16:48","12 May 2025, 17:50","","Chest Press (Machine)",,"",2,"normal",79,8,,,
"Puregym","12 May 2025, 16:48","12 May 2025, 17:50","","Chest Press (Machine)",,"",3,"normal",79,8,,,
"Puregym","10 May 2025, 17:00","10 May 2025, 18:15","","Superman",,"",0,"normal",,8,,,
"Puregym","10 May 2025, 17:00","10 May 2025, 18:15","","Superman",,"",1,"normal",,8,,,
"Puregym","10 May 2025, 17:00","10 May 2025, 18:15","","Superman",,"",2,"normal",,8,,,
"Puregym","10 May 2025, 17:00","10 May 2025, 18:15","","Plank",,"",0,"normal",,,,180,
"Puregym","10 May 2025, 17:00","10 May 2025, 18:15","","Reverse Lunge (Dumbbell)",,"",0,"normal",,8,,,
"Puregym","10 May 2025, 17:00","10 May 2025, 18:15","","Reverse Lunge (Dumbbell)",,"",1,"normal",20,8,,,
"Puregym","10 May 2025, 17:00","10 May 2025, 18:15","","Reverse Lunge (Dumbbell)",,"",2,"normal",20,8,,,
"Puregym","10 May 2025, 17:00","10 May 2025, 18:15","","Reverse Lunge (Dumbbell)",,"",3,"normal",20,8,,,
"Puregym","10 May 2025, 17:00","10 May 2025, 18:15","","Pull Up (Assisted)",,"",0,"normal",4.5,8,,,
"Puregym","10 May 2025, 17:00","10 May 2025, 18:15","","Pull Up (Assisted)",,"",1,"normal",4.5,8,,,
"Puregym","10 May 2025, 17:00","10 May 2025, 18:15","","Pull Up (Assisted)",,"",2,"normal",4.5,6,,,
"Puregym","10 May 2025, 17:00","10 May 2025, 18:15","","Cable Twist (Down to up)",,"",0,"normal",7.9,8,,,
"Puregym","10 May 2025, 17:00","10 May 2025, 18:15","","Cable Twist (Down to up)",,"",1,"normal",14.7,8,,,
"Puregym","10 May 2025, 17:00","10 May 2025, 18:15","","Cable Twist (Down to up)",,"",2,"normal",14.7,8,,,
"Puregym","10 May 2025, 17:00","10 May 2025, 18:15","","Seated Row (Machine)",,"",0,"normal",32,8,,,
"Puregym","10 May 2025, 17:00","10 May 2025, 18:15","","Seated Row (Machine)",,"",1,"normal",52,10,,,
"Puregym","10 May 2025, 17:00","10 May 2025, 18:15","","Seated Row (Machine)",,"",2,"normal",52,10,,,
"Puregym","10 May 2025, 17:00","10 May 2025, 18:15","","Seated Row (Machine)",,"",3,"normal",52,10,,,
"Puregym","10 May 2025, 17:00","10 May 2025, 18:15","","Butterfly (Pec Deck)",,"",0,"normal",66,8,,,
"Puregym","10 May 2025, 17:00","10 May 2025, 18:15","","Butterfly (Pec Deck)",,"",1,"normal",120,8,,,
"Puregym","10 May 2025, 17:00","10 May 2025, 18:15","","Butterfly (Pec Deck)",,"",2,"normal",120,8,,,
"Puregym","10 May 2025, 17:00","10 May 2025, 18:15","","Butterfly (Pec Deck)",,"",3,"normal",120,8,,,
"Puregym","10 May 2025, 17:00","10 May 2025, 18:15","","Concentration Curl",,"",0,"normal",10,8,,,
"Puregym","10 May 2025, 17:00","10 May 2025, 18:15","","Concentration Curl",,"",1,"normal",16,8,,,
"Puregym","10 May 2025, 17:00","10 May 2025, 18:15","","Concentration Curl",,"",2,"normal",16,6,,,
"Puregym","10 May 2025, 17:00","10 May 2025, 18:15","","Shoulder Press (Dumbbell)",,"",0,"normal",24,8,,,
"Puregym","10 May 2025, 17:00","10 May 2025, 18:15","","Shoulder Press (Dumbbell)",,"",1,"normal",32,8,,,
"Puregym","10 May 2025, 17:00","10 May 2025, 18:15","","Shoulder Press (Dumbbell)",,"",2,"normal",36,8,,,
"Puregym","10 May 2025, 17:00","10 May 2025, 18:15","","Shoulder Press (Dumbbell)",,"",3,"normal",36,6,,,
"Puregym","10 May 2025, 17:00","10 May 2025, 18:15","","Chest Press (Machine)",,"",0,"normal",39,8,,,
"Puregym","10 May 2025, 17:00","10 May 2025, 18:15","","Chest Press (Machine)",,"",1,"normal",79,6,,,
"Puregym","10 May 2025, 17:00","10 May 2025, 18:15","","Chest Press (Machine)",,"",2,"normal",73,8,,,
"Puregym","7 May 2025, 16:15","7 May 2025, 17:04","","Pull Up (Assisted)",,"",0,"normal",,8,,,
"Puregym","7 May 2025, 16:15","7 May 2025, 17:04","","Pull Up (Assisted)",,"",1,"normal",,8,,,
"Puregym","7 May 2025, 16:15","7 May 2025, 17:04","","Pull Up (Assisted)",,"",2,"normal",,6,,,
"Puregym","7 May 2025, 16:15","7 May 2025, 17:04","","Cable Twist (Down to up)",,"",0,"normal",7.9,8,,,
"Puregym","7 May 2025, 16:15","7 May 2025, 17:04","","Cable Twist (Down to up)",,"",1,"normal",14.7,8,,,
"Puregym","7 May 2025, 16:15","7 May 2025, 17:04","","Cable Twist (Down to up)",,"",2,"normal",14.7,8,,,
"Puregym","7 May 2025, 16:15","7 May 2025, 17:04","","Seated Row (Machine)",,"",0,"normal",32,10,,,
"Puregym","7 May 2025, 16:15","7 May 2025, 17:04","","Seated Row (Machine)",,"",1,"normal",52,8,,,
"Puregym","7 May 2025, 16:15","7 May 2025, 17:04","","Seated Row (Machine)",,"",2,"normal",52,9,,,
"Puregym","7 May 2025, 16:15","7 May 2025, 17:04","","Seated Row (Machine)",,"",3,"normal",52,8,,,
"Puregym","7 May 2025, 16:15","7 May 2025, 17:04","","Superman",,"",0,"normal",,8,,,
"Puregym","7 May 2025, 16:15","7 May 2025, 17:04","","Superman",,"",1,"normal",,8,,,
"Puregym","7 May 2025, 16:15","7 May 2025, 17:04","","Superman",,"",2,"normal",,8,,,
"Puregym","7 May 2025, 16:15","7 May 2025, 17:04","","Reverse Lunge (Dumbbell)",,"",0,"normal",,8,,,
"Puregym","7 May 2025, 16:15","7 May 2025, 17:04","","Reverse Lunge (Dumbbell)",,"",1,"normal",10,8,,,
"Puregym","7 May 2025, 16:15","7 May 2025, 17:04","","Reverse Lunge (Dumbbell)",,"",2,"normal",30,8,,,
"Puregym","7 May 2025, 16:15","7 May 2025, 17:04","","Reverse Lunge (Dumbbell)",,"",3,"normal",30,8,,,
"Puregym","7 May 2025, 16:15","7 May 2025, 17:04","","Plank",,"",0,"normal",,,,160,
"Puregym","7 May 2025, 16:15","7 May 2025, 17:04","","Bulgarian Split Squat",,"",0,"normal",,8,,,
"Puregym","7 May 2025, 16:15","7 May 2025, 17:04","","Bulgarian Split Squat",,"",1,"normal",10,5,,,
"Puregym","7 May 2025, 16:15","7 May 2025, 17:04","","Butterfly (Pec Deck)",,"",0,"normal",66,8,,,
"Puregym","7 May 2025, 16:15","7 May 2025, 17:04","","Butterfly (Pec Deck)",,"",1,"normal",100,8,,,
"Puregym","7 May 2025, 16:15","7 May 2025, 17:04","","Butterfly (Pec Deck)",,"",2,"normal",113,8,,,
"Puregym","7 May 2025, 16:15","7 May 2025, 17:04","","Butterfly (Pec Deck)",,"",3,"normal",113,8,,,
"Puregym","7 May 2025, 16:15","7 May 2025, 17:04","","Concentration Curl",,"",0,"normal",10,8,,,
"Puregym","7 May 2025, 16:15","7 May 2025, 17:04","","Concentration Curl",,"",1,"normal",16,8,,,
"Puregym","7 May 2025, 16:15","7 May 2025, 17:04","","Concentration Curl",,"",2,"normal",16,8,,,
"Puregym","5 May 2025, 10:43","5 May 2025, 11:54","","Reverse Lunge (Dumbbell)",,"",0,"normal",5,8,,,
"Puregym","5 May 2025, 10:43","5 May 2025, 11:54","","Reverse Lunge (Dumbbell)",,"",1,"normal",25,8,,,
"Puregym","5 May 2025, 10:43","5 May 2025, 11:54","","Reverse Lunge (Dumbbell)",,"",2,"normal",25,8,,,
"Puregym","5 May 2025, 10:43","5 May 2025, 11:54","","Reverse Lunge (Dumbbell)",,"",3,"normal",30,8,,,
"Puregym","5 May 2025, 10:43","5 May 2025, 11:54","","Plank",,"",0,"normal",,,,150,
"Puregym","5 May 2025, 10:43","5 May 2025, 11:54","","Superman",,"",0,"normal",,10,,,
"Puregym","5 May 2025, 10:43","5 May 2025, 11:54","","Superman",,"",1,"normal",,8,,,
"Puregym","5 May 2025, 10:43","5 May 2025, 11:54","","Superman",,"",2,"normal",,8,,,
"Puregym","5 May 2025, 10:43","5 May 2025, 11:54","","Butterfly (Pec Deck)",,"",0,"normal",66,8,,,
"Puregym","5 May 2025, 10:43","5 May 2025, 11:54","","Butterfly (Pec Deck)",,"",1,"normal",113,8,,,
"Puregym","5 May 2025, 10:43","5 May 2025, 11:54","","Butterfly (Pec Deck)",,"",2,"normal",113,8,,,
"Puregym","5 May 2025, 10:43","5 May 2025, 11:54","","Butterfly (Pec Deck)",,"",3,"normal",113,8,,,
"Puregym","5 May 2025, 10:43","5 May 2025, 11:54","","Seated Row (Machine)",,"",0,"normal",32,10,,,
"Puregym","5 May 2025, 10:43","5 May 2025, 11:54","","Seated Row (Machine)",,"",1,"normal",52,10,,,
"Puregym","5 May 2025, 10:43","5 May 2025, 11:54","","Seated Row (Machine)",,"",2,"normal",52,10,,,
"Puregym","5 May 2025, 10:43","5 May 2025, 11:54","","Seated Row (Machine)",,"",3,"normal",52,8,,,
"Puregym","5 May 2025, 10:43","5 May 2025, 11:54","","Cable Twist (Down to up)",,"",0,"normal",7.9,8,,,
"Puregym","5 May 2025, 10:43","5 May 2025, 11:54","","Cable Twist (Down to up)",,"",1,"normal",14.7,8,,,
"Puregym","5 May 2025, 10:43","5 May 2025, 11:54","","Cable Twist (Down to up)",,"",2,"normal",14.7,8,,,
"Puregym","5 May 2025, 10:43","5 May 2025, 11:54","","Chest Press (Machine)",,"",0,"normal",39,8,,,
"Puregym","5 May 2025, 10:43","5 May 2025, 11:54","","Chest Press (Machine)",,"",1,"normal",79,8,,,
"Puregym","5 May 2025, 10:43","5 May 2025, 11:54","","Chest Press (Machine)",,"",2,"normal",79,8,,,
"Puregym","5 May 2025, 10:43","5 May 2025, 11:54","","Chest Press (Machine)",,"",3,"normal",73,8,,,
"Puregym","5 May 2025, 10:43","5 May 2025, 11:54","","Concentration Curl",,"",0,"normal",10,8,,,
"Puregym","5 May 2025, 10:43","5 May 2025, 11:54","","Concentration Curl",,"",1,"normal",16,6,,,
"Puregym","5 May 2025, 10:43","5 May 2025, 11:54","","Concentration Curl",,"",2,"normal",16,6,,,
"Puregym","5 May 2025, 10:43","5 May 2025, 11:54","","Bulgarian Split Squat",,"",0,"normal",,8,,,
"Puregym","5 May 2025, 10:43","5 May 2025, 11:54","","Bulgarian Split Squat",,"",1,"normal",,8,,,
"Puregym","5 May 2025, 10:43","5 May 2025, 11:54","","Bulgarian Split Squat",,"",2,"normal",,8,,,
"Puregym","5 May 2025, 10:43","5 May 2025, 11:54","","Pull Up (Assisted)",,"",0,"normal",,8,,,
"Puregym","5 May 2025, 10:43","5 May 2025, 11:54","","Pull Up (Assisted)",,"",1,"normal",,6,,,
"Puregym","5 May 2025, 10:43","5 May 2025, 11:54","","Pull Up (Assisted)",,"",2,"normal",,6,,,
"Puregym","4 May 2025, 11:07","4 May 2025, 11:11","","Concentration Curl",,"",0,"normal",10,8,,,
"Puregym","4 May 2025, 11:07","4 May 2025, 11:11","","Concentration Curl",,"",1,"normal",16,8,,,
"Puregym","4 May 2025, 11:07","4 May 2025, 11:11","","Concentration Curl",,"",2,"normal",16,6,,,
"Puregym","3 May 2025, 10:19","3 May 2025, 11:20","","Pull Up (Assisted)",,"",0,"normal",4.5,8,,,
"Puregym","3 May 2025, 10:19","3 May 2025, 11:20","","Pull Up (Assisted)",,"",1,"normal",,5,,,
"Puregym","3 May 2025, 10:19","3 May 2025, 11:20","","Pull Up (Assisted)",,"",2,"normal",4.5,8,,,
"Puregym","3 May 2025, 10:19","3 May 2025, 11:20","","Butterfly (Pec Deck)",,"",0,"normal",66,8,,,
"Puregym","3 May 2025, 10:19","3 May 2025, 11:20","","Butterfly (Pec Deck)",,"",1,"normal",120,8,,,
"Puregym","3 May 2025, 10:19","3 May 2025, 11:20","","Butterfly (Pec Deck)",,"",2,"normal",120,8,,,
"Puregym","3 May 2025, 10:19","3 May 2025, 11:20","","Butterfly (Pec Deck)",,"",3,"normal",120,8,,,
"Puregym","3 May 2025, 10:19","3 May 2025, 11:20","","Reverse Lunge (Dumbbell)",,"",0,"normal",,8,,,
"Puregym","3 May 2025, 10:19","3 May 2025, 11:20","","Reverse Lunge (Dumbbell)",,"",1,"normal",20,8,,,
"Puregym","3 May 2025, 10:19","3 May 2025, 11:20","","Reverse Lunge (Dumbbell)",,"",2,"normal",25,8,,,
"Puregym","3 May 2025, 10:19","3 May 2025, 11:20","","Reverse Lunge (Dumbbell)",,"",3,"normal",25,8,,,
"Puregym","3 May 2025, 10:19","3 May 2025, 11:20","","Superman",,"",0,"normal",,8,,,
"Puregym","3 May 2025, 10:19","3 May 2025, 11:20","","Superman",,"",1,"normal",,8,,,
"Puregym","3 May 2025, 10:19","3 May 2025, 11:20","","Superman",,"",2,"normal",,8,,,
"Puregym","3 May 2025, 10:19","3 May 2025, 11:20","","Plank",,"",0,"normal",,,,121,
"Puregym","3 May 2025, 10:19","3 May 2025, 11:20","","Cable Twist (Down to up)",,"",0,"normal",7.9,8,,,
"Puregym","3 May 2025, 10:19","3 May 2025, 11:20","","Cable Twist (Down to up)",,"",1,"normal",12.5,8,,,
"Puregym","3 May 2025, 10:19","3 May 2025, 11:20","","Cable Twist (Down to up)",,"",2,"normal",14.7,8,,,
"Puregym","3 May 2025, 10:19","3 May 2025, 11:20","","Seated Row (Machine)",,"",0,"normal",32,10,,,
"Puregym","3 May 2025, 10:19","3 May 2025, 11:20","","Seated Row (Machine)",,"",1,"normal",52,10,,,
"Puregym","3 May 2025, 10:19","3 May 2025, 11:20","","Seated Row (Machine)",,"",2,"normal",52,8,,,
"Puregym","3 May 2025, 10:19","3 May 2025, 11:20","","Seated Row (Machine)",,"",3,"normal",52,10,,,
"Puregym","1 May 2025, 20:27","1 May 2025, 21:43","","Superman",,"",0,"normal",,8,,,
"Puregym","1 May 2025, 20:27","1 May 2025, 21:43","","Superman",,"",1,"normal",,8,,,
"Puregym","1 May 2025, 20:27","1 May 2025, 21:43","","Superman",,"",2,"normal",,8,,,
"Puregym","1 May 2025, 20:27","1 May 2025, 21:43","","Plank",,"",0,"normal",,,,150,
"Puregym","1 May 2025, 20:27","1 May 2025, 21:43","","Pull Up (Assisted)",,"",0,"normal",,6,,,
"Puregym","1 May 2025, 20:27","1 May 2025, 21:43","","Pull Up (Assisted)",,"",1,"normal",4.5,8,,,
"Puregym","1 May 2025, 20:27","1 May 2025, 21:43","","Pull Up (Assisted)",,"",2,"normal",4.5,8,,,
"Puregym","1 May 2025, 20:27","1 May 2025, 21:43","","Butterfly (Pec Deck)",,"",0,"normal",66,8,,,
"Puregym","1 May 2025, 20:27","1 May 2025, 21:43","","Butterfly (Pec Deck)",,"",1,"normal",120,8,,,
"Puregym","1 May 2025, 20:27","1 May 2025, 21:43","","Butterfly (Pec Deck)",,"",2,"normal",120,8,,,
"Puregym","1 May 2025, 20:27","1 May 2025, 21:43","","Butterfly (Pec Deck)",,"",3,"normal",120,8,,,
"Puregym","1 May 2025, 20:27","1 May 2025, 21:43","","Seated Row (Machine)",,"",0,"normal",32,12,,,
"Puregym","1 May 2025, 20:27","1 May 2025, 21:43","","Seated Row (Machine)",,"",1,"normal",45,10,,,
"Puregym","1 May 2025, 20:27","1 May 2025, 21:43","","Seated Row (Machine)",,"",2,"normal",52,10,,,
"Puregym","1 May 2025, 20:27","1 May 2025, 21:43","","Seated Row (Machine)",,"",3,"normal",52,10,,,
"Puregym","1 May 2025, 20:27","1 May 2025, 21:43","","Reverse Lunge (Dumbbell)",,"",0,"normal",,8,,,
"Puregym","1 May 2025, 20:27","1 May 2025, 21:43","","Reverse Lunge (Dumbbell)",,"",1,"normal",25,8,,,
"Puregym","1 May 2025, 20:27","1 May 2025, 21:43","","Reverse Lunge (Dumbbell)",,"",2,"normal",25,8,,,
"Puregym","1 May 2025, 20:27","1 May 2025, 21:43","","Reverse Lunge (Dumbbell)",,"",3,"normal",25,8,,,
"Puregym","1 May 2025, 20:27","1 May 2025, 21:43","","Cable Twist (Down to up)",,"",0,"normal",9,8,,,
"Puregym","1 May 2025, 20:27","1 May 2025, 21:43","","Cable Twist (Down to up)",,"",1,"normal",13.5,8,,,
"Puregym","1 May 2025, 20:27","1 May 2025, 21:43","","Cable Twist (Down to up)",,"",2,"normal",13.5,8,,,
"Puregym","1 May 2025, 20:27","1 May 2025, 21:43","","Shoulder Press (Dumbbell)",,"",0,"normal",24,8,,,
"Puregym","1 May 2025, 20:27","1 May 2025, 21:43","","Shoulder Press (Dumbbell)",,"",1,"normal",36,10,,,
"Puregym","1 May 2025, 20:27","1 May 2025, 21:43","","Shoulder Press (Dumbbell)",,"",2,"normal",36,8,,,
"Puregym","1 May 2025, 20:27","1 May 2025, 21:43","","Shoulder Press (Dumbbell)",,"",3,"normal",36,6,,,
"Puregym","1 May 2025, 20:27","1 May 2025, 21:43","","Chest Press (Machine)",,"",0,"normal",39,8,,,
"Puregym","1 May 2025, 20:27","1 May 2025, 21:43","","Chest Press (Machine)",,"",1,"normal",79,8,,,
"Puregym","1 May 2025, 20:27","1 May 2025, 21:43","","Chest Press (Machine)",,"",2,"normal",66,8,,,
"Puregym","1 May 2025, 20:27","1 May 2025, 21:43","","Chest Press (Machine)",,"",3,"normal",66,9,,,
"Puregym","29 Apr 2025, 07:45","29 Apr 2025, 08:42","","Pull Up (Assisted)",,"",0,"normal",4.5,8,,,
"Puregym","29 Apr 2025, 07:45","29 Apr 2025, 08:42","","Pull Up (Assisted)",,"",1,"normal",4.5,8,,,
"Puregym","29 Apr 2025, 07:45","29 Apr 2025, 08:42","","Pull Up (Assisted)",,"",2,"normal",4.5,6,,,
"Puregym","29 Apr 2025, 07:45","29 Apr 2025, 08:42","","Butterfly (Pec Deck)",,"",0,"normal",66,8,,,
"Puregym","29 Apr 2025, 07:45","29 Apr 2025, 08:42","","Butterfly (Pec Deck)",,"",1,"normal",120,8,,,
"Puregym","29 Apr 2025, 07:45","29 Apr 2025, 08:42","","Butterfly (Pec Deck)",,"",2,"normal",120,8,,,
"Puregym","29 Apr 2025, 07:45","29 Apr 2025, 08:42","","Butterfly (Pec Deck)",,"",3,"normal",120,8,,,
"Puregym","29 Apr 2025, 07:45","29 Apr 2025, 08:42","","Seated Row (Machine)",,"",0,"normal",32,12,,,
"Puregym","29 Apr 2025, 07:45","29 Apr 2025, 08:42","","Seated Row (Machine)",,"",1,"normal",45,8,,,
"Puregym","29 Apr 2025, 07:45","29 Apr 2025, 08:42","","Seated Row (Machine)",,"",2,"normal",45,10,,,
"Puregym","29 Apr 2025, 07:45","29 Apr 2025, 08:42","","Seated Row (Machine)",,"",3,"normal",45,8,,,
"Puregym","29 Apr 2025, 07:45","29 Apr 2025, 08:42","","Reverse Lunge (Dumbbell)",,"",0,"normal",,8,,,
"Puregym","29 Apr 2025, 07:45","29 Apr 2025, 08:42","","Reverse Lunge (Dumbbell)",,"",1,"normal",25,8,,,
"Puregym","29 Apr 2025, 07:45","29 Apr 2025, 08:42","","Reverse Lunge (Dumbbell)",,"",2,"normal",25,8,,,
"Puregym","29 Apr 2025, 07:45","29 Apr 2025, 08:42","","Reverse Lunge (Dumbbell)",,"",3,"normal",25,8,,,
"Puregym","29 Apr 2025, 07:45","29 Apr 2025, 08:42","","Superman",,"",0,"normal",,8,,,
"Puregym","29 Apr 2025, 07:45","29 Apr 2025, 08:42","","Superman",,"",1,"normal",,8,,,
"Puregym","29 Apr 2025, 07:45","29 Apr 2025, 08:42","","Plank",,"",0,"normal",,,,120,
"Puregym","29 Apr 2025, 07:45","29 Apr 2025, 08:42","","Cable Twist (Down to up)",,"",0,"normal",7.9,8,,,
"Puregym","29 Apr 2025, 07:45","29 Apr 2025, 08:42","","Cable Twist (Down to up)",,"",1,"normal",12.5,8,,,
"Puregym","29 Apr 2025, 07:45","29 Apr 2025, 08:42","","Cable Twist (Down to up)",,"",2,"normal",12.5,8,,,
"Puregym","29 Apr 2025, 07:45","29 Apr 2025, 08:42","","Chest Press (Machine)",,"",0,"normal",39,8,,,
"Puregym","29 Apr 2025, 07:45","29 Apr 2025, 08:42","","Chest Press (Machine)",,"",1,"normal",79,8,,,
"Puregym","29 Apr 2025, 07:45","29 Apr 2025, 08:42","","Chest Press (Machine)",,"",2,"normal",79,8,,,
"Puregym","29 Apr 2025, 07:45","29 Apr 2025, 08:42","","Chest Press (Machine)",,"",3,"normal",79,8,,,
"Puregym","29 Apr 2025, 07:45","29 Apr 2025, 08:42","","Shoulder Press (Dumbbell)",,"",0,"normal",24,8,,,
"Puregym","29 Apr 2025, 07:45","29 Apr 2025, 08:42","","Concentration Curl",,"",0,"normal",10,8,,,
"Puregym","27 Apr 2025, 12:12","27 Apr 2025, 13:29","","Pull Up (Assisted)",,"",0,"normal",4.5,6,,,
"Puregym","27 Apr 2025, 12:12","27 Apr 2025, 13:29","","Pull Up (Assisted)",,"",1,"normal",4.5,6,,,
"Puregym","27 Apr 2025, 12:12","27 Apr 2025, 13:29","","Pull Up (Assisted)",,"",2,"normal",4.5,6,,,
"Puregym","27 Apr 2025, 12:12","27 Apr 2025, 13:29","","Cable Twist (Down to up)",,"",0,"normal",5.7,8,,,
"Puregym","27 Apr 2025, 12:12","27 Apr 2025, 13:29","","Cable Twist (Down to up)",,"",1,"normal",10.2,8,,,
"Puregym","27 Apr 2025, 12:12","27 Apr 2025, 13:29","","Cable Twist (Down to up)",,"",2,"normal",12.5,8,,,
"Puregym","27 Apr 2025, 12:12","27 Apr 2025, 13:29","","Butterfly (Pec Deck)",,"",0,"normal",66,8,,,
"Puregym","27 Apr 2025, 12:12","27 Apr 2025, 13:29","","Butterfly (Pec Deck)",,"",1,"normal",113,8,,,
"Puregym","27 Apr 2025, 12:12","27 Apr 2025, 13:29","","Butterfly (Pec Deck)",,"",2,"normal",120,8,,,
"Puregym","27 Apr 2025, 12:12","27 Apr 2025, 13:29","","Butterfly (Pec Deck)",,"",3,"normal",120,8,,,
"Puregym","27 Apr 2025, 12:12","27 Apr 2025, 13:29","","Seated Row (Machine)",,"",0,"normal",32,12,,,
"Puregym","27 Apr 2025, 12:12","27 Apr 2025, 13:29","","Seated Row (Machine)",,"",1,"normal",45,10,,,
"Puregym","27 Apr 2025, 12:12","27 Apr 2025, 13:29","","Seated Row (Machine)",,"",2,"normal",45,10,,,
"Puregym","27 Apr 2025, 12:12","27 Apr 2025, 13:29","","Seated Row (Machine)",,"",3,"normal",45,10,,,
"Puregym","27 Apr 2025, 12:12","27 Apr 2025, 13:29","","Superman",,"",0,"normal",,8,,,
"Puregym","27 Apr 2025, 12:12","27 Apr 2025, 13:29","","Superman",,"",1,"normal",,8,,,
"Puregym","27 Apr 2025, 12:12","27 Apr 2025, 13:29","","Plank",,"",0,"normal",,,,150,
"Puregym","27 Apr 2025, 12:12","27 Apr 2025, 13:29","","Reverse Lunge (Dumbbell)",,"",0,"normal",,8,,,
"Puregym","27 Apr 2025, 12:12","27 Apr 2025, 13:29","","Reverse Lunge (Dumbbell)",,"",1,"normal",,8,,,
"Puregym","27 Apr 2025, 12:12","27 Apr 2025, 13:29","","Reverse Lunge (Dumbbell)",,"",2,"normal",14,8,,,
"Puregym","27 Apr 2025, 12:12","27 Apr 2025, 13:29","","Reverse Lunge (Dumbbell)",,"",3,"normal",20,8,,,
"Puregym","27 Apr 2025, 12:12","27 Apr 2025, 13:29","","Chest Press (Machine)",,"",0,"normal",39,8,,,
"Puregym","27 Apr 2025, 12:12","27 Apr 2025, 13:29","","Chest Press (Machine)",,"",1,"normal",73,8,,,
"Puregym","27 Apr 2025, 12:12","27 Apr 2025, 13:29","","Chest Press (Machine)",,"",2,"normal",79,8,,,
"Puregym","27 Apr 2025, 12:12","27 Apr 2025, 13:29","","Chest Press (Machine)",,"",3,"normal",79,8,,,
"Puregym","27 Apr 2025, 12:12","27 Apr 2025, 13:29","","Shoulder Press (Dumbbell)",,"",0,"normal",24,8,,,
"Puregym","27 Apr 2025, 12:12","27 Apr 2025, 13:29","","Shoulder Press (Dumbbell)",,"",1,"normal",36,8,,,
"Puregym","27 Apr 2025, 12:12","27 Apr 2025, 13:29","","Shoulder Press (Dumbbell)",,"",2,"normal",36,8,,,
"Puregym","27 Apr 2025, 12:12","27 Apr 2025, 13:29","","Shoulder Press (Dumbbell)",,"",3,"normal",36,6,,,
"Puregym","27 Apr 2025, 12:12","27 Apr 2025, 13:29","","Concentration Curl",,"",0,"normal",10,8,,,
"Puregym","27 Apr 2025, 12:12","27 Apr 2025, 13:29","","Concentration Curl",,"",1,"normal",16,6,,,
"Puregym","27 Apr 2025, 12:12","27 Apr 2025, 13:29","","Concentration Curl",,"",2,"normal",16,6,,,
"Puregym","22 Apr 2025, 20:54","22 Apr 2025, 21:51","","Single leg sit-to-stand",,"",0,"normal",,8,,,
"Puregym","22 Apr 2025, 20:54","22 Apr 2025, 21:51","","Superman",,"",0,"normal",,8,,,
"Puregym","22 Apr 2025, 20:54","22 Apr 2025, 21:51","","Superman",,"",1,"normal",,8,,,
"Puregym","22 Apr 2025, 20:54","22 Apr 2025, 21:51","","Plank",,"",0,"normal",,,,201,
"Puregym","22 Apr 2025, 20:54","22 Apr 2025, 21:51","","Reverse Lunge (Dumbbell)",,"",0,"normal",,8,,,
"Puregym","22 Apr 2025, 20:54","22 Apr 2025, 21:51","","Reverse Lunge (Dumbbell)",,"",1,"normal",20,8,,,
"Puregym","22 Apr 2025, 20:54","22 Apr 2025, 21:51","","Reverse Lunge (Dumbbell)",,"",2,"normal",25,8,,,
"Puregym","22 Apr 2025, 20:54","22 Apr 2025, 21:51","","Reverse Lunge (Dumbbell)",,"",3,"normal",25,8,,,
"Puregym","22 Apr 2025, 20:54","22 Apr 2025, 21:51","","Pull Up (Assisted)",,"",0,"normal",4.5,8,,,
"Puregym","22 Apr 2025, 20:54","22 Apr 2025, 21:51","","Pull Up (Assisted)",,"",1,"normal",4.5,8,,,
"Puregym","22 Apr 2025, 20:54","22 Apr 2025, 21:51","","Pull Up (Assisted)",,"",2,"normal",4.5,6,,,
"Puregym","22 Apr 2025, 20:54","22 Apr 2025, 21:51","","Butterfly (Pec Deck)",,"",0,"normal",66,8,,,
"Puregym","22 Apr 2025, 20:54","22 Apr 2025, 21:51","","Butterfly (Pec Deck)",,"",1,"normal",113,8,,,
"Puregym","22 Apr 2025, 20:54","22 Apr 2025, 21:51","","Butterfly (Pec Deck)",,"",2,"normal",120,8,,,
"Puregym","22 Apr 2025, 20:54","22 Apr 2025, 21:51","","Butterfly (Pec Deck)",,"",3,"normal",120,8,,,
"Puregym","22 Apr 2025, 20:54","22 Apr 2025, 21:51","","Cable Twist (Down to up)",,"",0,"normal",5.7,8,,,
"Puregym","22 Apr 2025, 20:54","22 Apr 2025, 21:51","","Cable Twist (Down to up)",,"",1,"normal",10.2,8,,,
"Puregym","22 Apr 2025, 20:54","22 Apr 2025, 21:51","","Cable Twist (Down to up)",,"",2,"normal",12.5,8,,,
"Puregym","22 Apr 2025, 20:54","22 Apr 2025, 21:51","","Shoulder Press (Dumbbell)",,"",0,"normal",24,8,,,
"Puregym","22 Apr 2025, 20:54","22 Apr 2025, 21:51","","Shoulder Press (Dumbbell)",,"",1,"normal",32,8,,,
"Puregym","22 Apr 2025, 20:54","22 Apr 2025, 21:51","","Shoulder Press (Dumbbell)",,"",2,"normal",36,8,,,
"Puregym","22 Apr 2025, 20:54","22 Apr 2025, 21:51","","Concentration Curl",,"",0,"normal",10,6,,,
"Puregym","22 Apr 2025, 20:54","22 Apr 2025, 21:51","","Seated Row (Machine)",,"",0,"normal",32,8,,,
"Puregym","22 Apr 2025, 20:54","22 Apr 2025, 21:51","","Seated Row (Machine)",,"",1,"normal",41,8,,,
"Puregym","22 Apr 2025, 20:54","22 Apr 2025, 21:51","","Seated Row (Machine)",,"",2,"normal",45,8,,,
"Puregym","22 Apr 2025, 20:54","22 Apr 2025, 21:51","","Seated Row (Machine)",,"",3,"normal",52,8,,,
"Puregym","22 Apr 2025, 20:54","22 Apr 2025, 21:51","","Seated Row (Machine)",,"",4,"normal",45,8,,,
"Puregym","22 Apr 2025, 20:54","22 Apr 2025, 21:51","","Chest Press (Machine)",,"",0,"normal",39,8,,,
"Puregym","22 Apr 2025, 20:54","22 Apr 2025, 21:51","","Chest Press (Machine)",,"",1,"normal",73,8,,,
"Puregym","22 Apr 2025, 20:54","22 Apr 2025, 21:51","","Chest Press (Machine)",,"",2,"normal",73,7,,,
"Puregym","22 Apr 2025, 20:54","22 Apr 2025, 21:51","","Chest Press (Machine)",,"",3,"normal",73,7,,,
"Puregym","20 Apr 2025, 10:47","20 Apr 2025, 11:42","","Pull Up (Assisted)",,"",0,"normal",4.5,6,,,
"Puregym","20 Apr 2025, 10:47","20 Apr 2025, 11:42","","Pull Up (Assisted)",,"",1,"normal",4.5,6,,,
"Puregym","20 Apr 2025, 10:47","20 Apr 2025, 11:42","","Pull Up (Assisted)",,"",2,"normal",4.5,8,,,
"Puregym","20 Apr 2025, 10:47","20 Apr 2025, 11:42","","Butterfly (Pec Deck)",,"",0,"normal",66,8,,,
"Puregym","20 Apr 2025, 10:47","20 Apr 2025, 11:42","","Butterfly (Pec Deck)",,"",1,"normal",113,8,,,
"Puregym","20 Apr 2025, 10:47","20 Apr 2025, 11:42","","Butterfly (Pec Deck)",,"",2,"normal",120,8,,,
"Puregym","20 Apr 2025, 10:47","20 Apr 2025, 11:42","","Butterfly (Pec Deck)",,"",3,"normal",120,8,,,
"Puregym","20 Apr 2025, 10:47","20 Apr 2025, 11:42","","Cable Twist (Down to up)",,"",0,"normal",5.7,8,,,
"Puregym","20 Apr 2025, 10:47","20 Apr 2025, 11:42","","Cable Twist (Down to up)",,"",1,"normal",10.2,8,,,
"Puregym","20 Apr 2025, 10:47","20 Apr 2025, 11:42","","Cable Twist (Down to up)",,"",2,"normal",12.5,8,,,
"Puregym","20 Apr 2025, 10:47","20 Apr 2025, 11:42","","Seated Row (Machine)",,"",0,"normal",32,8,,,
"Puregym","20 Apr 2025, 10:47","20 Apr 2025, 11:42","","Seated Row (Machine)",,"",1,"normal",52,8,,,
"Puregym","20 Apr 2025, 10:47","20 Apr 2025, 11:42","","Seated Row (Machine)",,"",2,"normal",36,8,,,
"Puregym","20 Apr 2025, 10:47","20 Apr 2025, 11:42","","Seated Row (Machine)",,"",3,"normal",36,8,,,
"Puregym","20 Apr 2025, 10:47","20 Apr 2025, 11:42","","Seated Row (Machine)",,"",4,"normal",41,8,,,
"Puregym","20 Apr 2025, 10:47","20 Apr 2025, 11:42","","Reverse Lunge (Dumbbell)",,"",0,"normal",,8,,,
"Puregym","20 Apr 2025, 10:47","20 Apr 2025, 11:42","","Superman",,"",0,"normal",,8,,,
"Puregym","20 Apr 2025, 10:47","20 Apr 2025, 11:42","","Superman",,"",1,"normal",,8,,,
"Puregym","20 Apr 2025, 10:47","20 Apr 2025, 11:42","","Plank",,"",0,"normal",,,,120,
"Puregym","17 Apr 2025, 20:39","17 Apr 2025, 21:43","","Pull Up (Assisted)",,"",0,"normal",9,6,,,
"Puregym","17 Apr 2025, 20:39","17 Apr 2025, 21:43","","Pull Up (Assisted)",,"",1,"normal",,4,,,
"Puregym","17 Apr 2025, 20:39","17 Apr 2025, 21:43","","Pull Up (Assisted)",,"",2,"normal",4.5,5,,,
"Puregym","17 Apr 2025, 20:39","17 Apr 2025, 21:43","","Butterfly (Pec Deck)",,"",0,"normal",66,8,,,
"Puregym","17 Apr 2025, 20:39","17 Apr 2025, 21:43","","Butterfly (Pec Deck)",,"",1,"normal",113,8,,,
"Puregym","17 Apr 2025, 20:39","17 Apr 2025, 21:43","","Butterfly (Pec Deck)",,"",2,"normal",120,8,,,
"Puregym","17 Apr 2025, 20:39","17 Apr 2025, 21:43","","Butterfly (Pec Deck)",,"",3,"normal",120,8,,,
"Puregym","17 Apr 2025, 20:39","17 Apr 2025, 21:43","","Seated Row (Machine)",,"",0,"normal",32,8,,,
"Puregym","17 Apr 2025, 20:39","17 Apr 2025, 21:43","","Seated Row (Machine)",,"",1,"normal",52,8,,,
"Puregym","17 Apr 2025, 20:39","17 Apr 2025, 21:43","","Seated Row (Machine)",,"",2,"normal",52,8,,,
"Puregym","17 Apr 2025, 20:39","17 Apr 2025, 21:43","","Seated Row (Machine)",,"",3,"normal",52,8,,,
"Puregym","17 Apr 2025, 20:39","17 Apr 2025, 21:43","","Superman",,"",0,"normal",,8,,,
"Puregym","17 Apr 2025, 20:39","17 Apr 2025, 21:43","","Superman",,"",1,"normal",,8,,,
"Puregym","17 Apr 2025, 20:39","17 Apr 2025, 21:43","","Reverse Lunge (Dumbbell)",,"",0,"normal",,8,,,
"Puregym","17 Apr 2025, 20:39","17 Apr 2025, 21:43","","Reverse Lunge (Dumbbell)",,"",1,"normal",10,8,,,
"Puregym","17 Apr 2025, 20:39","17 Apr 2025, 21:43","","Reverse Lunge (Dumbbell)",,"",2,"normal",16,8,,,
"Puregym","17 Apr 2025, 20:39","17 Apr 2025, 21:43","","Reverse Lunge (Dumbbell)",,"",3,"normal",16,8,,,
"Puregym","17 Apr 2025, 20:39","17 Apr 2025, 21:43","","Plank",,"",0,"normal",,,,160,
"Puregym","17 Apr 2025, 20:39","17 Apr 2025, 21:43","","Shoulder Press (Dumbbell)",,"",0,"normal",20,8,,,
"Puregym","17 Apr 2025, 20:39","17 Apr 2025, 21:43","","Shoulder Press (Dumbbell)",,"",1,"normal",32,8,,,
"Puregym","17 Apr 2025, 20:39","17 Apr 2025, 21:43","","Shoulder Press (Dumbbell)",,"",2,"normal",32,8,,,
"Puregym","17 Apr 2025, 20:39","17 Apr 2025, 21:43","","Shoulder Press (Dumbbell)",,"",3,"normal",36,6,,,
"Puregym","17 Apr 2025, 20:39","17 Apr 2025, 21:43","","Cable Twist (Down to up)",,"",0,"normal",6.8,8,,,
"Puregym","17 Apr 2025, 20:39","17 Apr 2025, 21:43","","Cable Twist (Down to up)",,"",1,"normal",9,8,,,
"Puregym","17 Apr 2025, 20:39","17 Apr 2025, 21:43","","Cable Twist (Down to up)",,"",2,"normal",11.3,8,,,
"Puregym","17 Apr 2025, 20:39","17 Apr 2025, 21:43","","Single leg sit-to-stand",,"",0,"normal",,8,,,
"Puregym","17 Apr 2025, 20:39","17 Apr 2025, 21:43","","Single leg sit-to-stand",,"",1,"normal",,8,,,
"Puregym","17 Apr 2025, 20:39","17 Apr 2025, 21:43","","Chest Press (Machine)",,"",0,"normal",39,8,,,
"Puregym","17 Apr 2025, 20:39","17 Apr 2025, 21:43","","Chest Press (Machine)",,"",1,"normal",73,8,,,
"Puregym","17 Apr 2025, 20:39","17 Apr 2025, 21:43","","Chest Press (Machine)",,"",2,"normal",79,8,,,
"Puregym","17 Apr 2025, 20:39","17 Apr 2025, 21:43","","Chest Press (Machine)",,"",3,"normal",79,8,,,
"Puregym","14 Apr 2025, 20:28","14 Apr 2025, 20:39","","Superman",,"",0,"normal",,8,,,
"Puregym","14 Apr 2025, 20:28","14 Apr 2025, 20:39","","Superman",,"",1,"normal",,8,,,
"Puregym","14 Apr 2025, 20:28","14 Apr 2025, 20:39","","Reverse Lunge (Dumbbell)",,"",0,"normal",,8,,,
"Puregym","14 Apr 2025, 20:28","14 Apr 2025, 20:39","","Reverse Lunge (Dumbbell)",,"",1,"normal",10,8,,,
"Puregym","14 Apr 2025, 20:28","14 Apr 2025, 20:39","","Reverse Lunge (Dumbbell)",,"",2,"normal",,8,,,
"Puregym","14 Apr 2025, 20:28","14 Apr 2025, 20:39","","Plank",,"",0,"normal",,,,200,
"Puregym","14 Apr 2025, 20:28","14 Apr 2025, 20:39","","Cable Twist (Up to down)",,"",0,"normal",4.5,8,,,
"Puregym","14 Apr 2025, 20:28","14 Apr 2025, 20:39","","Cable Twist (Up to down)",,"",1,"normal",9,8,,,
"Puregym","14 Apr 2025, 20:28","14 Apr 2025, 20:39","","Cable Twist (Up to down)",,"",2,"normal",9,8,,,
"Puregym","13 Apr 2025, 11:30","13 Apr 2025, 12:10","","Pull Up (Assisted)",,"",0,"normal",9,6,,,
"Puregym","13 Apr 2025, 11:30","13 Apr 2025, 12:10","","Pull Up (Assisted)",,"",1,"normal",4.5,6,,,
"Puregym","13 Apr 2025, 11:30","13 Apr 2025, 12:10","","Pull Up (Assisted)",,"",2,"normal",4.5,5,,,
"Puregym","13 Apr 2025, 11:30","13 Apr 2025, 12:10","","Cable Twist (Down to up)",,"",0,"normal",3.4,8,,,
"Puregym","13 Apr 2025, 11:30","13 Apr 2025, 12:10","","Cable Twist (Down to up)",,"",1,"normal",5.7,8,,,
"Puregym","13 Apr 2025, 11:30","13 Apr 2025, 12:10","","Cable Twist (Down to up)",,"",2,"normal",7.9,8,,,
"Puregym","13 Apr 2025, 11:30","13 Apr 2025, 12:10","","Butterfly (Pec Deck)",,"",0,"normal",66,8,,,
"Puregym","13 Apr 2025, 11:30","13 Apr 2025, 12:10","","Butterfly (Pec Deck)",,"",1,"normal",113,8,,,
"Puregym","13 Apr 2025, 11:30","13 Apr 2025, 12:10","","Butterfly (Pec Deck)",,"",2,"normal",120,8,,,
"Puregym","13 Apr 2025, 11:30","13 Apr 2025, 12:10","","Butterfly (Pec Deck)",,"",3,"normal",120,8,,,
"Puregym","13 Apr 2025, 11:30","13 Apr 2025, 12:10","","Seated Row (Machine)",,"",0,"normal",32,8,,,
"Puregym","13 Apr 2025, 11:30","13 Apr 2025, 12:10","","Seated Row (Machine)",,"",1,"normal",52,8,,,
"Puregym","13 Apr 2025, 11:30","13 Apr 2025, 12:10","","Chest Press (Machine)",,"",0,"normal",39,8,,,
"Puregym","13 Apr 2025, 11:30","13 Apr 2025, 12:10","","Chest Press (Machine)",,"",1,"normal",73,8,,,
"Puregym","13 Apr 2025, 11:30","13 Apr 2025, 12:10","","Chest Press (Machine)",,"",2,"normal",73,8,,,
"Puregym","13 Apr 2025, 11:30","13 Apr 2025, 12:10","","Superman",,"",0,"normal",,8,,,
"Puregym","13 Apr 2025, 11:30","13 Apr 2025, 12:10","","Superman",,"",1,"normal",,8,,,
"Puregym","13 Apr 2025, 11:30","13 Apr 2025, 12:10","","Shoulder Press (Dumbbell)",,"",0,"normal",24,8,,,
"Puregym","13 Apr 2025, 11:30","13 Apr 2025, 12:10","","Shoulder Press (Dumbbell)",,"",1,"normal",32,8,,,
"Puregym","13 Apr 2025, 11:30","13 Apr 2025, 12:10","","Concentration Curl",,"",0,"normal",10,6,,,
"Puregym","13 Apr 2025, 11:30","13 Apr 2025, 12:10","","Concentration Curl",,"",1,"normal",16,8,,,
"Puregym","10 Apr 2025, 19:53","10 Apr 2025, 20:45","","Pull Up (Assisted)",,"",0,"normal",9,6,,,
"Puregym","10 Apr 2025, 19:53","10 Apr 2025, 20:45","","Pull Up (Assisted)",,"",1,"normal",4.5,6,,,
"Puregym","10 Apr 2025, 19:53","10 Apr 2025, 20:45","","Pull Up (Assisted)",,"",2,"normal",,5,,,
"Puregym","10 Apr 2025, 19:53","10 Apr 2025, 20:45","","Pull Up (Assisted)",,"",3,"normal",4.5,6,,,
"Puregym","10 Apr 2025, 19:53","10 Apr 2025, 20:45","","Butterfly (Pec Deck)",,"",0,"normal",66,8,,,
"Puregym","10 Apr 2025, 19:53","10 Apr 2025, 20:45","","Butterfly (Pec Deck)",,"",1,"normal",113,8,,,
"Puregym","10 Apr 2025, 19:53","10 Apr 2025, 20:45","","Butterfly (Pec Deck)",,"",2,"normal",120,8,,,
"Puregym","10 Apr 2025, 19:53","10 Apr 2025, 20:45","","Butterfly (Pec Deck)",,"",3,"normal",120,8,,,
"Puregym","10 Apr 2025, 19:53","10 Apr 2025, 20:45","","Reverse Lunge (Dumbbell)",,"",0,"normal",,8,,,
"Puregym","10 Apr 2025, 19:53","10 Apr 2025, 20:45","","Reverse Lunge (Dumbbell)",,"",1,"normal",10,8,,,
"Puregym","10 Apr 2025, 19:53","10 Apr 2025, 20:45","","Plank",,"",0,"normal",,,,195,
"Puregym","10 Apr 2025, 19:53","10 Apr 2025, 20:45","","Seated Row (Machine)",,"",0,"normal",32,8,,,
"Puregym","10 Apr 2025, 19:53","10 Apr 2025, 20:45","","Seated Row (Machine)",,"",1,"normal",52,8,,,
"Puregym","10 Apr 2025, 19:53","10 Apr 2025, 20:45","","Seated Row (Machine)",,"",2,"normal",52,8,,,
"Puregym","10 Apr 2025, 19:53","10 Apr 2025, 20:45","","Seated Row (Machine)",,"",3,"normal",52,8,,,
"Puregym","10 Apr 2025, 19:53","10 Apr 2025, 20:45","","Concentration Curl",,"",0,"normal",10,6,,,
"Puregym","10 Apr 2025, 19:53","10 Apr 2025, 20:45","","Concentration Curl",,"",1,"normal",16,6,,,
"Puregym","10 Apr 2025, 19:53","10 Apr 2025, 20:45","","Concentration Curl",,"",2,"normal",16,6,,,
"Puregym","10 Apr 2025, 19:53","10 Apr 2025, 20:45","","Shoulder Press (Dumbbell)",,"",0,"normal",24,8,,,
"Puregym","10 Apr 2025, 19:53","10 Apr 2025, 20:45","","Shoulder Press (Dumbbell)",,"",1,"normal",32,8,,,
"Puregym","10 Apr 2025, 19:53","10 Apr 2025, 20:45","","Shoulder Press (Dumbbell)",,"",2,"normal",32,8,,,
"Puregym","7 Apr 2025, 19:49","7 Apr 2025, 20:29","","Reverse Lunge (Dumbbell)",,"",0,"normal",,8,,,
"Puregym","7 Apr 2025, 19:49","7 Apr 2025, 20:29","","Reverse Lunge (Dumbbell)",,"",1,"normal",10,8,,,
"Puregym","7 Apr 2025, 19:49","7 Apr 2025, 20:29","","Reverse Lunge (Dumbbell)",,"",2,"normal",20,8,,,
"Puregym","7 Apr 2025, 19:49","7 Apr 2025, 20:29","","Pull Up (Assisted)",,"",0,"normal",9,6,,,
"Puregym","7 Apr 2025, 19:49","7 Apr 2025, 20:29","","Pull Up (Assisted)",,"",1,"normal",4.5,6,,,
"Puregym","7 Apr 2025, 19:49","7 Apr 2025, 20:29","","Pull Up (Assisted)",,"",2,"normal",,5,,,
"Puregym","7 Apr 2025, 19:49","7 Apr 2025, 20:29","","Chest Press (Machine)",,"",0,"normal",39,8,,,
"Puregym","7 Apr 2025, 19:49","7 Apr 2025, 20:29","","Chest Press (Machine)",,"",1,"normal",73,8,,,
"Puregym","7 Apr 2025, 19:49","7 Apr 2025, 20:29","","Seated Row (Machine)",,"",0,"normal",32,8,,,
"Puregym","7 Apr 2025, 19:49","7 Apr 2025, 20:29","","Seated Row (Machine)",,"",1,"normal",52,8,,,
"Puregym","7 Apr 2025, 19:49","7 Apr 2025, 20:29","","Butterfly (Pec Deck)",,"",0,"normal",66,8,,,
"Puregym","7 Apr 2025, 19:49","7 Apr 2025, 20:29","","Butterfly (Pec Deck)",,"",1,"normal",107,8,,,
"Puregym","7 Apr 2025, 19:49","7 Apr 2025, 20:29","","Butterfly (Pec Deck)",,"",2,"normal",113,8,,,
"Puregym","7 Apr 2025, 19:49","7 Apr 2025, 20:29","","Plank",,"",0,"normal",,,,150,
"Puregym","6 Apr 2025, 09:48","6 Apr 2025, 10:36","","Seated Row (Machine)",,"",0,"normal",32,8,,,
"Puregym","6 Apr 2025, 09:48","6 Apr 2025, 10:36","","Seated Row (Machine)",,"",1,"normal",52,8,,,
"Puregym","6 Apr 2025, 09:48","6 Apr 2025, 10:36","","Seated Row (Machine)",,"",2,"normal",52,8,,,
"Puregym","6 Apr 2025, 09:48","6 Apr 2025, 10:36","","Seated Row (Machine)",,"",3,"normal",52,8,,,
"Puregym","6 Apr 2025, 09:48","6 Apr 2025, 10:36","","Butterfly (Pec Deck)",,"",0,"normal",66,8,,,
"Puregym","6 Apr 2025, 09:48","6 Apr 2025, 10:36","","Butterfly (Pec Deck)",,"",1,"normal",86,4,,,
"Puregym","6 Apr 2025, 09:48","6 Apr 2025, 10:36","","Butterfly (Pec Deck)",,"",2,"normal",100,8,,,
"Puregym","6 Apr 2025, 09:48","6 Apr 2025, 10:36","","Butterfly (Pec Deck)",,"",3,"normal",113,8,,,
"Puregym","6 Apr 2025, 09:48","6 Apr 2025, 10:36","","Butterfly (Pec Deck)",,"",4,"normal",113,8,,,
"Puregym","6 Apr 2025, 09:48","6 Apr 2025, 10:36","","Pull Up (Assisted)",,"",0,"normal",9,4,,,
"Puregym","6 Apr 2025, 09:48","6 Apr 2025, 10:36","","Pull Up (Assisted)",,"",1,"normal",4.5,6,,,
"Puregym","6 Apr 2025, 09:48","6 Apr 2025, 10:36","","Pull Up (Assisted)",,"",2,"normal",4.5,5,,,
"Puregym","6 Apr 2025, 09:48","6 Apr 2025, 10:36","","Chest Press (Machine)",,"",0,"normal",39,8,,,
"Puregym","6 Apr 2025, 09:48","6 Apr 2025, 10:36","","Chest Press (Machine)",,"",1,"normal",73,8,,,
"Puregym","6 Apr 2025, 09:48","6 Apr 2025, 10:36","","Plank",,"",0,"normal",,,,154,
"Puregym","6 Apr 2025, 09:48","6 Apr 2025, 10:36","","Reverse Lunge (Dumbbell)",,"",0,"normal",,8,,,
"Puregym","6 Apr 2025, 09:48","6 Apr 2025, 10:36","","Reverse Lunge (Dumbbell)",,"",1,"normal",15,8,,,
"Puregym","6 Apr 2025, 09:48","6 Apr 2025, 10:36","","Reverse Lunge (Dumbbell)",,"",2,"normal",15,8,,,
"Puregym","6 Apr 2025, 09:48","6 Apr 2025, 10:36","","Concentration Curl",,"",0,"normal",10,8,,,
"Puregym","6 Apr 2025, 09:48","6 Apr 2025, 10:36","","Concentration Curl",,"",1,"normal",16,8,,,
"Puregym","6 Apr 2025, 09:48","6 Apr 2025, 10:36","","Concentration Curl",,"",2,"normal",16,6,,,
"Puregym","2 Apr 2025, 21:11","2 Apr 2025, 21:42","","Pull Up (Assisted)",,"",0,"normal",4.5,6,,,
"Puregym","2 Apr 2025, 21:11","2 Apr 2025, 21:42","","Pull Up (Assisted)",,"",1,"normal",4.5,6,,,
"Puregym","2 Apr 2025, 21:11","2 Apr 2025, 21:42","","Pull Up (Assisted)",,"",2,"normal",4.5,6,,,
"Puregym","2 Apr 2025, 21:11","2 Apr 2025, 21:42","","Butterfly (Pec Deck)",,"",0,"normal",66,8,,,
"Puregym","2 Apr 2025, 21:11","2 Apr 2025, 21:42","","Butterfly (Pec Deck)",,"",1,"normal",120,8,,,
"Puregym","2 Apr 2025, 21:11","2 Apr 2025, 21:42","","Butterfly (Pec Deck)",,"",2,"normal",120,8,,,
"Puregym","2 Apr 2025, 21:11","2 Apr 2025, 21:42","","Butterfly (Pec Deck)",,"",3,"normal",120,8,,,
"Puregym","2 Apr 2025, 21:11","2 Apr 2025, 21:42","","Shoulder Press (Dumbbell)",,"",0,"normal",24,8,,,
"Puregym","2 Apr 2025, 21:11","2 Apr 2025, 21:42","","Shoulder Press (Dumbbell)",,"",1,"normal",36,6,,,
"Puregym","2 Apr 2025, 21:11","2 Apr 2025, 21:42","","Concentration Curl",,"",0,"normal",10,6,,,
"Puregym","2 Apr 2025, 21:11","2 Apr 2025, 21:42","","Concentration Curl",,"",1,"normal",16,8,,,
"Puregym","31 Mar 2025, 18:36","31 Mar 2025, 19:18","","Pull Up (Assisted)",,"",0,"normal",9,6,,,
"Puregym","31 Mar 2025, 18:36","31 Mar 2025, 19:18","","Pull Up (Assisted)",,"",1,"normal",4.5,6,,,
"Puregym","31 Mar 2025, 18:36","31 Mar 2025, 19:18","","Pull Up (Assisted)",,"",2,"normal",4.5,4,,,
"Puregym","31 Mar 2025, 18:36","31 Mar 2025, 19:18","","Lunge (Dumbbell)",,"",0,"normal",,8,,,
"Puregym","31 Mar 2025, 18:36","31 Mar 2025, 19:18","","Lunge (Dumbbell)",,"",1,"normal",15,8,,,
"Puregym","31 Mar 2025, 18:36","31 Mar 2025, 19:18","","Lunge (Dumbbell)",,"",2,"normal",15,8,,,
"Puregym","31 Mar 2025, 18:36","31 Mar 2025, 19:18","","Single leg sit-to-stand",,"",0,"normal",,8,,,
"Puregym","31 Mar 2025, 18:36","31 Mar 2025, 19:18","","Single leg sit-to-stand",,"",1,"normal",,8,,,
"Puregym","31 Mar 2025, 18:36","31 Mar 2025, 19:18","","Plank",,"",0,"normal",,,,120,
"Puregym","31 Mar 2025, 18:36","31 Mar 2025, 19:18","","Concentration Curl",,"",0,"normal",10,8,,,
"Puregym","31 Mar 2025, 18:36","31 Mar 2025, 19:18","","Concentration Curl",,"",1,"normal",16,8,,,
"Puregym","31 Mar 2025, 18:36","31 Mar 2025, 19:18","","Concentration Curl",,"",2,"normal",16,6,,,
"Puregym","31 Mar 2025, 18:36","31 Mar 2025, 19:18","","Shoulder Press (Dumbbell)",,"",0,"normal",24,8,,,
"Puregym","31 Mar 2025, 18:36","31 Mar 2025, 19:18","","Shoulder Press (Dumbbell)",,"",1,"normal",32,6,,,
"Puregym","31 Mar 2025, 18:36","31 Mar 2025, 19:18","","Shoulder Press (Dumbbell)",,"",2,"normal",36,8,,,
"Puregym","31 Mar 2025, 18:36","31 Mar 2025, 19:18","","Shoulder Press (Dumbbell)",,"",3,"normal",36,8,,,
"Puregym","31 Mar 2025, 18:36","31 Mar 2025, 19:18","","Seated Row (Machine)",,"",0,"normal",32,8,,,
"Puregym","31 Mar 2025, 18:36","31 Mar 2025, 19:18","","Seated Row (Machine)",,"",1,"normal",52,8,,,
"Puregym","31 Mar 2025, 18:36","31 Mar 2025, 19:18","","Seated Row (Machine)",,"",2,"normal",52,8,,,
"Puregym","31 Mar 2025, 18:36","31 Mar 2025, 19:18","","Seated Row (Machine)",,"",3,"normal",52,8,,,
"Puregym","31 Mar 2025, 18:36","31 Mar 2025, 19:18","","Butterfly (Pec Deck)",,"",0,"normal",66,8,,,
"Puregym","31 Mar 2025, 18:36","31 Mar 2025, 19:18","","Butterfly (Pec Deck)",,"",1,"normal",120,8,,,
"Puregym","31 Mar 2025, 18:36","31 Mar 2025, 19:18","","Butterfly (Pec Deck)",,"",2,"normal",120,8,,,
"Puregym","31 Mar 2025, 18:36","31 Mar 2025, 19:18","","Chest Press (Machine)",,"",0,"normal",39,8,,,
"Puregym","29 Mar 2025, 13:19","29 Mar 2025, 14:25","","Pull Up (Assisted)",,"",0,"normal",9,8,,,
"Puregym","29 Mar 2025, 13:19","29 Mar 2025, 14:25","","Pull Up (Assisted)",,"",1,"normal",4.5,6,,,
"Puregym","29 Mar 2025, 13:19","29 Mar 2025, 14:25","","Pull Up (Assisted)",,"",2,"normal",4.5,6,,,
"Puregym","29 Mar 2025, 13:19","29 Mar 2025, 14:25","","Pull Up (Assisted)",,"",3,"normal",4.5,6,,,
"Puregym","29 Mar 2025, 13:19","29 Mar 2025, 14:25","","Butterfly (Pec Deck)",,"",0,"normal",66,8,,,
"Puregym","29 Mar 2025, 13:19","29 Mar 2025, 14:25","","Butterfly (Pec Deck)",,"",1,"normal",120,8,,,
"Puregym","29 Mar 2025, 13:19","29 Mar 2025, 14:25","","Butterfly (Pec Deck)",,"",2,"normal",120,8,,,
"Puregym","29 Mar 2025, 13:19","29 Mar 2025, 14:25","","Butterfly (Pec Deck)",,"",3,"normal",120,8,,,
"Puregym","29 Mar 2025, 13:19","29 Mar 2025, 14:25","","Lunge (Dumbbell)",,"",0,"normal",,8,,,
"Puregym","29 Mar 2025, 13:19","29 Mar 2025, 14:25","","Lunge (Dumbbell)",,"",1,"normal",15,8,,,
"Puregym","29 Mar 2025, 13:19","29 Mar 2025, 14:25","","Lunge (Dumbbell)",,"",2,"normal",30,8,,,
"Puregym","29 Mar 2025, 13:19","29 Mar 2025, 14:25","","Lunge (Dumbbell)",,"",3,"normal",30,8,,,
"Puregym","29 Mar 2025, 13:19","29 Mar 2025, 14:25","","Single leg sit-to-stand",,"",0,"normal",,8,,,
"Puregym","29 Mar 2025, 13:19","29 Mar 2025, 14:25","","Single leg sit-to-stand",,"",1,"normal",,8,,,
"Puregym","29 Mar 2025, 13:19","29 Mar 2025, 14:25","","Plank",,"",0,"normal",,,,181,
"Puregym","29 Mar 2025, 13:19","29 Mar 2025, 14:25","","Seated Row (Machine)",,"",0,"normal",32,8,,,
"Puregym","29 Mar 2025, 13:19","29 Mar 2025, 14:25","","Seated Row (Machine)",,"",1,"normal",52,8,,,
"Puregym","29 Mar 2025, 13:19","29 Mar 2025, 14:25","","Seated Row (Machine)",,"",2,"normal",52,8,,,
"Puregym","29 Mar 2025, 13:19","29 Mar 2025, 14:25","","Seated Row (Machine)",,"",3,"normal",52,8,,,
"Puregym","29 Mar 2025, 13:19","29 Mar 2025, 14:25","","Chest Press (Machine)",,"",0,"normal",39,8,,,
"Puregym","29 Mar 2025, 13:19","29 Mar 2025, 14:25","","Chest Press (Machine)",,"",1,"normal",79,8,,,
"Puregym","29 Mar 2025, 13:19","29 Mar 2025, 14:25","","Chest Press (Machine)",,"",2,"normal",79,8,,,
"Puregym","29 Mar 2025, 13:19","29 Mar 2025, 14:25","","Chest Press (Machine)",,"",3,"normal",79,8,,,
"Puregym","29 Mar 2025, 13:19","29 Mar 2025, 14:25","","Concentration Curl",,"",0,"normal",10,8,,,
"Puregym","29 Mar 2025, 13:19","29 Mar 2025, 14:25","","Concentration Curl",,"",1,"normal",16,6,,,
"Puregym","29 Mar 2025, 13:19","29 Mar 2025, 14:25","","Concentration Curl",,"",2,"normal",16,6,,,
"Puregym","27 Mar 2025, 21:04","27 Mar 2025, 21:50","","Pull Up (Assisted)",,"",0,"normal",9,8,,,
"Puregym","27 Mar 2025, 21:04","27 Mar 2025, 21:50","","Pull Up (Assisted)",,"",1,"normal",4.5,6,,,
"Puregym","27 Mar 2025, 21:04","27 Mar 2025, 21:50","","Pull Up (Assisted)",,"",2,"normal",4.5,6,,,
"Puregym","27 Mar 2025, 21:04","27 Mar 2025, 21:50","","Pull Up (Assisted)",,"",3,"normal",4.5,5,,,
"Puregym","27 Mar 2025, 21:04","27 Mar 2025, 21:50","","Butterfly (Pec Deck)",,"",0,"normal",66,8,,,
"Puregym","27 Mar 2025, 21:04","27 Mar 2025, 21:50","","Butterfly (Pec Deck)",,"",1,"normal",120,8,,,
"Puregym","27 Mar 2025, 21:04","27 Mar 2025, 21:50","","Butterfly (Pec Deck)",,"",2,"normal",120,8,,,
"Puregym","27 Mar 2025, 21:04","27 Mar 2025, 21:50","","Butterfly (Pec Deck)",,"",3,"normal",120,6,,,
"Puregym","27 Mar 2025, 21:04","27 Mar 2025, 21:50","","Seated Row (Machine)",,"",0,"normal",32,8,,,
"Puregym","27 Mar 2025, 21:04","27 Mar 2025, 21:50","","Seated Row (Machine)",,"",1,"normal",52,8,,,
"Puregym","27 Mar 2025, 21:04","27 Mar 2025, 21:50","","Shoulder Press (Dumbbell)",,"",0,"normal",24,8,,,
"Puregym","27 Mar 2025, 21:04","27 Mar 2025, 21:50","","Shoulder Press (Dumbbell)",,"",1,"normal",32,6,,,
"Puregym","27 Mar 2025, 21:04","27 Mar 2025, 21:50","","Shoulder Press (Dumbbell)",,"",2,"normal",32,8,,,
"Puregym","27 Mar 2025, 21:04","27 Mar 2025, 21:50","","Concentration Curl",,"",0,"normal",10,8,,,
"Puregym","27 Mar 2025, 21:04","27 Mar 2025, 21:50","","Concentration Curl",,"",1,"normal",16,6,,,
"Puregym","27 Mar 2025, 21:04","27 Mar 2025, 21:50","","Concentration Curl",,"",2,"normal",16,6,,,
"Puregym","27 Mar 2025, 21:04","27 Mar 2025, 21:50","","Lunge (Dumbbell)",,"",0,"normal",,10,,,
"Puregym","27 Mar 2025, 21:04","27 Mar 2025, 21:50","","Lunge (Dumbbell)",,"",1,"normal",15,8,,,
"Puregym","27 Mar 2025, 21:04","27 Mar 2025, 21:50","","Lunge (Dumbbell)",,"",2,"normal",25,8,,,
"Puregym","27 Mar 2025, 21:04","27 Mar 2025, 21:50","","Lunge (Dumbbell)",,"",3,"normal",15,2,,,
"Puregym","27 Mar 2025, 21:04","27 Mar 2025, 21:50","","Plank",,"",0,"normal",,,,121,
"Puregym","22 Mar 2025, 11:30","22 Mar 2025, 12:35","","Pull Up (Assisted)",,"",0,"normal",9,8,,,
"Puregym","22 Mar 2025, 11:30","22 Mar 2025, 12:35","","Pull Up (Assisted)",,"",1,"normal",4.5,6,,,
"Puregym","22 Mar 2025, 11:30","22 Mar 2025, 12:35","","Pull Up (Assisted)",,"",2,"normal",4.5,6,,,
"Puregym","22 Mar 2025, 11:30","22 Mar 2025, 12:35","","Pull Up (Assisted)",,"",3,"normal",4.5,5,,,
"Puregym","22 Mar 2025, 11:30","22 Mar 2025, 12:35","","Butterfly (Pec Deck)",,"",0,"normal",66,8,,,
"Puregym","22 Mar 2025, 11:30","22 Mar 2025, 12:35","","Butterfly (Pec Deck)",,"",1,"normal",120,8,,,
"Puregym","22 Mar 2025, 11:30","22 Mar 2025, 12:35","","Butterfly (Pec Deck)",,"",2,"normal",120,8,,,
"Puregym","22 Mar 2025, 11:30","22 Mar 2025, 12:35","","Butterfly (Pec Deck)",,"",3,"normal",120,8,,,
"Puregym","22 Mar 2025, 11:30","22 Mar 2025, 12:35","","Seated Row (Machine)",,"",0,"normal",32,8,,,
"Puregym","22 Mar 2025, 11:30","22 Mar 2025, 12:35","","Seated Row (Machine)",,"",1,"normal",52,8,,,
"Puregym","22 Mar 2025, 11:30","22 Mar 2025, 12:35","","Seated Row (Machine)",,"",2,"normal",52,8,,,
"Puregym","22 Mar 2025, 11:30","22 Mar 2025, 12:35","","Seated Row (Machine)",,"",3,"normal",52,8,,,
"Puregym","22 Mar 2025, 11:30","22 Mar 2025, 12:35","","Chest Press (Machine)",,"",0,"normal",39,8,,,
"Puregym","22 Mar 2025, 11:30","22 Mar 2025, 12:35","","Chest Press (Machine)",,"",1,"normal",73,8,,,
"Puregym","22 Mar 2025, 11:30","22 Mar 2025, 12:35","","Chest Press (Machine)",,"",2,"normal",73,8,,,
"Puregym","22 Mar 2025, 11:30","22 Mar 2025, 12:35","","Chest Press (Machine)",,"",3,"normal",73,8,,,
"Puregym","22 Mar 2025, 11:30","22 Mar 2025, 12:35","","Shoulder Press (Dumbbell)",,"",0,"normal",24,8,,,
"Puregym","22 Mar 2025, 11:30","22 Mar 2025, 12:35","","Shoulder Press (Dumbbell)",,"",1,"normal",36,6,,,
"Puregym","22 Mar 2025, 11:30","22 Mar 2025, 12:35","","Shoulder Press (Dumbbell)",,"",2,"normal",32,8,,,
"Puregym","22 Mar 2025, 11:30","22 Mar 2025, 12:35","","Shoulder Press (Dumbbell)",,"",3,"normal",32,8,,,
"Puregym","22 Mar 2025, 11:30","22 Mar 2025, 12:35","","Concentration Curl",,"",0,"normal",10,8,,,
"Puregym","22 Mar 2025, 11:30","22 Mar 2025, 12:35","","Concentration Curl",,"",1,"normal",16,8,,,
"Puregym","22 Mar 2025, 11:30","22 Mar 2025, 12:35","","Concentration Curl",,"",2,"normal",16,5,,,
"Puregym","22 Mar 2025, 11:30","22 Mar 2025, 12:35","","Lunge (Dumbbell)",,"",0,"normal",,8,,,
"Puregym","22 Mar 2025, 11:30","22 Mar 2025, 12:35","","Lunge (Dumbbell)",,"",1,"normal",15,6,,,
"Puregym","22 Mar 2025, 11:30","22 Mar 2025, 12:35","","Lunge (Dumbbell)",,"",2,"normal",30,8,,,
"Puregym","22 Mar 2025, 11:30","22 Mar 2025, 12:35","","Lunge (Dumbbell)",,"",3,"normal",30,8,,,
"Puregym","22 Mar 2025, 11:30","22 Mar 2025, 12:35","","Plank",,"",0,"normal",,,,160,
"Puregym","22 Mar 2025, 11:30","22 Mar 2025, 12:35","","Single leg sit-to-stand",,"",0,"normal",,8,,,
"Puregym","22 Mar 2025, 11:30","22 Mar 2025, 12:35","","Single leg sit-to-stand",,"",1,"normal",,8,,,
"Abs","17 Mar 2025, 21:27","17 Mar 2025, 21:32","","Crunch",,"",0,"normal",,12,,,
"Abs","17 Mar 2025, 21:27","17 Mar 2025, 21:32","","Crunch",,"",1,"normal",,12,,,
"Abs","17 Mar 2025, 21:27","17 Mar 2025, 21:32","","Plank",,"",0,"normal",,,,151,
"Puregym","16 Mar 2025, 10:25","16 Mar 2025, 11:37","","Pull Up (Assisted)",,"",0,"normal",9,8,,,
"Puregym","16 Mar 2025, 10:25","16 Mar 2025, 11:37","","Pull Up (Assisted)",,"",1,"normal",4.5,6,,,
"Puregym","16 Mar 2025, 10:25","16 Mar 2025, 11:37","","Pull Up (Assisted)",,"",2,"normal",4.5,6,,,
"Puregym","16 Mar 2025, 10:25","16 Mar 2025, 11:37","","Butterfly (Pec Deck)",,"",0,"normal",66,8,,,
"Puregym","16 Mar 2025, 10:25","16 Mar 2025, 11:37","","Butterfly (Pec Deck)",,"",1,"normal",113,8,,,
"Puregym","16 Mar 2025, 10:25","16 Mar 2025, 11:37","","Butterfly (Pec Deck)",,"",2,"normal",120,8,,,
"Puregym","16 Mar 2025, 10:25","16 Mar 2025, 11:37","","Butterfly (Pec Deck)",,"",3,"normal",120,8,,,
"Puregym","16 Mar 2025, 10:25","16 Mar 2025, 11:37","","Seated Row (Machine)",,"",0,"normal",32,8,,,
"Puregym","16 Mar 2025, 10:25","16 Mar 2025, 11:37","","Seated Row (Machine)",,"",1,"normal",52,8,,,
"Puregym","16 Mar 2025, 10:25","16 Mar 2025, 11:37","","Seated Row (Machine)",,"",2,"normal",52,8,,,
"Puregym","16 Mar 2025, 10:25","16 Mar 2025, 11:37","","Seated Row (Machine)",,"",3,"normal",52,8,,,
"Puregym","16 Mar 2025, 10:25","16 Mar 2025, 11:37","","Chest Press (Machine)",,"",0,"normal",39,8,,,
"Puregym","16 Mar 2025, 10:25","16 Mar 2025, 11:37","","Chest Press (Machine)",,"",1,"normal",73,8,,,
"Puregym","16 Mar 2025, 10:25","16 Mar 2025, 11:37","","Chest Press (Machine)",,"",2,"normal",73,8,,,
"Puregym","16 Mar 2025, 10:25","16 Mar 2025, 11:37","","Chest Press (Machine)",,"",3,"normal",73,8,,,
"Puregym","16 Mar 2025, 10:25","16 Mar 2025, 11:37","","Single leg sit-to-stand",,"",0,"normal",,8,,,
"Puregym","16 Mar 2025, 10:25","16 Mar 2025, 11:37","","Single leg sit-to-stand",,"",1,"normal",,8,,,
"Puregym","16 Mar 2025, 10:25","16 Mar 2025, 11:37","","Lunge (Dumbbell)",,"",0,"normal",,10,,,
"Puregym","16 Mar 2025, 10:25","16 Mar 2025, 11:37","","Lunge (Dumbbell)",,"",1,"normal",25,8,,,
"Puregym","16 Mar 2025, 10:25","16 Mar 2025, 11:37","","Lunge (Dumbbell)",,"",2,"normal",25,8,,,
"Puregym","16 Mar 2025, 10:25","16 Mar 2025, 11:37","","Lunge (Dumbbell)",,"",3,"normal",25,8,,,
"Puregym","16 Mar 2025, 10:25","16 Mar 2025, 11:37","","Plank",,"",0,"normal",,,,140,
"Puregym","16 Mar 2025, 10:25","16 Mar 2025, 11:37","","Shoulder Press (Dumbbell)",,"",0,"normal",24,8,,,
"Puregym","16 Mar 2025, 10:25","16 Mar 2025, 11:37","","Shoulder Press (Dumbbell)",,"",1,"normal",36,8,,,
"Puregym","16 Mar 2025, 10:25","16 Mar 2025, 11:37","","Shoulder Press (Dumbbell)",,"",2,"normal",36,6,,,
"Puregym","16 Mar 2025, 10:25","16 Mar 2025, 11:37","","Shoulder Press (Dumbbell)",,"",3,"normal",36,4,,,
"Puregym","16 Mar 2025, 10:25","16 Mar 2025, 11:37","","Concentration Curl",,"",0,"normal",10,8,,,
"Puregym","16 Mar 2025, 10:25","16 Mar 2025, 11:37","","Concentration Curl",,"",1,"normal",16,6,,,
"Puregym","16 Mar 2025, 10:25","16 Mar 2025, 11:37","","Concentration Curl",,"",2,"normal",16,6,,,
"Puregym","12 Mar 2025, 21:01","12 Mar 2025, 21:46","","Pull Up (Assisted)",,"",0,"normal",14,8,,,
"Puregym","12 Mar 2025, 21:01","12 Mar 2025, 21:46","","Pull Up (Assisted)",,"",1,"normal",4.5,6,,,
"Puregym","12 Mar 2025, 21:01","12 Mar 2025, 21:46","","Pull Up (Assisted)",,"",2,"normal",,5,,,
"Puregym","12 Mar 2025, 21:01","12 Mar 2025, 21:46","","Butterfly (Pec Deck)",,"",0,"normal",66,8,,,
"Puregym","12 Mar 2025, 21:01","12 Mar 2025, 21:46","","Butterfly (Pec Deck)",,"",1,"normal",113,8,,,
"Puregym","12 Mar 2025, 21:01","12 Mar 2025, 21:46","","Butterfly (Pec Deck)",,"",2,"normal",113,8,,,
"Puregym","12 Mar 2025, 21:01","12 Mar 2025, 21:46","","Butterfly (Pec Deck)",,"",3,"normal",120,8,,,
"Puregym","12 Mar 2025, 21:01","12 Mar 2025, 21:46","","Seated Row (Machine)",,"",0,"normal",32,8,,,
"Puregym","12 Mar 2025, 21:01","12 Mar 2025, 21:46","","Seated Row (Machine)",,"",1,"normal",52,8,,,
"Puregym","12 Mar 2025, 21:01","12 Mar 2025, 21:46","","Seated Row (Machine)",,"",2,"normal",52,8,,,
"Puregym","12 Mar 2025, 21:01","12 Mar 2025, 21:46","","Seated Row (Machine)",,"",3,"normal",52,8,,,
"Puregym","12 Mar 2025, 21:01","12 Mar 2025, 21:46","","Chest Press (Machine)",,"",0,"normal",39,8,,,
"Puregym","12 Mar 2025, 21:01","12 Mar 2025, 21:46","","Chest Press (Machine)",,"",1,"normal",73,8,,,
"Puregym","12 Mar 2025, 21:01","12 Mar 2025, 21:46","","Chest Press (Machine)",,"",2,"normal",73,8,,,
"Puregym","12 Mar 2025, 21:01","12 Mar 2025, 21:46","","Chest Press (Machine)",,"",3,"normal",73,8,,,
"Puregym","12 Mar 2025, 21:01","12 Mar 2025, 21:46","","Lunge (Dumbbell)",,"",0,"normal",,10,,,
"Puregym","12 Mar 2025, 21:01","12 Mar 2025, 21:46","","Lunge (Dumbbell)",,"",1,"normal",25,8,,,
"Puregym","12 Mar 2025, 21:01","12 Mar 2025, 21:46","","Shoulder Press (Dumbbell)",,"",0,"normal",24,8,,,
"Puregym","12 Mar 2025, 21:01","12 Mar 2025, 21:46","","Shoulder Press (Dumbbell)",,"",1,"normal",36,8,,,
"Puregym","12 Mar 2025, 21:01","12 Mar 2025, 21:46","","Shoulder Press (Dumbbell)",,"",2,"normal",36,6,,,
"Puregym","12 Mar 2025, 21:01","12 Mar 2025, 21:46","","Concentration Curl",,"",0,"normal",10,8,,,
"Puregym","12 Mar 2025, 21:01","12 Mar 2025, 21:46","","Concentration Curl",,"",1,"normal",16,6,,,
"Puregym","12 Mar 2025, 21:01","12 Mar 2025, 21:46","","Concentration Curl",,"",2,"normal",16,6,,,
"Puregym","12 Mar 2025, 21:01","12 Mar 2025, 21:46","","Plank",,"",0,"normal",,,,135,
"Abs","9 Mar 2025, 10:14","9 Mar 2025, 10:20","","Crunch",,"",0,"normal",,12,,,
"Abs","9 Mar 2025, 10:14","9 Mar 2025, 10:20","","Crunch",,"",1,"normal",,12,,,
"Abs","9 Mar 2025, 10:14","9 Mar 2025, 10:20","","Crunch",,"",2,"normal",,12,,,
"Abs","9 Mar 2025, 10:14","9 Mar 2025, 10:20","","Plank",,"",0,"normal",,,,130,
"Puregym","9 Mar 2025, 09:18","9 Mar 2025, 10:18","","Pull Up (Assisted)",,"",0,"normal",14,8,,,
"Puregym","9 Mar 2025, 09:18","9 Mar 2025, 10:18","","Pull Up (Assisted)",,"",1,"normal",4.5,6,,,
"Puregym","9 Mar 2025, 09:18","9 Mar 2025, 10:18","","Pull Up (Assisted)",,"",2,"normal",4.5,6,,,
"Puregym","9 Mar 2025, 09:18","9 Mar 2025, 10:18","","Pull Up (Assisted)",,"",3,"normal",4.5,4,,,
"Puregym","9 Mar 2025, 09:18","9 Mar 2025, 10:18","","Chest Press (Machine)",,"",0,"normal",39,8,,,
"Puregym","9 Mar 2025, 09:18","9 Mar 2025, 10:18","","Chest Press (Machine)",,"",1,"normal",73,8,,,
"Puregym","9 Mar 2025, 09:18","9 Mar 2025, 10:18","","Chest Press (Machine)",,"",2,"normal",73,8,,,
"Puregym","9 Mar 2025, 09:18","9 Mar 2025, 10:18","","Seated Row (Machine)",,"",0,"normal",32,8,,,
"Puregym","9 Mar 2025, 09:18","9 Mar 2025, 10:18","","Seated Row (Machine)",,"",1,"normal",52,8,,,
"Puregym","9 Mar 2025, 09:18","9 Mar 2025, 10:18","","Seated Row (Machine)",,"",2,"normal",52,8,,,
"Puregym","9 Mar 2025, 09:18","9 Mar 2025, 10:18","","Seated Row (Machine)",,"",3,"normal",52,8,,,
"Puregym","9 Mar 2025, 09:18","9 Mar 2025, 10:18","","Shoulder Press (Dumbbell)",,"",0,"normal",24,8,,,
"Puregym","9 Mar 2025, 09:18","9 Mar 2025, 10:18","","Shoulder Press (Dumbbell)",,"",1,"normal",36,8,,,
"Puregym","9 Mar 2025, 09:18","9 Mar 2025, 10:18","","Shoulder Press (Dumbbell)",,"",2,"normal",36,8,,,
"Puregym","9 Mar 2025, 09:18","9 Mar 2025, 10:18","","Shoulder Press (Dumbbell)",,"",3,"normal",36,4,,,
"Puregym","9 Mar 2025, 09:18","9 Mar 2025, 10:18","","Concentration Curl",,"",0,"normal",10,8,,,
"Puregym","9 Mar 2025, 09:18","9 Mar 2025, 10:18","","Concentration Curl",,"",1,"normal",16,8,,,
"Puregym","9 Mar 2025, 09:18","9 Mar 2025, 10:18","","Concentration Curl",,"",2,"normal",16,5,,,
"Puregym","9 Mar 2025, 09:18","9 Mar 2025, 10:18","","Butterfly (Pec Deck)",,"",0,"normal",59,8,,,
"Puregym","9 Mar 2025, 09:18","9 Mar 2025, 10:18","","Butterfly (Pec Deck)",,"",1,"normal",113,8,,,
"Puregym","9 Mar 2025, 09:18","9 Mar 2025, 10:18","","Butterfly (Pec Deck)",,"",2,"normal",113,8,,,
"Puregym","9 Mar 2025, 09:18","9 Mar 2025, 10:18","","Butterfly (Pec Deck)",,"",3,"normal",119,8,,,
"Puregym","9 Mar 2025, 09:18","9 Mar 2025, 10:18","","Lunge (Dumbbell)",,"",0,"normal",,10,,,
"Puregym","9 Mar 2025, 09:18","9 Mar 2025, 10:18","","Lunge (Dumbbell)",,"",1,"normal",25,8,,,
"Puregym","9 Mar 2025, 09:18","9 Mar 2025, 10:18","","Lunge (Dumbbell)",,"",2,"normal",25,8,,,
"Puregym","9 Mar 2025, 09:18","9 Mar 2025, 10:18","","Lunge (Dumbbell)",,"",3,"normal",25,8,,,
"Puregym","9 Mar 2025, 09:18","9 Mar 2025, 10:18","","Single leg sit-to-stand",,"",0,"normal",,8,,,
"Puregym","9 Mar 2025, 09:18","9 Mar 2025, 10:18","","Single leg sit-to-stand",,"",1,"normal",,8,,,
"Abs","6 Mar 2025, 21:03","6 Mar 2025, 21:05","","Plank",,"",0,"normal",,,,121,
"Puregym","6 Mar 2025, 20:23","6 Mar 2025, 21:05","","Pull Up (Assisted)",,"",0,"normal",14,8,,,
"Puregym","6 Mar 2025, 20:23","6 Mar 2025, 21:05","","Pull Up (Assisted)",,"",1,"normal",9,6,,,
"Puregym","6 Mar 2025, 20:23","6 Mar 2025, 21:05","","Pull Up (Assisted)",,"",2,"normal",4.5,5,,,
"Puregym","6 Mar 2025, 20:23","6 Mar 2025, 21:05","","Butterfly (Pec Deck)",,"",0,"normal",59,8,,,
"Puregym","6 Mar 2025, 20:23","6 Mar 2025, 21:05","","Butterfly (Pec Deck)",,"",1,"normal",113,8,,,
"Puregym","6 Mar 2025, 20:23","6 Mar 2025, 21:05","","Butterfly (Pec Deck)",,"",2,"normal",113,8,,,
"Puregym","6 Mar 2025, 20:23","6 Mar 2025, 21:05","","Seated Row (Machine)",,"",0,"normal",32,8,,,
"Puregym","6 Mar 2025, 20:23","6 Mar 2025, 21:05","","Seated Row (Machine)",,"",1,"normal",45,8,,,
"Puregym","6 Mar 2025, 20:23","6 Mar 2025, 21:05","","Seated Row (Machine)",,"",2,"normal",45,8,,,
"Puregym","6 Mar 2025, 20:23","6 Mar 2025, 21:05","","Lunge (Dumbbell)",,"",0,"normal",,8,,,
"Puregym","6 Mar 2025, 20:23","6 Mar 2025, 21:05","","Lunge (Dumbbell)",,"",1,"normal",25,8,,,
"Puregym","6 Mar 2025, 20:23","6 Mar 2025, 21:05","","Lunge (Dumbbell)",,"",2,"normal",25,8,,,
"Puregym","6 Mar 2025, 20:23","6 Mar 2025, 21:05","","Shoulder Press (Dumbbell)",,"",0,"normal",24,8,,,
"Puregym","6 Mar 2025, 20:23","6 Mar 2025, 21:05","","Shoulder Press (Dumbbell)",,"",1,"normal",36,8,,,
"Puregym","6 Mar 2025, 20:23","6 Mar 2025, 21:05","","Shoulder Press (Dumbbell)",,"",2,"normal",36,8,,,
"Puregym","6 Mar 2025, 20:23","6 Mar 2025, 21:05","","Concentration Curl",,"",0,"normal",10,8,,,
"Puregym","6 Mar 2025, 20:23","6 Mar 2025, 21:05","","Concentration Curl",,"",1,"normal",16,8,,,
"Puregym","6 Mar 2025, 20:23","6 Mar 2025, 21:05","","Concentration Curl",,"",2,"normal",16,6,,,
"Puregym","6 Mar 2025, 20:23","6 Mar 2025, 21:05","","Chest Press (Machine)",,"",0,"normal",39,8,,,
"Puregym","6 Mar 2025, 20:23","6 Mar 2025, 21:05","","Chest Press (Machine)",,"",1,"normal",79,8,,,
"Puregym","6 Mar 2025, 20:23","6 Mar 2025, 21:05","","Chest Press (Machine)",,"",2,"normal",73,8,,,
"Abs","4 Mar 2025, 22:46","4 Mar 2025, 22:48","","Plank",,"",0,"normal",,,,92,
"Puregym","4 Mar 2025, 21:58","4 Mar 2025, 22:46","","Seated Row (Machine)",,"",0,"normal",32,8,,,
"Puregym","4 Mar 2025, 21:58","4 Mar 2025, 22:46","","Seated Row (Machine)",,"",1,"normal",45,8,,,
"Puregym","4 Mar 2025, 21:58","4 Mar 2025, 22:46","","Seated Row (Machine)",,"",2,"normal",52,8,,,
"Puregym","4 Mar 2025, 21:58","4 Mar 2025, 22:46","","Butterfly (Pec Deck)",,"",0,"normal",59,8,,,
"Puregym","4 Mar 2025, 21:58","4 Mar 2025, 22:46","","Butterfly (Pec Deck)",,"",1,"normal",107,8,,,
"Puregym","4 Mar 2025, 21:58","4 Mar 2025, 22:46","","Butterfly (Pec Deck)",,"",2,"normal",107,8,,,
"Puregym","4 Mar 2025, 21:58","4 Mar 2025, 22:46","","Butterfly (Pec Deck)",,"",3,"normal",107,8,,,
"Puregym","4 Mar 2025, 21:58","4 Mar 2025, 22:46","","Pull Up (Assisted)",,"",0,"normal",18,8,,,
"Puregym","4 Mar 2025, 21:58","4 Mar 2025, 22:46","","Pull Up (Assisted)",,"",1,"normal",14,6,,,
"Puregym","4 Mar 2025, 21:58","4 Mar 2025, 22:46","","Lunge (Dumbbell)",,"",0,"normal",,8,,,
"Puregym","4 Mar 2025, 21:58","4 Mar 2025, 22:46","","Lunge (Dumbbell)",,"",1,"normal",20,8,,,
"Puregym","4 Mar 2025, 21:58","4 Mar 2025, 22:46","","Lunge (Dumbbell)",,"",2,"normal",20,8,,,
"Puregym","4 Mar 2025, 21:58","4 Mar 2025, 22:46","","Chest Press (Machine)",,"",0,"normal",39,8,,,
"Puregym","4 Mar 2025, 21:58","4 Mar 2025, 22:46","","Chest Press (Machine)",,"",1,"normal",73,8,,,
"Puregym","4 Mar 2025, 21:58","4 Mar 2025, 22:46","","Chest Press (Machine)",,"",2,"normal",73,4,,,
"Puregym","4 Mar 2025, 21:58","4 Mar 2025, 22:46","","Shoulder Press (Dumbbell)",,"",0,"normal",24,8,,,
"Puregym","4 Mar 2025, 21:58","4 Mar 2025, 22:46","","Shoulder Press (Dumbbell)",,"",1,"normal",28,8,,,
"Puregym","4 Mar 2025, 21:58","4 Mar 2025, 22:46","","Shoulder Press (Dumbbell)",,"",2,"normal",32,8,,,
"Puregym","4 Mar 2025, 21:58","4 Mar 2025, 22:46","","Concentration Curl",,"",0,"normal",10,8,,,
"Puregym","4 Mar 2025, 21:58","4 Mar 2025, 22:46","","Concentration Curl",,"",1,"normal",16,6,,,
"Abs","23 Feb 2025, 13:55","23 Feb 2025, 14:07","","Crunch",,"",0,"normal",,12,,,
"Abs","23 Feb 2025, 13:55","23 Feb 2025, 14:07","","Plank",,"",0,"normal",,,,152,
"Abs","22 Feb 2025, 20:44","22 Feb 2025, 20:49","","Crunch",,"",0,"normal",,12,,,
"Abs","22 Feb 2025, 20:44","22 Feb 2025, 20:49","","Crunch",,"",1,"normal",,12,,,
"Abs","22 Feb 2025, 20:44","22 Feb 2025, 20:49","","Crunch",,"",2,"normal",,12,,,
"Abs","22 Feb 2025, 20:44","22 Feb 2025, 20:49","","Plank",,"",0,"normal",,,,120,
"Puregym","22 Feb 2025, 19:52","22 Feb 2025, 19:57","","Pull Up (Assisted)",,"",0,"normal",14,8,,,
"Puregym","22 Feb 2025, 19:52","22 Feb 2025, 19:57","","Pull Up (Assisted)",,"",1,"normal",9,6,,,
"Puregym","22 Feb 2025, 19:52","22 Feb 2025, 19:57","","Pull Up (Assisted)",,"",2,"normal",9,6,,,
"Puregym","22 Feb 2025, 19:52","22 Feb 2025, 19:57","","Pull Up (Assisted)",,"",3,"normal",4.5,5,,,
"Puregym","22 Feb 2025, 19:52","22 Feb 2025, 19:57","","Butterfly (Pec Deck)",,"",0,"normal",59,8,,,
"Puregym","22 Feb 2025, 19:52","22 Feb 2025, 19:57","","Butterfly (Pec Deck)",,"",1,"normal",113,8,,,
"Puregym","22 Feb 2025, 19:52","22 Feb 2025, 19:57","","Butterfly (Pec Deck)",,"",2,"normal",113,8,,,
"Puregym","22 Feb 2025, 19:52","22 Feb 2025, 19:57","","Butterfly (Pec Deck)",,"",3,"normal",113,8,,,
"Puregym","22 Feb 2025, 19:52","22 Feb 2025, 19:57","","Seated Row (Machine)",,"",0,"normal",32,8,,,
"Puregym","22 Feb 2025, 19:52","22 Feb 2025, 19:57","","Seated Row (Machine)",,"",1,"normal",45,8,,,
"Puregym","22 Feb 2025, 19:52","22 Feb 2025, 19:57","","Seated Row (Machine)",,"",2,"normal",45,8,,,
"Puregym","22 Feb 2025, 19:52","22 Feb 2025, 19:57","","Seated Row (Machine)",,"",3,"normal",45,8,,,
"Puregym","22 Feb 2025, 19:52","22 Feb 2025, 19:57","","Shoulder Press (Dumbbell)",,"",0,"normal",24,8,,,
"Puregym","22 Feb 2025, 19:52","22 Feb 2025, 19:57","","Shoulder Press (Dumbbell)",,"",1,"normal",36,8,,,
"Puregym","22 Feb 2025, 19:52","22 Feb 2025, 19:57","","Shoulder Press (Dumbbell)",,"",2,"normal",36,8,,,
"Puregym","22 Feb 2025, 19:52","22 Feb 2025, 19:57","","Shoulder Press (Dumbbell)",,"",3,"normal",36,6,,,
"Puregym","22 Feb 2025, 19:52","22 Feb 2025, 19:57","","Concentration Curl",,"",0,"normal",8,8,,,
"Puregym","22 Feb 2025, 19:52","22 Feb 2025, 19:57","","Concentration Curl",,"",1,"normal",16,6,,,
"Puregym","22 Feb 2025, 19:52","22 Feb 2025, 19:57","","Concentration Curl",,"",2,"normal",16,6,,,
"Puregym","22 Feb 2025, 19:52","22 Feb 2025, 19:57","","Lunge (Dumbbell)",,"",0,"normal",,10,,,
"Puregym","22 Feb 2025, 19:52","22 Feb 2025, 19:57","","Lunge (Dumbbell)",,"",1,"normal",,10,,,
"Puregym","22 Feb 2025, 19:52","22 Feb 2025, 19:57","","Lunge (Dumbbell)",,"",2,"normal",,10,,,
"Puregym","22 Feb 2025, 19:52","22 Feb 2025, 19:57","","Chest Press (Machine)",,"",0,"normal",39,8,,,
"Puregym","22 Feb 2025, 19:52","22 Feb 2025, 19:57","","Chest Press (Machine)",,"",1,"normal",79,8,,,
"Puregym","22 Feb 2025, 19:52","22 Feb 2025, 19:57","","Chest Press (Machine)",,"",2,"normal",79,4,,,
"Puregym","22 Feb 2025, 19:52","22 Feb 2025, 19:57","","Chest Press (Machine)",,"",3,"normal",73,8,,,
"Puregym","22 Feb 2025, 19:52","22 Feb 2025, 19:57","","Single leg sit-to-stand",,"",0,"normal",,8,,,
"Puregym","22 Feb 2025, 19:52","22 Feb 2025, 19:57","","Single leg sit-to-stand",,"",1,"normal",,8,,,
"Puregym","22 Feb 2025, 19:52","22 Feb 2025, 19:57","","Single leg sit-to-stand",,"",2,"normal",,8,,,
"Abs","20 Feb 2025, 20:08","20 Feb 2025, 20:10","","Plank",,"",0,"normal",,,,90,
"Puregym","20 Feb 2025, 19:31","20 Feb 2025, 20:07","","Butterfly (Pec Deck)",,"",0,"normal",59,8,,,
"Puregym","20 Feb 2025, 19:31","20 Feb 2025, 20:07","","Butterfly (Pec Deck)",,"",1,"normal",113,8,,,
"Puregym","20 Feb 2025, 19:31","20 Feb 2025, 20:07","","Butterfly (Pec Deck)",,"",2,"normal",113,8,,,
"Puregym","20 Feb 2025, 19:31","20 Feb 2025, 20:07","","Butterfly (Pec Deck)",,"",3,"normal",113,8,,,
"Puregym","20 Feb 2025, 19:31","20 Feb 2025, 20:07","","Pull Up (Assisted)",,"",0,"normal",18,8,,,
"Puregym","20 Feb 2025, 19:31","20 Feb 2025, 20:07","","Pull Up (Assisted)",,"",1,"normal",14,6,,,
"Puregym","20 Feb 2025, 19:31","20 Feb 2025, 20:07","","Pull Up (Assisted)",,"",2,"normal",9,6,,,
"Puregym","20 Feb 2025, 19:31","20 Feb 2025, 20:07","","Seated Row (Machine)",,"",0,"normal",32,8,,,
"Puregym","20 Feb 2025, 19:31","20 Feb 2025, 20:07","","Seated Row (Machine)",,"",1,"normal",45,8,,,
"Puregym","20 Feb 2025, 19:31","20 Feb 2025, 20:07","","Lunge (Dumbbell)",,"",0,"normal",,8,,,
"Puregym","20 Feb 2025, 19:31","20 Feb 2025, 20:07","","Lunge (Dumbbell)",,"",1,"normal",25,8,,,
"Puregym","20 Feb 2025, 19:31","20 Feb 2025, 20:07","","Lunge (Dumbbell)",,"",2,"normal",20,10,,,
"Puregym","20 Feb 2025, 19:31","20 Feb 2025, 20:07","","Lunge (Dumbbell)",,"",3,"normal",20,10,,,
"Puregym","20 Feb 2025, 19:31","20 Feb 2025, 20:07","","Chest Press (Machine)",,"",0,"normal",39,8,,,
"Puregym","20 Feb 2025, 19:31","20 Feb 2025, 20:07","","Chest Press (Machine)",,"",1,"normal",73,8,,,
"Puregym","20 Feb 2025, 19:31","20 Feb 2025, 20:07","","Chest Press (Machine)",,"",2,"normal",79,8,,,
"Puregym","20 Feb 2025, 19:31","20 Feb 2025, 20:07","","Chest Press (Machine)",,"",3,"normal",79,8,,,
"Puregym","20 Feb 2025, 19:31","20 Feb 2025, 20:07","","Concentration Curl",,"",0,"normal",12,8,,,
"Puregym","20 Feb 2025, 19:31","20 Feb 2025, 20:07","","Concentration Curl",,"",1,"normal",16,8,,,
"Puregym","20 Feb 2025, 19:31","20 Feb 2025, 20:07","","Concentration Curl",,"",2,"normal",16,6,,,
"Abs","18 Feb 2025, 18:52","18 Feb 2025, 18:58","","Crunch",,"",0,"normal",,10,,,
"Abs","18 Feb 2025, 18:52","18 Feb 2025, 18:58","","Crunch",,"",1,"normal",,12,,,
"Abs","18 Feb 2025, 18:52","18 Feb 2025, 18:58","","Plank",,"",0,"normal",,,,120,
"Puregym","17 Feb 2025, 20:55","17 Feb 2025, 21:33","","Butterfly (Pec Deck)",,"",0,"normal",59,8,,,
"Puregym","17 Feb 2025, 20:55","17 Feb 2025, 21:33","","Butterfly (Pec Deck)",,"",1,"normal",113,8,,,
"Puregym","17 Feb 2025, 20:55","17 Feb 2025, 21:33","","Butterfly (Pec Deck)",,"",2,"normal",113,8,,,
"Puregym","17 Feb 2025, 20:55","17 Feb 2025, 21:33","","Butterfly (Pec Deck)",,"",3,"normal",113,8,,,
"Puregym","17 Feb 2025, 20:55","17 Feb 2025, 21:33","","Pull Up (Assisted)",,"",0,"normal",18,8,,,
"Puregym","17 Feb 2025, 20:55","17 Feb 2025, 21:33","","Pull Up (Assisted)",,"",1,"normal",14,6,,,
"Puregym","17 Feb 2025, 20:55","17 Feb 2025, 21:33","","Pull Up (Assisted)",,"",2,"normal",9,6,,,
"Puregym","17 Feb 2025, 20:55","17 Feb 2025, 21:33","","Seated Row (Machine)",,"",0,"normal",32,8,,,
"Puregym","17 Feb 2025, 20:55","17 Feb 2025, 21:33","","Seated Row (Machine)",,"",1,"normal",41,8,,,
"Puregym","17 Feb 2025, 20:55","17 Feb 2025, 21:33","","Seated Row (Machine)",,"",2,"normal",45,8,,,
"Puregym","17 Feb 2025, 20:55","17 Feb 2025, 21:33","","Seated Row (Machine)",,"",3,"normal",45,8,,,
"Puregym","17 Feb 2025, 20:55","17 Feb 2025, 21:33","","Lunge (Dumbbell)",,"",0,"normal",,10,,,
"Puregym","17 Feb 2025, 20:55","17 Feb 2025, 21:33","","Lunge (Dumbbell)",,"",1,"normal",20,10,,,
"Puregym","17 Feb 2025, 20:55","17 Feb 2025, 21:33","","Lunge (Dumbbell)",,"",2,"normal",20,10,,,
"Puregym","17 Feb 2025, 20:55","17 Feb 2025, 21:33","","Lunge (Dumbbell)",,"",3,"normal",20,10,,,
"Puregym","17 Feb 2025, 20:55","17 Feb 2025, 21:33","","Concentration Curl",,"",0,"normal",12,8,,,
"Puregym","17 Feb 2025, 20:55","17 Feb 2025, 21:33","","Concentration Curl",,"",1,"normal",16,8,,,
"Puregym","15 Feb 2025, 11:15","15 Feb 2025, 12:08","","Lunge (Dumbbell)",,"",0,"normal",,10,,,
"Puregym","15 Feb 2025, 11:15","15 Feb 2025, 12:08","","Lunge (Dumbbell)",,"",1,"normal",20,10,,,
"Puregym","15 Feb 2025, 11:15","15 Feb 2025, 12:08","","Lunge (Dumbbell)",,"",2,"normal",20,10,,,
"Puregym","15 Feb 2025, 11:15","15 Feb 2025, 12:08","","Lunge (Dumbbell)",,"",3,"normal",20,10,,,
"Puregym","15 Feb 2025, 11:15","15 Feb 2025, 12:08","","Pull Up (Assisted)",,"",0,"normal",14,6,,,
"Puregym","15 Feb 2025, 11:15","15 Feb 2025, 12:08","","Pull Up (Assisted)",,"",1,"normal",9,6,,,
"Puregym","15 Feb 2025, 11:15","15 Feb 2025, 12:08","","Pull Up (Assisted)",,"",2,"normal",4.5,6,,,
"Puregym","15 Feb 2025, 11:15","15 Feb 2025, 12:08","","Butterfly (Pec Deck)",,"",0,"normal",59,8,,,
"Puregym","15 Feb 2025, 11:15","15 Feb 2025, 12:08","","Butterfly (Pec Deck)",,"",1,"normal",113,8,,,
"Puregym","15 Feb 2025, 11:15","15 Feb 2025, 12:08","","Butterfly (Pec Deck)",,"",2,"normal",113,8,,,
"Puregym","15 Feb 2025, 11:15","15 Feb 2025, 12:08","","Butterfly (Pec Deck)",,"",3,"normal",113,8,,,
"Puregym","15 Feb 2025, 11:15","15 Feb 2025, 12:08","","Chest Press (Machine)",,"",0,"normal",39,8,,,
"Puregym","15 Feb 2025, 11:15","15 Feb 2025, 12:08","","Chest Press (Machine)",,"",1,"normal",73,8,,,
"Puregym","15 Feb 2025, 11:15","15 Feb 2025, 12:08","","Chest Press (Machine)",,"",2,"normal",79,8,,,
"Puregym","15 Feb 2025, 11:15","15 Feb 2025, 12:08","","Chest Press (Machine)",,"",3,"normal",79,8,,,
"Puregym","15 Feb 2025, 11:15","15 Feb 2025, 12:08","","Seated Row (Machine)",,"",0,"normal",32,8,,,
"Puregym","15 Feb 2025, 11:15","15 Feb 2025, 12:08","","Seated Row (Machine)",,"",1,"normal",52,8,,,
"Puregym","15 Feb 2025, 11:15","15 Feb 2025, 12:08","","Seated Row (Machine)",,"",2,"normal",52,8,,,
"Puregym","15 Feb 2025, 11:15","15 Feb 2025, 12:08","","Seated Row (Machine)",,"",3,"normal",52,8,,,
"Puregym","15 Feb 2025, 11:15","15 Feb 2025, 12:08","","Shoulder Press (Dumbbell)",,"",0,"normal",24,8,,,
"Puregym","15 Feb 2025, 11:15","15 Feb 2025, 12:08","","Shoulder Press (Dumbbell)",,"",1,"normal",40,6,,,
"Puregym","15 Feb 2025, 11:15","15 Feb 2025, 12:08","","Shoulder Press (Dumbbell)",,"",2,"normal",36,8,,,
"Puregym","15 Feb 2025, 11:15","15 Feb 2025, 12:08","","Shoulder Press (Dumbbell)",,"",3,"normal",36,7,,,
"Puregym","15 Feb 2025, 11:15","15 Feb 2025, 12:08","","Concentration Curl",,"",0,"normal",10,8,,,
"Puregym","15 Feb 2025, 11:15","15 Feb 2025, 12:08","","Concentration Curl",,"",1,"normal",16,6,,,
"Puregym","15 Feb 2025, 11:15","15 Feb 2025, 12:08","","Concentration Curl",,"",2,"normal",16,5,,,
"Abs","12 Feb 2025, 14:39","12 Feb 2025, 14:41","","Plank",,"",0,"normal",,,,90,
"Puregym","12 Feb 2025, 13:52","12 Feb 2025, 14:40","","Pull Up (Assisted)",,"",0,"normal",9,8,,,
"Puregym","12 Feb 2025, 13:52","12 Feb 2025, 14:40","","Pull Up (Assisted)",,"",1,"normal",,5,,,
"Puregym","12 Feb 2025, 13:52","12 Feb 2025, 14:40","","Pull Up (Assisted)",,"",2,"normal",4.5,8,,,
"Puregym","12 Feb 2025, 13:52","12 Feb 2025, 14:40","","Butterfly (Pec Deck)",,"",0,"normal",59,8,,,
"Puregym","12 Feb 2025, 13:52","12 Feb 2025, 14:40","","Butterfly (Pec Deck)",,"",1,"normal",113,8,,,
"Puregym","12 Feb 2025, 13:52","12 Feb 2025, 14:40","","Butterfly (Pec Deck)",,"",2,"normal",113,8,,,
"Puregym","12 Feb 2025, 13:52","12 Feb 2025, 14:40","","Butterfly (Pec Deck)",,"",3,"normal",113,8,,,
"Puregym","12 Feb 2025, 13:52","12 Feb 2025, 14:40","","Chest Press (Machine)",,"",0,"normal",39,8,,,
"Puregym","12 Feb 2025, 13:52","12 Feb 2025, 14:40","","Chest Press (Machine)",,"",1,"normal",73,8,,,
"Puregym","12 Feb 2025, 13:52","12 Feb 2025, 14:40","","Chest Press (Machine)",,"",2,"normal",73,8,,,
"Puregym","12 Feb 2025, 13:52","12 Feb 2025, 14:40","","Chest Press (Machine)",,"",3,"normal",73,8,,,
"Puregym","12 Feb 2025, 13:52","12 Feb 2025, 14:40","","Seated Row (Machine)",,"",0,"normal",32,8,,,
"Puregym","12 Feb 2025, 13:52","12 Feb 2025, 14:40","","Seated Row (Machine)",,"",1,"normal",52,8,,,
"Puregym","12 Feb 2025, 13:52","12 Feb 2025, 14:40","","Seated Row (Machine)",,"",2,"normal",52,8,,,
"Puregym","12 Feb 2025, 13:52","12 Feb 2025, 14:40","","Seated Row (Machine)",,"",3,"normal",52,8,,,
"Puregym","12 Feb 2025, 13:52","12 Feb 2025, 14:40","","Lunge (Dumbbell)",,"",0,"normal",,8,,,
"Puregym","12 Feb 2025, 13:52","12 Feb 2025, 14:40","","Lunge (Dumbbell)",,"",1,"normal",20,8,,,
"Puregym","12 Feb 2025, 13:52","12 Feb 2025, 14:40","","Lunge (Dumbbell)",,"",2,"normal",20,8,,,
"Puregym","12 Feb 2025, 13:52","12 Feb 2025, 14:40","","Shoulder Press (Dumbbell)",,"",0,"normal",24,8,,,
"Puregym","12 Feb 2025, 13:52","12 Feb 2025, 14:40","","Shoulder Press (Dumbbell)",,"",1,"normal",36,8,,,
"Puregym","12 Feb 2025, 13:52","12 Feb 2025, 14:40","","Shoulder Press (Dumbbell)",,"",2,"normal",36,8,,,
"Puregym","12 Feb 2025, 13:52","12 Feb 2025, 14:40","","Shoulder Press (Dumbbell)",,"",3,"normal",36,8,,,
"Puregym","12 Feb 2025, 13:52","12 Feb 2025, 14:40","","Concentration Curl",,"",0,"normal",10,8,,,
"Puregym","12 Feb 2025, 13:52","12 Feb 2025, 14:40","","Concentration Curl",,"",1,"normal",16,8,,,
"Puregym","12 Feb 2025, 13:52","12 Feb 2025, 14:40","","Concentration Curl",,"",2,"normal",16,7,,,
"Puregym","10 Feb 2025, 17:40","10 Feb 2025, 18:22","","Pull Up (Assisted)",,"",0,"normal",14,8,,,
"Puregym","10 Feb 2025, 17:40","10 Feb 2025, 18:22","","Pull Up (Assisted)",,"",1,"normal",4.5,8,,,
"Puregym","10 Feb 2025, 17:40","10 Feb 2025, 18:22","","Pull Up (Assisted)",,"",2,"normal",4.5,8,,,
"Puregym","10 Feb 2025, 17:40","10 Feb 2025, 18:22","","Pull Up (Assisted)",,"",3,"normal",4.5,6,,,
"Puregym","10 Feb 2025, 17:40","10 Feb 2025, 18:22","","Chest Press (Machine)",,"",0,"normal",39,8,,,
"Puregym","10 Feb 2025, 17:40","10 Feb 2025, 18:22","","Chest Press (Machine)",,"",1,"normal",73,8,,,
"Puregym","10 Feb 2025, 17:40","10 Feb 2025, 18:22","","Chest Press (Machine)",,"",2,"normal",73,8,,,
"Puregym","10 Feb 2025, 17:40","10 Feb 2025, 18:22","","Chest Press (Machine)",,"",3,"normal",73,8,,,
"Puregym","10 Feb 2025, 17:40","10 Feb 2025, 18:22","","Butterfly (Pec Deck)",,"",0,"normal",52,8,,,
"Puregym","10 Feb 2025, 17:40","10 Feb 2025, 18:22","","Butterfly (Pec Deck)",,"",1,"normal",107,8,,,
"Puregym","10 Feb 2025, 17:40","10 Feb 2025, 18:22","","Shoulder Press (Dumbbell)",,"",0,"normal",20,8,,,
"Puregym","10 Feb 2025, 17:40","10 Feb 2025, 18:22","","Shoulder Press (Dumbbell)",,"",1,"normal",36,8,,,
"Puregym","10 Feb 2025, 17:40","10 Feb 2025, 18:22","","Shoulder Press (Dumbbell)",,"",2,"normal",36,7,,,
"Puregym","10 Feb 2025, 17:40","10 Feb 2025, 18:22","","Shoulder Press (Dumbbell)",,"",3,"normal",36,4,,,
"Puregym","10 Feb 2025, 17:40","10 Feb 2025, 18:22","","Seated Row (Machine)",,"",0,"normal",32,8,,,
"Puregym","10 Feb 2025, 17:40","10 Feb 2025, 18:22","","Seated Row (Machine)",,"",1,"normal",52,8,,,
"Puregym","10 Feb 2025, 17:40","10 Feb 2025, 18:22","","Seated Row (Machine)",,"",2,"normal",52,8,,,
"Puregym","10 Feb 2025, 17:40","10 Feb 2025, 18:22","","Seated Row (Machine)",,"",3,"normal",52,8,,,
"Puregym","10 Feb 2025, 17:40","10 Feb 2025, 18:22","","Lunge (Dumbbell)",,"",0,"normal",,8,,,
"Puregym","10 Feb 2025, 17:40","10 Feb 2025, 18:22","","Lunge (Dumbbell)",,"",1,"normal",10,4,,,
"Puregym","10 Feb 2025, 17:40","10 Feb 2025, 18:22","","Concentration Curl",,"",0,"normal",10,8,,,
"Puregym","10 Feb 2025, 17:40","10 Feb 2025, 18:22","","Concentration Curl",,"",1,"normal",16,8,,,
"Puregym","10 Feb 2025, 17:40","10 Feb 2025, 18:22","","Concentration Curl",,"",2,"normal",16,6,,,
"Abs","8 Feb 2025, 13:16","8 Feb 2025, 13:22","","Crunch",,"",0,"normal",,12,,,
"Abs","8 Feb 2025, 13:16","8 Feb 2025, 13:22","","Crunch",,"",1,"normal",,12,,,
"Abs","8 Feb 2025, 13:16","8 Feb 2025, 13:22","","Crunch",,"",2,"normal",,12,,,
"Abs","8 Feb 2025, 13:16","8 Feb 2025, 13:22","","Plank",,"",0,"normal",,,,90,
"Puregym","8 Feb 2025, 12:15","8 Feb 2025, 13:20","","Pull Up (Assisted)",,"",0,"normal",18,8,,,
"Puregym","8 Feb 2025, 12:15","8 Feb 2025, 13:20","","Pull Up (Assisted)",,"",1,"normal",9,8,,,
"Puregym","8 Feb 2025, 12:15","8 Feb 2025, 13:20","","Pull Up (Assisted)",,"",2,"normal",9,8,,,
"Puregym","8 Feb 2025, 12:15","8 Feb 2025, 13:20","","Pull Up (Assisted)",,"",3,"normal",4.5,6,,,
"Puregym","8 Feb 2025, 12:15","8 Feb 2025, 13:20","","Butterfly (Pec Deck)",,"",0,"normal",52,8,,,
"Puregym","8 Feb 2025, 12:15","8 Feb 2025, 13:20","","Butterfly (Pec Deck)",,"",1,"normal",107,8,,,
"Puregym","8 Feb 2025, 12:15","8 Feb 2025, 13:20","","Butterfly (Pec Deck)",,"",2,"normal",113,8,,,
"Puregym","8 Feb 2025, 12:15","8 Feb 2025, 13:20","","Butterfly (Pec Deck)",,"",3,"normal",113,8,,,
"Puregym","8 Feb 2025, 12:15","8 Feb 2025, 13:20","","Chest Press (Machine)",,"",0,"normal",39,8,,,
"Puregym","8 Feb 2025, 12:15","8 Feb 2025, 13:20","","Chest Press (Machine)",,"",1,"normal",59,8,,,
"Puregym","8 Feb 2025, 12:15","8 Feb 2025, 13:20","","Chest Press (Machine)",,"",2,"normal",73,8,,,
"Puregym","8 Feb 2025, 12:15","8 Feb 2025, 13:20","","Chest Press (Machine)",,"",3,"normal",73,8,,,
"Puregym","8 Feb 2025, 12:15","8 Feb 2025, 13:20","","Seated Row (Machine)",,"",0,"normal",32,8,,,
"Puregym","8 Feb 2025, 12:15","8 Feb 2025, 13:20","","Seated Row (Machine)",,"",1,"normal",52,8,,,
"Puregym","8 Feb 2025, 12:15","8 Feb 2025, 13:20","","Seated Row (Machine)",,"",2,"normal",52,8,,,
"Puregym","8 Feb 2025, 12:15","8 Feb 2025, 13:20","","Seated Row (Machine)",,"",3,"normal",52,8,,,
"Puregym","8 Feb 2025, 12:15","8 Feb 2025, 13:20","","Shoulder Press (Dumbbell)",,"",0,"normal",24,8,,,
"Puregym","8 Feb 2025, 12:15","8 Feb 2025, 13:20","","Shoulder Press (Dumbbell)",,"",1,"normal",36,8,,,
"Puregym","8 Feb 2025, 12:15","8 Feb 2025, 13:20","","Shoulder Press (Dumbbell)",,"",2,"normal",36,8,,,
"Puregym","8 Feb 2025, 12:15","8 Feb 2025, 13:20","","Shoulder Press (Dumbbell)",,"",3,"normal",36,6,,,
"Puregym","8 Feb 2025, 12:15","8 Feb 2025, 13:20","","Concentration Curl",,"",0,"normal",8,8,,,
"Puregym","8 Feb 2025, 12:15","8 Feb 2025, 13:20","","Concentration Curl",,"",1,"normal",14,8,,,
"Puregym","8 Feb 2025, 12:15","8 Feb 2025, 13:20","","Concentration Curl",,"",2,"normal",16,6,,,
"Puregym","8 Feb 2025, 12:15","8 Feb 2025, 13:20","","Lunge (Dumbbell)",,"",0,"normal",,8,,,
"Puregym","8 Feb 2025, 12:15","8 Feb 2025, 13:20","","Lunge (Dumbbell)",,"",1,"normal",20,8,,,
"Puregym","8 Feb 2025, 12:15","8 Feb 2025, 13:20","","Lunge (Dumbbell)",,"",2,"normal",20,8,,,
"Puregym","8 Feb 2025, 12:15","8 Feb 2025, 13:20","","Lunge (Dumbbell)",,"",3,"normal",20,8,,,
"Puregym","8 Feb 2025, 12:15","8 Feb 2025, 13:20","","Single leg sit-to-stand",,"",0,"normal",,8,,,
"Puregym","8 Feb 2025, 12:15","8 Feb 2025, 13:20","","Single leg sit-to-stand",,"",1,"normal",,8,,,
"Puregym","5 Feb 2025, 20:16","5 Feb 2025, 21:02","","Butterfly (Pec Deck)",,"",0,"normal",52,8,,,
"Puregym","5 Feb 2025, 20:16","5 Feb 2025, 21:02","","Butterfly (Pec Deck)",,"",1,"normal",107,8,,,
"Puregym","5 Feb 2025, 20:16","5 Feb 2025, 21:02","","Butterfly (Pec Deck)",,"",2,"normal",86,8,,,
"Puregym","5 Feb 2025, 20:16","5 Feb 2025, 21:02","","Butterfly (Pec Deck)",,"",3,"normal",100,8,,,
"Puregym","5 Feb 2025, 20:16","5 Feb 2025, 21:02","","Pull Up (Assisted)",,"",0,"normal",18,8,,,
"Puregym","5 Feb 2025, 20:16","5 Feb 2025, 21:02","","Pull Up (Assisted)",,"",1,"normal",9,8,,,
"Puregym","5 Feb 2025, 20:16","5 Feb 2025, 21:02","","Pull Up (Assisted)",,"",2,"normal",9,6,,,
"Puregym","5 Feb 2025, 20:16","5 Feb 2025, 21:02","","Chest Press (Machine)",,"",0,"normal",39,8,,,
"Puregym","5 Feb 2025, 20:16","5 Feb 2025, 21:02","","Chest Press (Machine)",,"",1,"normal",59,8,,,
"Puregym","5 Feb 2025, 20:16","5 Feb 2025, 21:02","","Chest Press (Machine)",,"",2,"normal",66,8,,,
"Puregym","5 Feb 2025, 20:16","5 Feb 2025, 21:02","","Chest Press (Machine)",,"",3,"normal",66,8,,,
"Puregym","5 Feb 2025, 20:16","5 Feb 2025, 21:02","","Shoulder Press (Dumbbell)",,"",0,"normal",20,8,,,
"Puregym","5 Feb 2025, 20:16","5 Feb 2025, 21:02","","Lunge (Dumbbell)",,"",0,"normal",,10,,,
"Puregym","5 Feb 2025, 20:16","5 Feb 2025, 21:02","","Lunge (Dumbbell)",,"",1,"normal",14,8,,,
"Puregym","5 Feb 2025, 20:16","5 Feb 2025, 21:02","","Lunge (Dumbbell)",,"",2,"normal",14,8,,,
"Puregym","5 Feb 2025, 20:16","5 Feb 2025, 21:02","","Lunge (Dumbbell)",,"",3,"normal",14,8,,,
"Puregym","5 Feb 2025, 20:16","5 Feb 2025, 21:02","","Seated Row (Machine)",,"",0,"normal",32,8,,,
"Puregym","5 Feb 2025, 20:16","5 Feb 2025, 21:02","","Seated Row (Machine)",,"",1,"normal",52,8,,,
"Puregym","5 Feb 2025, 20:16","5 Feb 2025, 21:02","","Seated Row (Machine)",,"",2,"normal",52,8,,,
"Puregym","26 Jan 2025, 13:06","26 Jan 2025, 13:59","","Seated Row (Machine)",,"",0,"normal",32,8,,,
"Puregym","26 Jan 2025, 13:06","26 Jan 2025, 13:59","","Seated Row (Machine)",,"",1,"normal",52,8,,,
"Puregym","26 Jan 2025, 13:06","26 Jan 2025, 13:59","","Seated Row (Machine)",,"",2,"normal",52,8,,,
"Puregym","26 Jan 2025, 13:06","26 Jan 2025, 13:59","","Seated Row (Machine)",,"",3,"normal",52,8,,,
"Puregym","26 Jan 2025, 13:06","26 Jan 2025, 13:59","","Butterfly (Pec Deck)",,"",0,"normal",52,8,,,
"Puregym","26 Jan 2025, 13:06","26 Jan 2025, 13:59","","Butterfly (Pec Deck)",,"",1,"normal",107,8,,,
"Puregym","26 Jan 2025, 13:06","26 Jan 2025, 13:59","","Butterfly (Pec Deck)",,"",2,"normal",107,8,,,
"Puregym","26 Jan 2025, 13:06","26 Jan 2025, 13:59","","Butterfly (Pec Deck)",,"",3,"normal",113,8,,,
"Puregym","26 Jan 2025, 13:06","26 Jan 2025, 13:59","","Chest Press (Machine)",,"",0,"normal",39,8,,,
"Puregym","26 Jan 2025, 13:06","26 Jan 2025, 13:59","","Chest Press (Machine)",,"",1,"normal",73,8,,,
"Puregym","26 Jan 2025, 13:06","26 Jan 2025, 13:59","","Chest Press (Machine)",,"",2,"normal",73,8,,,
"Puregym","26 Jan 2025, 13:06","26 Jan 2025, 13:59","","Chest Press (Machine)",,"",3,"normal",73,8,,,
"Puregym","26 Jan 2025, 13:06","26 Jan 2025, 13:59","","Pull Up (Assisted)",,"",0,"normal",14,8,,,
"Puregym","26 Jan 2025, 13:06","26 Jan 2025, 13:59","","Pull Up (Assisted)",,"",1,"normal",4.5,8,,,
"Puregym","26 Jan 2025, 13:06","26 Jan 2025, 13:59","","Pull Up (Assisted)",,"",2,"normal",4.5,6,,,
"Puregym","26 Jan 2025, 13:06","26 Jan 2025, 13:59","","Lunge (Dumbbell)",,"",0,"normal",,8,,,
"Puregym","26 Jan 2025, 13:06","26 Jan 2025, 13:59","","Lunge (Dumbbell)",,"",1,"normal",10,10,,,
"Puregym","26 Jan 2025, 13:06","26 Jan 2025, 13:59","","Lunge (Dumbbell)",,"",2,"normal",20,8,,,
"Puregym","26 Jan 2025, 13:06","26 Jan 2025, 13:59","","Shoulder Press (Dumbbell)",,"",0,"normal",24,8,,,
"Puregym","26 Jan 2025, 13:06","26 Jan 2025, 13:59","","Shoulder Press (Dumbbell)",,"",1,"normal",40,8,,,
"Puregym","26 Jan 2025, 13:06","26 Jan 2025, 13:59","","Shoulder Press (Dumbbell)",,"",2,"normal",40,8,,,
"Puregym","26 Jan 2025, 13:06","26 Jan 2025, 13:59","","Shoulder Press (Dumbbell)",,"",3,"normal",40,6,,,
"Abs","25 Jan 2025, 10:39","25 Jan 2025, 10:45","","Crunch",,"",0,"normal",,12,,,
"Abs","25 Jan 2025, 10:39","25 Jan 2025, 10:45","","Crunch",,"",1,"normal",,12,,,
"Abs","25 Jan 2025, 10:39","25 Jan 2025, 10:45","","Plank",,"",0,"normal",,,,122,
"Abs","25 Jan 2025, 10:39","25 Jan 2025, 10:45","","Side Plank",,"",0,"normal",,,,32,
"Abs","25 Jan 2025, 10:39","25 Jan 2025, 10:45","","Side Plank",,"",1,"normal",,,,32,
"Functional","24 Jan 2025, 18:44","24 Jan 2025, 19:17","","Chest Press (Machine)",,"",0,"normal",45,8,,,
"Functional","24 Jan 2025, 18:44","24 Jan 2025, 19:17","","Chest Press (Machine)",,"",1,"normal",85,8,,,
"Functional","24 Jan 2025, 18:44","24 Jan 2025, 19:17","","Chest Press (Machine)",,"",2,"normal",85,8,,,
"Functional","24 Jan 2025, 18:44","24 Jan 2025, 19:17","","Chest Press (Machine)",,"",3,"normal",85,8,,,
"Functional","24 Jan 2025, 18:44","24 Jan 2025, 19:17","","Pull Up (Assisted)",,"",0,"normal",14,6,,,
"Functional","24 Jan 2025, 18:44","24 Jan 2025, 19:17","","Pull Up (Assisted)",,"",1,"normal",7,5,,,
"Functional","24 Jan 2025, 18:44","24 Jan 2025, 19:17","","Pull Up (Assisted)",,"",2,"normal",7,4,,,
"Functional","24 Jan 2025, 18:44","24 Jan 2025, 19:17","","Shoulder Press (Dumbbell)",,"",0,"normal",24,8,,,
"Functional","24 Jan 2025, 18:44","24 Jan 2025, 19:17","","Shoulder Press (Dumbbell)",,"",1,"normal",36,8,,,
"Functional","24 Jan 2025, 18:44","24 Jan 2025, 19:17","","Shoulder Press (Dumbbell)",,"",2,"normal",36,8,,,
"Functional","24 Jan 2025, 18:44","24 Jan 2025, 19:17","","Shoulder Press (Dumbbell)",,"",3,"normal",36,6,,,
"Functional","24 Jan 2025, 18:44","24 Jan 2025, 19:17","","Lunge",,"",0,"normal",,8,,,
"Functional","24 Jan 2025, 18:44","24 Jan 2025, 19:17","","Lunge",,"",1,"normal",,10,,,
"Functional","24 Jan 2025, 18:44","24 Jan 2025, 19:17","","Lunge",,"",2,"normal",,10,,,
"Functional","24 Jan 2025, 18:44","24 Jan 2025, 19:17","","Single leg sit-to-stand",,"",0,"normal",,8,,,
"Functional","24 Jan 2025, 18:44","24 Jan 2025, 19:17","","Single leg sit-to-stand",,"",1,"normal",,8,,,
"Functional","24 Jan 2025, 18:44","24 Jan 2025, 19:17","","Seated Row (Machine)",,"",0,"normal",45,8,,,
"Functional","24 Jan 2025, 18:44","24 Jan 2025, 19:17","","Seated Row (Machine)",,"",1,"normal",85,8,,,
"Functional","24 Jan 2025, 18:44","24 Jan 2025, 19:17","","Seated Row (Machine)",,"",2,"normal",85,8,,,
"Functional","24 Jan 2025, 18:44","24 Jan 2025, 19:17","","Seated Row (Machine)",,"",3,"normal",85,8,,,
"Abs","21 Jan 2025, 21:10","21 Jan 2025, 21:11","","Plank",,"",0,"normal",,,,70,
"Puregym","21 Jan 2025, 20:33","21 Jan 2025, 21:11","","Lunge",,"",0,"normal",,10,,,
"Puregym","21 Jan 2025, 20:33","21 Jan 2025, 21:11","","Lunge",,"",1,"normal",,4,,,
"Puregym","21 Jan 2025, 20:33","21 Jan 2025, 21:11","","Lunge (Dumbbell)",,"",0,"normal",10,10,,,
"Puregym","21 Jan 2025, 20:33","21 Jan 2025, 21:11","","Lunge (Dumbbell)",,"",1,"normal",10,10,,,
"Puregym","21 Jan 2025, 20:33","21 Jan 2025, 21:11","","Lunge (Dumbbell)",,"",2,"normal",10,10,,,
"Puregym","21 Jan 2025, 20:33","21 Jan 2025, 21:11","","Chest Press (Machine)",,"",0,"normal",39,8,,,
"Puregym","21 Jan 2025, 20:33","21 Jan 2025, 21:11","","Chest Press (Machine)",,"",1,"normal",68,8,,,
"Puregym","21 Jan 2025, 20:33","21 Jan 2025, 21:11","","Chest Press (Machine)",,"",2,"normal",73,8,,,
"Puregym","21 Jan 2025, 20:33","21 Jan 2025, 21:11","","Chest Press (Machine)",,"",3,"normal",73,8,,,
"Puregym","21 Jan 2025, 20:33","21 Jan 2025, 21:11","","Pull Up (Assisted)",,"",0,"normal",14,8,,,
"Puregym","21 Jan 2025, 20:33","21 Jan 2025, 21:11","","Pull Up (Assisted)",,"",1,"normal",4.5,8,,,
"Puregym","21 Jan 2025, 20:33","21 Jan 2025, 21:11","","Pull Up (Assisted)",,"",2,"normal",4.5,6,,,
"Puregym","21 Jan 2025, 20:33","21 Jan 2025, 21:11","","Butterfly (Pec Deck)",,"",0,"normal",52,8,,,
"Puregym","21 Jan 2025, 20:33","21 Jan 2025, 21:11","","Butterfly (Pec Deck)",,"",1,"normal",107,8,,,
"Puregym","21 Jan 2025, 20:33","21 Jan 2025, 21:11","","Butterfly (Pec Deck)",,"",2,"normal",107,8,,,
"Puregym","21 Jan 2025, 20:33","21 Jan 2025, 21:11","","Butterfly (Pec Deck)",,"",3,"normal",107,8,,,
"Puregym","21 Jan 2025, 20:33","21 Jan 2025, 21:11","","Shoulder Press (Dumbbell)",,"",0,"normal",24,8,,,
"Puregym","21 Jan 2025, 20:33","21 Jan 2025, 21:11","","Shoulder Press (Dumbbell)",,"",1,"normal",36,8,,,
"Puregym","21 Jan 2025, 20:33","21 Jan 2025, 21:11","","Shoulder Press (Dumbbell)",,"",2,"normal",36,8,,,
"Puregym","21 Jan 2025, 20:33","21 Jan 2025, 21:11","","Reverse Lunge (Dumbbell)",,"",0,"normal",10,10,,,
"Puregym","21 Jan 2025, 20:33","21 Jan 2025, 21:11","","Reverse Lunge (Dumbbell)",,"",1,"normal",10,10,,,
"Abs","19 Jan 2025, 14:14","19 Jan 2025, 14:15","","Crunch",,"",0,"normal",,12,,,
"Abs","19 Jan 2025, 14:14","19 Jan 2025, 14:15","","Crunch",,"",1,"normal",,6,,,
"Abs","19 Jan 2025, 14:14","19 Jan 2025, 14:15","","Plank",,"",0,"normal",,,,30,
"Puregym","19 Jan 2025, 12:26","19 Jan 2025, 13:07","","Pull Up (Assisted)",,"",0,"normal",18,8,,,
"Puregym","19 Jan 2025, 12:26","19 Jan 2025, 13:07","","Pull Up (Assisted)",,"",1,"normal",9,8,,,
"Puregym","19 Jan 2025, 12:26","19 Jan 2025, 13:07","","Pull Up (Assisted)",,"",2,"normal",4.5,6,,,
"Puregym","19 Jan 2025, 12:26","19 Jan 2025, 13:07","","Butterfly (Pec Deck)",,"",0,"normal",52,8,,,
"Puregym","19 Jan 2025, 12:26","19 Jan 2025, 13:07","","Butterfly (Pec Deck)",,"",1,"normal",107,8,,,
"Puregym","19 Jan 2025, 12:26","19 Jan 2025, 13:07","","Butterfly (Pec Deck)",,"",2,"normal",107,8,,,
"Puregym","19 Jan 2025, 12:26","19 Jan 2025, 13:07","","Butterfly (Pec Deck)",,"",3,"normal",107,8,,,
"Puregym","19 Jan 2025, 12:26","19 Jan 2025, 13:07","","Seated Row (Machine)",,"",0,"normal",32,8,,,
"Puregym","19 Jan 2025, 12:26","19 Jan 2025, 13:07","","Seated Row (Machine)",,"",1,"normal",52,8,,,
"Puregym","19 Jan 2025, 12:26","19 Jan 2025, 13:07","","Seated Row (Machine)",,"",2,"normal",52,8,,,
"Puregym","19 Jan 2025, 12:26","19 Jan 2025, 13:07","","Seated Row (Machine)",,"",3,"normal",52,8,,,
"Puregym","19 Jan 2025, 12:26","19 Jan 2025, 13:07","","Shoulder Press (Dumbbell)",,"",0,"normal",20,8,,,
"Puregym","19 Jan 2025, 12:26","19 Jan 2025, 13:07","","Shoulder Press (Dumbbell)",,"",1,"normal",40,8,,,
"Puregym","19 Jan 2025, 12:26","19 Jan 2025, 13:07","","Shoulder Press (Dumbbell)",,"",2,"normal",40,6,,,
"Puregym","19 Jan 2025, 12:26","19 Jan 2025, 13:07","","Shoulder Press (Dumbbell)",,"",3,"normal",36,6,,,
"Puregym","19 Jan 2025, 12:26","19 Jan 2025, 13:07","","Bench Press (Dumbbell)",,"",0,"normal",28,8,,,
"Puregym","19 Jan 2025, 12:26","19 Jan 2025, 13:07","","Lunge",,"",0,"normal",,4,,,
"Puregym","17 Jan 2025, 19:26","17 Jan 2025, 19:51","","Pull Up (Assisted)",,"",0,"normal",23,8,,,
"Puregym","17 Jan 2025, 19:26","17 Jan 2025, 19:51","","Pull Up (Assisted)",,"",1,"normal",14,8,,,
"Puregym","17 Jan 2025, 19:26","17 Jan 2025, 19:51","","Pull Up (Assisted)",,"",2,"normal",9,8,,,
"Puregym","17 Jan 2025, 19:26","17 Jan 2025, 19:51","","Seated Row (Machine)",,"",0,"normal",32,8,,,
"Puregym","17 Jan 2025, 19:26","17 Jan 2025, 19:51","","Seated Row (Machine)",,"",1,"normal",45,8,,,
"Puregym","17 Jan 2025, 19:26","17 Jan 2025, 19:51","","Shoulder Press (Dumbbell)",,"",0,"normal",24,8,,,
"Puregym","17 Jan 2025, 19:26","17 Jan 2025, 19:51","","Shoulder Press (Dumbbell)",,"",1,"normal",40,6,,,
"Puregym","17 Jan 2025, 19:26","17 Jan 2025, 19:51","","Shoulder Press (Dumbbell)",,"",2,"normal",36,8,,,
"Puregym","17 Jan 2025, 19:26","17 Jan 2025, 19:51","","Shoulder Press (Dumbbell)",,"",3,"normal",36,5,,,
"Puregym","17 Jan 2025, 19:26","17 Jan 2025, 19:51","","Butterfly (Pec Deck)",,"",0,"normal",52,8,,,
"Puregym","17 Jan 2025, 19:26","17 Jan 2025, 19:51","","Butterfly (Pec Deck)",,"",1,"normal",100,8,,,
"Puregym","17 Jan 2025, 19:26","17 Jan 2025, 19:51","","Butterfly (Pec Deck)",,"",2,"normal",107,8,,,
"Puregym","17 Jan 2025, 19:26","17 Jan 2025, 19:51","","Butterfly (Pec Deck)",,"",3,"normal",107,8,,,
"Puregym","17 Jan 2025, 19:26","17 Jan 2025, 19:51","","Chest Press (Machine)",,"",0,"normal",39,8,,,
"Puregym","17 Jan 2025, 19:26","17 Jan 2025, 19:51","","Chest Press (Machine)",,"",1,"normal",45,6,,,
"Puregym","14 Jan 2025, 19:14","14 Jan 2025, 19:43","","Butterfly (Pec Deck)",,"",0,"normal",52,8,,,
"Puregym","14 Jan 2025, 19:14","14 Jan 2025, 19:43","","Butterfly (Pec Deck)",,"",1,"normal",107,8,,,
"Puregym","14 Jan 2025, 19:14","14 Jan 2025, 19:43","","Butterfly (Pec Deck)",,"",2,"normal",107,8,,,
"Puregym","14 Jan 2025, 19:14","14 Jan 2025, 19:43","","Pull Up (Assisted)",,"",0,"normal",23,8,,,
"Puregym","14 Jan 2025, 19:14","14 Jan 2025, 19:43","","Pull Up (Assisted)",,"",1,"normal",14,8,,,
"Puregym","14 Jan 2025, 19:14","14 Jan 2025, 19:43","","Pull Up (Assisted)",,"",2,"normal",9,8,,,
"Puregym","14 Jan 2025, 19:14","14 Jan 2025, 19:43","","Seated Row (Machine)",,"",0,"normal",32,8,,,
"Puregym","14 Jan 2025, 19:14","14 Jan 2025, 19:43","","Seated Row (Machine)",,"",1,"normal",52,6,,,
"Puregym","14 Jan 2025, 19:14","14 Jan 2025, 19:43","","Seated Row (Machine)",,"",2,"normal",45,8,,,
"Puregym","14 Jan 2025, 19:14","14 Jan 2025, 19:43","","Seated Row (Machine)",,"",3,"normal",45,8,,,
"Puregym","14 Jan 2025, 19:14","14 Jan 2025, 19:43","","Bench Press (Dumbbell)",,"",0,"normal",24,8,,,
"Puregym","14 Jan 2025, 19:14","14 Jan 2025, 19:43","","Bench Press (Dumbbell)",,"",1,"normal",32,8,,,
"Puregym","14 Jan 2025, 19:14","14 Jan 2025, 19:43","","Bench Press (Dumbbell)",,"",2,"normal",36,8,,,
"Puregym","12 Jan 2025, 11:38","12 Jan 2025, 12:20","","Shoulder Press (Dumbbell)",,"",0,"normal",24,8,,,
"Puregym","12 Jan 2025, 11:38","12 Jan 2025, 12:20","","Shoulder Press (Dumbbell)",,"",1,"normal",36,8,,,
"Puregym","12 Jan 2025, 11:38","12 Jan 2025, 12:20","","Shoulder Press (Dumbbell)",,"",2,"normal",40,8,,,
"Puregym","12 Jan 2025, 11:38","12 Jan 2025, 12:20","","Shoulder Press (Dumbbell)",,"",3,"normal",40,6,,,
"Puregym","12 Jan 2025, 11:38","12 Jan 2025, 12:20","","Pull Up (Assisted)",,"",0,"normal",23,8,,,
"Puregym","12 Jan 2025, 11:38","12 Jan 2025, 12:20","","Pull Up (Assisted)",,"",1,"normal",14,6,,,
"Puregym","12 Jan 2025, 11:38","12 Jan 2025, 12:20","","Pull Up (Assisted)",,"",2,"normal",9,6,,,
"Puregym","12 Jan 2025, 11:38","12 Jan 2025, 12:20","","Butterfly (Pec Deck)",,"",0,"normal",52,8,,,
"Puregym","12 Jan 2025, 11:38","12 Jan 2025, 12:20","","Butterfly (Pec Deck)",,"",1,"normal",100,8,,,
"Puregym","12 Jan 2025, 11:38","12 Jan 2025, 12:20","","Butterfly (Pec Deck)",,"",2,"normal",107,8,,,
"Puregym","12 Jan 2025, 11:38","12 Jan 2025, 12:20","","Butterfly (Pec Deck)",,"",3,"normal",107,8,,,
"Puregym","12 Jan 2025, 11:38","12 Jan 2025, 12:20","","Chest Press (Machine)",,"",0,"normal",39,8,,,
"Puregym","12 Jan 2025, 11:38","12 Jan 2025, 12:20","","Chest Press (Machine)",,"",1,"normal",73,6,,,
"Puregym","12 Jan 2025, 11:38","12 Jan 2025, 12:20","","Chest Press (Machine)",,"",2,"normal",68,8,,,
"Puregym","12 Jan 2025, 11:38","12 Jan 2025, 12:20","","Chest Press (Machine)",,"",3,"normal",68,8,,,
"Puregym","12 Jan 2025, 11:38","12 Jan 2025, 12:20","","Seated Row (Machine)",,"",0,"normal",32,8,,,
"Puregym","12 Jan 2025, 11:38","12 Jan 2025, 12:20","","Seated Row (Machine)",,"",1,"normal",52,8,,,
"Puregym","12 Jan 2025, 11:38","12 Jan 2025, 12:20","","Seated Row (Machine)",,"",2,"normal",52,8,,,
"Puregym","12 Jan 2025, 11:38","12 Jan 2025, 12:20","","Seated Row (Machine)",,"",3,"normal",52,8,,,
"Puregym","12 Jan 2025, 11:38","12 Jan 2025, 12:20","","Lunge",,"",0,"normal",,8,,,
"Puregym","12 Jan 2025, 11:38","12 Jan 2025, 12:20","","Reverse Lunge (Dumbbell)",,"",0,"normal",14,8,,,
"Puregym","12 Jan 2025, 11:38","12 Jan 2025, 12:20","","Reverse Lunge (Dumbbell)",,"",1,"normal",20,2,,,
"Abs","9 Jan 2025, 21:20","9 Jan 2025, 21:21","","Plank",,"",0,"normal",,,,86,
"Puregym","9 Jan 2025, 20:48","9 Jan 2025, 21:21","","Pull Up (Assisted)",,"",0,"normal",23,8,,,
"Puregym","9 Jan 2025, 20:48","9 Jan 2025, 21:21","","Pull Up (Assisted)",,"",1,"normal",14,6,,,
"Puregym","9 Jan 2025, 20:48","9 Jan 2025, 21:21","","Pull Up (Assisted)",,"",2,"normal",9,6,,,
"Puregym","9 Jan 2025, 20:48","9 Jan 2025, 21:21","","Chest Press (Machine)",,"",0,"normal",39,8,,,
"Puregym","9 Jan 2025, 20:48","9 Jan 2025, 21:21","","Chest Press (Machine)",,"",1,"normal",73,6,,,
"Puregym","9 Jan 2025, 20:48","9 Jan 2025, 21:21","","Chest Press (Machine)",,"",2,"normal",73,8,,,
"Puregym","9 Jan 2025, 20:48","9 Jan 2025, 21:21","","Butterfly (Pec Deck)",,"",0,"normal",52,8,,,
"Puregym","9 Jan 2025, 20:48","9 Jan 2025, 21:21","","Butterfly (Pec Deck)",,"",1,"normal",100,8,,,
"Puregym","9 Jan 2025, 20:48","9 Jan 2025, 21:21","","Butterfly (Pec Deck)",,"",2,"normal",100,8,,,
"Puregym","9 Jan 2025, 20:48","9 Jan 2025, 21:21","","Shoulder Press (Dumbbell)",,"",0,"normal",24,8,,,
"Puregym","9 Jan 2025, 20:48","9 Jan 2025, 21:21","","Shoulder Press (Dumbbell)",,"",1,"normal",36,8,,,
"Puregym","9 Jan 2025, 20:48","9 Jan 2025, 21:21","","Shoulder Press (Dumbbell)",,"",2,"normal",36,8,,,
"Puregym","9 Jan 2025, 20:48","9 Jan 2025, 21:21","","Shoulder Press (Dumbbell)",,"",3,"normal",36,6,,,
"Puregym","9 Jan 2025, 20:48","9 Jan 2025, 21:21","","Lunge",,"",0,"normal",,10,,,
"Puregym","9 Jan 2025, 20:48","9 Jan 2025, 21:21","","Reverse Lunge (Dumbbell)",,"",0,"normal",10,8,,,
"Puregym","9 Jan 2025, 20:48","9 Jan 2025, 21:21","","Reverse Lunge (Dumbbell)",,"",1,"normal",14,8,,,
"Functional","8 Jan 2025, 19:26","8 Jan 2025, 20:04","","Chest Press (Machine)",,"",0,"normal",45,8,,,
"Functional","8 Jan 2025, 19:26","8 Jan 2025, 20:04","","Chest Press (Machine)",,"",1,"normal",85,8,,,
"Functional","8 Jan 2025, 19:26","8 Jan 2025, 20:04","","Chest Press (Machine)",,"",2,"normal",85,8,,,
"Functional","8 Jan 2025, 19:26","8 Jan 2025, 20:04","","Chest Press (Machine)",,"",3,"normal",90,6,,,
"Functional","8 Jan 2025, 19:26","8 Jan 2025, 20:04","","Reverse Lunge (Dumbbell)",,"",0,"normal",,10,,,
"Functional","8 Jan 2025, 19:26","8 Jan 2025, 20:04","","Reverse Lunge (Dumbbell)",,"",1,"normal",,6,,,
"Functional","8 Jan 2025, 19:26","8 Jan 2025, 20:04","","Reverse Lunge (Dumbbell)",,"",2,"normal",15,6,,,
"Functional","8 Jan 2025, 19:26","8 Jan 2025, 20:04","","Shoulder Press (Dumbbell)",,"",0,"normal",24,8,,,
"Functional","8 Jan 2025, 19:26","8 Jan 2025, 20:04","","Shoulder Press (Dumbbell)",,"",1,"normal",36,8,,,
"Functional","8 Jan 2025, 19:26","8 Jan 2025, 20:04","","Shoulder Press (Dumbbell)",,"",2,"normal",36,8,,,
"Functional","8 Jan 2025, 19:26","8 Jan 2025, 20:04","","Shoulder Press (Dumbbell)",,"",3,"normal",36,8,,,
"Functional","8 Jan 2025, 19:26","8 Jan 2025, 20:04","","Pull Up (Assisted)",,"",0,"normal",21,5,,,
"Functional","8 Jan 2025, 19:26","8 Jan 2025, 20:04","","Pull Up (Assisted)",,"",1,"normal",14,6,,,
"Functional","8 Jan 2025, 19:26","8 Jan 2025, 20:04","","Pull Up (Assisted)",,"",2,"normal",14,6,,,
"Functional","8 Jan 2025, 19:26","8 Jan 2025, 20:04","","Seated Row (Machine)",,"",0,"normal",45,8,,,
"Functional","8 Jan 2025, 19:26","8 Jan 2025, 20:04","","Seated Row (Machine)",,"",1,"normal",85,6,,,
"Functional","8 Jan 2025, 19:26","8 Jan 2025, 20:04","","Seated Row (Machine)",,"",2,"normal",80,7,,,
"Functional","8 Jan 2025, 19:26","8 Jan 2025, 20:04","","Seated Row (Machine)",,"",3,"normal",75,6,,,
"Functional","8 Jan 2025, 19:26","8 Jan 2025, 20:04","","Butterfly (Pec Deck)",,"",0,"normal",15,8,,,
"Functional","8 Jan 2025, 19:26","8 Jan 2025, 20:04","","Butterfly (Pec Deck)",,"",1,"normal",25,8,,,
"Abs","6 Jan 2025, 13:19","6 Jan 2025, 13:25","","Crunch",,"",0,"normal",,12,,,
"Abs","6 Jan 2025, 13:19","6 Jan 2025, 13:25","","Crunch",,"",1,"normal",,12,,,
"Abs","6 Jan 2025, 13:19","6 Jan 2025, 13:25","","Plank",,"",0,"normal",,,,70,
"Abs","6 Jan 2025, 13:19","6 Jan 2025, 13:25","","Side Plank",,"",0,"normal",,,,32,
"Abs","6 Jan 2025, 13:19","6 Jan 2025, 13:25","","Side Plank",,"",1,"normal",,,,32,
"Puregym","6 Jan 2025, 12:54","6 Jan 2025, 13:18","","Pull Up (Assisted)",,"",0,"normal",18,8,,,
"Puregym","6 Jan 2025, 12:54","6 Jan 2025, 13:18","","Pull Up (Assisted)",,"",1,"normal",18,8,,,
"Puregym","6 Jan 2025, 12:54","6 Jan 2025, 13:18","","Pull Up (Assisted)",,"",2,"normal",14,8,,,
"Puregym","6 Jan 2025, 12:54","6 Jan 2025, 13:18","","Butterfly (Pec Deck)",,"",0,"normal",52,8,,,
"Puregym","6 Jan 2025, 12:54","6 Jan 2025, 13:18","","Butterfly (Pec Deck)",,"",1,"normal",93,10,,,
"Puregym","6 Jan 2025, 12:54","6 Jan 2025, 13:18","","Butterfly (Pec Deck)",,"",2,"normal",100,8,,,
"Puregym","6 Jan 2025, 12:54","6 Jan 2025, 13:18","","Butterfly (Pec Deck)",,"",3,"normal",100,8,,,
"Puregym","6 Jan 2025, 12:54","6 Jan 2025, 13:18","","Seated Row (Machine)",,"",0,"normal",32,8,,,
"Puregym","6 Jan 2025, 12:54","6 Jan 2025, 13:18","","Seated Row (Machine)",,"",1,"normal",52,6,,,
"Puregym","6 Jan 2025, 12:54","6 Jan 2025, 13:18","","Seated Row (Machine)",,"",2,"normal",45,8,,,
"Puregym","6 Jan 2025, 12:54","6 Jan 2025, 13:18","","Shoulder Press (Dumbbell)",,"",0,"normal",24,8,,,
"Puregym","6 Jan 2025, 12:54","6 Jan 2025, 13:18","","Shoulder Press (Dumbbell)",,"",1,"normal",36,8,,,
"Puregym","6 Jan 2025, 12:54","6 Jan 2025, 13:18","","Shoulder Press (Dumbbell)",,"",2,"normal",36,6,,,
"Puregym","6 Jan 2025, 12:54","6 Jan 2025, 13:18","","Shoulder Press (Dumbbell)",,"",3,"normal",36,5,,,
"Puregym","6 Jan 2025, 12:54","6 Jan 2025, 13:18","","Chest Press (Machine)",,"",0,"normal",39,8,,,
"Puregym","6 Jan 2025, 12:54","6 Jan 2025, 13:18","","Chest Press (Machine)",,"",1,"normal",73,6,,,
"Puregym","6 Jan 2025, 12:54","6 Jan 2025, 13:18","","Chest Press (Machine)",,"",2,"normal",66,8,,,
"Puregym","6 Jan 2025, 12:54","6 Jan 2025, 13:18","","Chest Press (Machine)",,"",3,"normal",66,8,,,
"Abs","4 Jan 2025, 18:21","4 Jan 2025, 18:27","","Crunch",,"",0,"normal",,12,,,
"Abs","4 Jan 2025, 18:21","4 Jan 2025, 18:27","","Crunch",,"",1,"normal",,12,,,
"Abs","4 Jan 2025, 18:21","4 Jan 2025, 18:27","","Plank",,"",0,"normal",,,,62,
"Abs","4 Jan 2025, 18:21","4 Jan 2025, 18:27","","Side Plank",,"",0,"normal",,,,31,
"Abs","4 Jan 2025, 18:21","4 Jan 2025, 18:27","","Side Plank",,"",1,"normal",,,,30,
"Puregym","4 Jan 2025, 17:40","4 Jan 2025, 18:20","","Seated Row (Machine)",,"",0,"normal",52,8,,,
"Puregym","4 Jan 2025, 17:40","4 Jan 2025, 18:20","","Seated Row (Machine)",,"",1,"normal",66,5,,,
"Puregym","4 Jan 2025, 17:40","4 Jan 2025, 18:20","","Seated Row (Machine)",,"",2,"normal",59,8,,,
"Puregym","4 Jan 2025, 17:40","4 Jan 2025, 18:20","","Butterfly (Pec Deck)",,"",0,"normal",52,8,,,
"Puregym","4 Jan 2025, 17:40","4 Jan 2025, 18:20","","Butterfly (Pec Deck)",,"",1,"normal",93,8,,,
"Puregym","4 Jan 2025, 17:40","4 Jan 2025, 18:20","","Butterfly (Pec Deck)",,"",2,"normal",93,8,,,
"Puregym","4 Jan 2025, 17:40","4 Jan 2025, 18:20","","Butterfly (Pec Deck)",,"",3,"normal",93,10,,,
"Puregym","4 Jan 2025, 17:40","4 Jan 2025, 18:20","","Pull Up (Assisted)",,"",0,"normal",23,8,,,
"Puregym","4 Jan 2025, 17:40","4 Jan 2025, 18:20","","Pull Up (Assisted)",,"",1,"normal",18,8,,,
"Puregym","4 Jan 2025, 17:40","4 Jan 2025, 18:20","","Pull Up (Assisted)",,"",2,"normal",14,6,,,
"Puregym","4 Jan 2025, 17:40","4 Jan 2025, 18:20","","Chest Press (Machine)",,"",0,"normal",39,8,,,
"Puregym","4 Jan 2025, 17:40","4 Jan 2025, 18:20","","Chest Press (Machine)",,"",1,"normal",73,6,,,
"Puregym","4 Jan 2025, 17:40","4 Jan 2025, 18:20","","Chest Press (Machine)",,"",2,"normal",73,8,,,
"Puregym","4 Jan 2025, 17:40","4 Jan 2025, 18:20","","Chest Press (Machine)",,"",3,"normal",73,6,,,
"Puregym","4 Jan 2025, 17:40","4 Jan 2025, 18:20","","Lunge",,"",0,"normal",,1,,,
"Puregym","4 Jan 2025, 17:40","4 Jan 2025, 18:20","","Shoulder Press (Dumbbell)",,"",0,"normal",24,8,,,
"Puregym","4 Jan 2025, 17:40","4 Jan 2025, 18:20","","Shoulder Press (Dumbbell)",,"",1,"normal",36,8,,,
"Puregym","4 Jan 2025, 17:40","4 Jan 2025, 18:20","","Shoulder Press (Dumbbell)",,"",2,"normal",36,8,,,
"Puregym","4 Jan 2025, 17:40","4 Jan 2025, 18:20","","Shoulder Press (Dumbbell)",,"",3,"normal",36,4,,,
"Functional","2 Jan 2025, 14:21","2 Jan 2025, 14:55","","Seated Row (Machine)",,"",0,"normal",45,8,,,
"Functional","2 Jan 2025, 14:21","2 Jan 2025, 14:55","","Seated Row (Machine)",,"",1,"normal",85,8,,,
"Functional","2 Jan 2025, 14:21","2 Jan 2025, 14:55","","Seated Row (Machine)",,"",2,"normal",85,8,,,
"Functional","2 Jan 2025, 14:21","2 Jan 2025, 14:55","","Seated Row (Machine)",,"",3,"normal",85,8,,,
"Functional","2 Jan 2025, 14:21","2 Jan 2025, 14:55","","Chest Press (Machine)",,"",0,"normal",45,8,,,
"Functional","2 Jan 2025, 14:21","2 Jan 2025, 14:55","","Chest Press (Machine)",,"",1,"normal",85,8,,,
"Functional","2 Jan 2025, 14:21","2 Jan 2025, 14:55","","Chest Press (Machine)",,"",2,"normal",85,8,,,
"Functional","2 Jan 2025, 14:21","2 Jan 2025, 14:55","","Chest Press (Machine)",,"",3,"normal",90,8,,,
"Functional","2 Jan 2025, 14:21","2 Jan 2025, 14:55","","Shoulder Press (Dumbbell)",,"",0,"normal",24,8,,,
"Functional","2 Jan 2025, 14:21","2 Jan 2025, 14:55","","Shoulder Press (Dumbbell)",,"",1,"normal",36,8,,,
"Functional","2 Jan 2025, 14:21","2 Jan 2025, 14:55","","Shoulder Press (Dumbbell)",,"",2,"normal",36,8,,,
"Functional","2 Jan 2025, 14:21","2 Jan 2025, 14:55","","Shoulder Press (Dumbbell)",,"",3,"normal",36,5,,,
"Functional","2 Jan 2025, 14:21","2 Jan 2025, 14:55","","Pull Up (Assisted)",,"",0,"normal",21,8,,,
"Functional","2 Jan 2025, 14:21","2 Jan 2025, 14:55","","Pull Up (Assisted)",,"",1,"normal",21,6,,,
"Functional","2 Jan 2025, 14:21","2 Jan 2025, 14:55","","Butterfly (Pec Deck)",,"",0,"normal",15,8,,,
"Functional","2 Jan 2025, 14:21","2 Jan 2025, 14:55","","Bench Press (Dumbbell)",,"",0,"normal",24,8,,,
"Functional","30 Dec 2024, 11:15","30 Dec 2024, 12:02","","Pull Up (Assisted)",,"",0,"normal",21,8,,,
"Functional","30 Dec 2024, 11:15","30 Dec 2024, 12:02","","Pull Up (Assisted)",,"",1,"normal",21,6,,,
"Functional","30 Dec 2024, 11:15","30 Dec 2024, 12:02","","Chest Press (Machine)",,"",0,"normal",45,8,,,
"Functional","30 Dec 2024, 11:15","30 Dec 2024, 12:02","","Chest Press (Machine)",,"",1,"normal",85,8,,,
"Functional","30 Dec 2024, 11:15","30 Dec 2024, 12:02","","Chest Press (Machine)",,"",2,"normal",85,8,,,
"Functional","30 Dec 2024, 11:15","30 Dec 2024, 12:02","","Chest Press (Machine)",,"",3,"normal",85,7,,,
"Functional","30 Dec 2024, 11:15","30 Dec 2024, 12:02","","Bulgarian Split Squat",,"",0,"normal",,8,,,
"Functional","30 Dec 2024, 11:15","30 Dec 2024, 12:02","","Butterfly (Pec Deck)",,"",0,"normal",20,8,,,
"Functional","30 Dec 2024, 11:15","30 Dec 2024, 12:02","","Butterfly (Pec Deck)",,"",1,"normal",30,8,,,
"Functional","30 Dec 2024, 11:15","30 Dec 2024, 12:02","","Butterfly (Pec Deck)",,"",2,"normal",25,8,,,
"Functional","30 Dec 2024, 11:15","30 Dec 2024, 12:02","","Seated Row (Machine)",,"",0,"normal",45,8,,,
"Functional","30 Dec 2024, 11:15","30 Dec 2024, 12:02","","Seated Row (Machine)",,"",1,"normal",85,8,,,
"Functional","30 Dec 2024, 11:15","30 Dec 2024, 12:02","","Seated Row (Machine)",,"",2,"normal",85,8,,,
"Functional","30 Dec 2024, 11:15","30 Dec 2024, 12:02","","Seated Row (Machine)",,"",3,"normal",85,8,,,
"Functional","30 Dec 2024, 11:15","30 Dec 2024, 12:02","","Shoulder Press (Dumbbell)",,"",0,"normal",20,8,,,
"Functional","30 Dec 2024, 11:15","30 Dec 2024, 12:02","","Shoulder Press (Dumbbell)",,"",1,"normal",32,8,,,
"Functional","30 Dec 2024, 11:15","30 Dec 2024, 12:02","","Shoulder Press (Dumbbell)",,"",2,"normal",36,8,,,
"Functional","30 Dec 2024, 11:15","30 Dec 2024, 12:02","","Shoulder Press (Dumbbell)",,"",3,"normal",36,6,,,
"Functional","30 Dec 2024, 11:15","30 Dec 2024, 12:02","","Bench Press (Dumbbell)",,"",0,"normal",24,8,,,
"Functional","26 Dec 2024, 18:42","26 Dec 2024, 19:44","","Shoulder Press (Dumbbell)",,"",0,"normal",20,8,,,
"Functional","26 Dec 2024, 18:42","26 Dec 2024, 19:44","","Shoulder Press (Dumbbell)",,"",1,"normal",36,8,,,
"Functional","26 Dec 2024, 18:42","26 Dec 2024, 19:44","","Shoulder Press (Dumbbell)",,"",2,"normal",36,8,,,
"Functional","26 Dec 2024, 18:42","26 Dec 2024, 19:44","","Shoulder Press (Dumbbell)",,"",3,"normal",36,6,,,
"Functional","26 Dec 2024, 18:42","26 Dec 2024, 19:44","","Butterfly (Pec Deck)",,"",0,"normal",32,10,,,
"Functional","26 Dec 2024, 18:42","26 Dec 2024, 19:44","","Butterfly (Pec Deck)",,"",1,"normal",86,8,,,
"Functional","26 Dec 2024, 18:42","26 Dec 2024, 19:44","","Butterfly (Pec Deck)",,"",2,"normal",93,8,,,
"Functional","26 Dec 2024, 18:42","26 Dec 2024, 19:44","","Butterfly (Pec Deck)",,"",3,"normal",100,8,,,
"Functional","26 Dec 2024, 18:42","26 Dec 2024, 19:44","","Butterfly (Pec Deck)",,"",4,"normal",107,6,,,
"Functional","26 Dec 2024, 18:42","26 Dec 2024, 19:44","","Pull Up (Assisted)",,"",0,"normal",23,6,,,
"Functional","26 Dec 2024, 18:42","26 Dec 2024, 19:44","","Pull Up (Assisted)",,"",1,"normal",23,6,,,
"Functional","26 Dec 2024, 18:42","26 Dec 2024, 19:44","","Pull Up (Assisted)",,"",2,"normal",23,6,,,
"Functional","26 Dec 2024, 18:42","26 Dec 2024, 19:44","","Seated Row (Machine)",,"",0,"normal",45,8,,,
"Functional","26 Dec 2024, 18:42","26 Dec 2024, 19:44","","Seated Row (Machine)",,"",1,"normal",45,8,,,
"Functional","26 Dec 2024, 18:42","26 Dec 2024, 19:44","","Seated Row (Machine)",,"",2,"normal",45,8,,,
"Functional","26 Dec 2024, 18:42","26 Dec 2024, 19:44","","Bench Press (Dumbbell)",,"",0,"normal",24,8,,,
"Functional","26 Dec 2024, 18:42","26 Dec 2024, 19:44","","Bench Press (Dumbbell)",,"",1,"normal",40,8,,,
"Functional","26 Dec 2024, 18:42","26 Dec 2024, 19:44","","Bench Press (Dumbbell)",,"",2,"normal",40,8,,,
"Functional","26 Dec 2024, 18:42","26 Dec 2024, 19:44","","Bench Press (Dumbbell)",,"",3,"normal",44,8,,,
"Functional","26 Dec 2024, 18:42","26 Dec 2024, 19:44","","Bulgarian Split Squat",,"",0,"normal",,8,,,
"Functional","26 Dec 2024, 18:42","26 Dec 2024, 19:44","","Bulgarian Split Squat",,"",1,"normal",10,8,,,
"Functional","26 Dec 2024, 18:42","26 Dec 2024, 19:44","","Bulgarian Split Squat",,"",2,"normal",15,8,,,
"Functional","26 Dec 2024, 18:42","26 Dec 2024, 19:44","","Bulgarian Split Squat",,"",3,"normal",15,8,,,
"Functional","26 Dec 2024, 18:42","26 Dec 2024, 19:44","","Bulgarian Split Squat",,"",4,"normal",20,8,,,
"Functional","26 Dec 2024, 18:42","26 Dec 2024, 19:44","","Chest Press (Machine)",,"",0,"normal",85,8,,,
"Functional","23 Dec 2024, 13:16","23 Dec 2024, 14:04","","Chest Press (Machine)",,"",0,"normal",45,8,,,
"Functional","23 Dec 2024, 13:16","23 Dec 2024, 14:04","","Chest Press (Machine)",,"",1,"normal",85,8,,,
"Functional","23 Dec 2024, 13:16","23 Dec 2024, 14:04","","Chest Press (Machine)",,"",2,"normal",85,8,,,
"Functional","23 Dec 2024, 13:16","23 Dec 2024, 14:04","","Chest Press (Machine)",,"",3,"normal",85,8,,,
"Functional","23 Dec 2024, 13:16","23 Dec 2024, 14:04","","Seated Row (Machine)",,"",0,"normal",45,8,,,
"Functional","23 Dec 2024, 13:16","23 Dec 2024, 14:04","","Seated Row (Machine)",,"",1,"normal",85,8,,,
"Functional","23 Dec 2024, 13:16","23 Dec 2024, 14:04","","Seated Row (Machine)",,"",2,"normal",85,8,,,
"Functional","23 Dec 2024, 13:16","23 Dec 2024, 14:04","","Seated Row (Machine)",,"",3,"normal",85,8,,,
"Functional","23 Dec 2024, 13:16","23 Dec 2024, 14:04","","Reverse Lunge (Dumbbell)",,"",0,"normal",,8,,,
"Functional","23 Dec 2024, 13:16","23 Dec 2024, 14:04","","Reverse Lunge (Dumbbell)",,"",1,"normal",25,8,,,
"Functional","23 Dec 2024, 13:16","23 Dec 2024, 14:04","","Reverse Lunge (Dumbbell)",,"",2,"normal",25,8,,,
"Functional","23 Dec 2024, 13:16","23 Dec 2024, 14:04","","Reverse Lunge (Dumbbell)",,"",3,"normal",25,8,,,
"Functional","23 Dec 2024, 13:16","23 Dec 2024, 14:04","","Shoulder Press (Dumbbell)",,"",0,"normal",20,8,,,
"Functional","23 Dec 2024, 13:16","23 Dec 2024, 14:04","","Shoulder Press (Dumbbell)",,"",1,"normal",32,8,,,
"Functional","23 Dec 2024, 13:16","23 Dec 2024, 14:04","","Shoulder Press (Dumbbell)",,"",2,"normal",36,8,,,
"Functional","23 Dec 2024, 13:16","23 Dec 2024, 14:04","","Shoulder Press (Dumbbell)",,"",3,"normal",36,6,,,
"Functional","23 Dec 2024, 13:16","23 Dec 2024, 14:04","","Pull Up (Assisted)",,"",0,"normal",28,8,,,
"Functional","23 Dec 2024, 13:16","23 Dec 2024, 14:04","","Pull Up (Assisted)",,"",1,"normal",28,6,,,
"Functional","23 Dec 2024, 13:16","23 Dec 2024, 14:04","","Single leg sit-to-stand",,"",0,"normal",,8,,,
"Functional","23 Dec 2024, 13:16","23 Dec 2024, 14:04","","Single leg sit-to-stand",,"",1,"normal",,8,,,
"Functional","23 Dec 2024, 13:16","23 Dec 2024, 14:04","","Single leg sit-to-stand",,"",2,"normal",,8,,,
"Functional","21 Dec 2024, 10:18","21 Dec 2024, 11:08","","Seated Row (Machine)",,"",0,"normal",45,8,,,
"Functional","21 Dec 2024, 10:18","21 Dec 2024, 11:08","","Seated Row (Machine)",,"",1,"normal",85,8,,,
"Functional","21 Dec 2024, 10:18","21 Dec 2024, 11:08","","Seated Row (Machine)",,"",2,"normal",85,8,,,
"Functional","21 Dec 2024, 10:18","21 Dec 2024, 11:08","","Seated Row (Machine)",,"",3,"normal",85,8,,,
"Functional","21 Dec 2024, 10:18","21 Dec 2024, 11:08","","Shoulder Press (Dumbbell)",,"",0,"normal",24,8,,,
"Functional","21 Dec 2024, 10:18","21 Dec 2024, 11:08","","Shoulder Press (Dumbbell)",,"",1,"normal",36,8,,,
"Functional","21 Dec 2024, 10:18","21 Dec 2024, 11:08","","Shoulder Press (Dumbbell)",,"",2,"normal",36,8,,,
"Functional","21 Dec 2024, 10:18","21 Dec 2024, 11:08","","Shoulder Press (Dumbbell)",,"",3,"normal",36,8,,,
"Functional","21 Dec 2024, 10:18","21 Dec 2024, 11:08","","Reverse Lunge (Dumbbell)",,"",0,"normal",,8,,,
"Functional","21 Dec 2024, 10:18","21 Dec 2024, 11:08","","Reverse Lunge (Dumbbell)",,"",1,"normal",25,8,,,
"Functional","21 Dec 2024, 10:18","21 Dec 2024, 11:08","","Reverse Lunge (Dumbbell)",,"",2,"normal",25,8,,,
"Functional","21 Dec 2024, 10:18","21 Dec 2024, 11:08","","Reverse Lunge (Dumbbell)",,"",3,"normal",25,8,,,
"Functional","21 Dec 2024, 10:18","21 Dec 2024, 11:08","","Chest Press (Machine)",,"",0,"normal",45,8,,,
"Functional","21 Dec 2024, 10:18","21 Dec 2024, 11:08","","Chest Press (Machine)",,"",1,"normal",85,8,,,
"Functional","21 Dec 2024, 10:18","21 Dec 2024, 11:08","","Chest Press (Machine)",,"",2,"normal",85,8,,,
"Functional","21 Dec 2024, 10:18","21 Dec 2024, 11:08","","Chest Press (Machine)",,"",3,"normal",85,7,,,
"Functional","21 Dec 2024, 10:18","21 Dec 2024, 11:08","","Pull Up (Assisted)",,"",0,"normal",28,6,,,
"Functional","21 Dec 2024, 10:18","21 Dec 2024, 11:08","","Pull Up (Assisted)",,"",1,"normal",28,6,,,
"Functional","21 Dec 2024, 10:18","21 Dec 2024, 11:08","","Single leg sit-to-stand",,"",0,"normal",,8,,,
"Functional","21 Dec 2024, 10:18","21 Dec 2024, 11:08","","Single leg sit-to-stand",,"",1,"normal",,8,,,
"Functional","21 Dec 2024, 10:18","21 Dec 2024, 11:08","","Single leg sit-to-stand",,"",2,"normal",,8,,,
"Functional","18 Dec 2024, 13:05","18 Dec 2024, 13:42","","Chest Press (Machine)",,"",0,"normal",45,8,,,
"Functional","18 Dec 2024, 13:05","18 Dec 2024, 13:42","","Chest Press (Machine)",,"",1,"normal",85,8,,,
"Functional","18 Dec 2024, 13:05","18 Dec 2024, 13:42","","Chest Press (Machine)",,"",2,"normal",85,8,,,
"Functional","18 Dec 2024, 13:05","18 Dec 2024, 13:42","","Chest Press (Machine)",,"",3,"normal",85,5,,,
"Functional","18 Dec 2024, 13:05","18 Dec 2024, 13:42","","Seated Row (Machine)",,"",0,"normal",45,8,,,
"Functional","18 Dec 2024, 13:05","18 Dec 2024, 13:42","","Seated Row (Machine)",,"",1,"normal",85,8,,,
"Functional","18 Dec 2024, 13:05","18 Dec 2024, 13:42","","Seated Row (Machine)",,"",2,"normal",85,8,,,
"Functional","18 Dec 2024, 13:05","18 Dec 2024, 13:42","","Seated Row (Machine)",,"",3,"normal",85,8,,,
"Functional","18 Dec 2024, 13:05","18 Dec 2024, 13:42","","Shoulder Press (Dumbbell)",,"",0,"normal",24,8,,,
"Functional","18 Dec 2024, 13:05","18 Dec 2024, 13:42","","Shoulder Press (Dumbbell)",,"",1,"normal",36,8,,,
"Functional","18 Dec 2024, 13:05","18 Dec 2024, 13:42","","Shoulder Press (Dumbbell)",,"",2,"normal",36,7,,,
"Functional","18 Dec 2024, 13:05","18 Dec 2024, 13:42","","Shoulder Press (Dumbbell)",,"",3,"normal",32,8,,,
"Functional","18 Dec 2024, 13:05","18 Dec 2024, 13:42","","Reverse Lunge (Dumbbell)",,"",0,"normal",,8,,,
"Functional","18 Dec 2024, 13:05","18 Dec 2024, 13:42","","Reverse Lunge (Dumbbell)",,"",1,"normal",25,8,,,
"Functional","18 Dec 2024, 13:05","18 Dec 2024, 13:42","","Reverse Lunge (Dumbbell)",,"",2,"normal",25,8,,,
"Functional","18 Dec 2024, 13:05","18 Dec 2024, 13:42","","Reverse Lunge (Dumbbell)",,"",3,"normal",25,8,,,
"Functional","18 Dec 2024, 13:05","18 Dec 2024, 13:42","","Pull Up (Assisted)",,"",0,"normal",35,8,,,
"Functional","18 Dec 2024, 13:05","18 Dec 2024, 13:42","","Pull Up (Assisted)",,"",1,"normal",28,8,,,
"Functional","18 Dec 2024, 13:05","18 Dec 2024, 13:42","","Single leg sit-to-stand",,"",0,"normal",,8,,,
"Functional","18 Dec 2024, 13:05","18 Dec 2024, 13:42","","Single leg sit-to-stand",,"",1,"normal",,8,,,
"Functional","18 Dec 2024, 13:05","18 Dec 2024, 13:42","","Concentration Curl",,"",0,"normal",6,8,,,
"Functional","15 Dec 2024, 11:11","15 Dec 2024, 11:55","","Seated Row (Machine)",,"",0,"normal",45,8,,,
"Functional","15 Dec 2024, 11:11","15 Dec 2024, 11:55","","Seated Row (Machine)",,"",1,"normal",85,8,,,
"Functional","15 Dec 2024, 11:11","15 Dec 2024, 11:55","","Seated Row (Machine)",,"",2,"normal",85,8,,,
"Functional","15 Dec 2024, 11:11","15 Dec 2024, 11:55","","Seated Row (Machine)",,"",3,"normal",85,8,,,
"Functional","15 Dec 2024, 11:11","15 Dec 2024, 11:55","","Shoulder Press (Dumbbell)",,"",0,"normal",20,8,,,
"Functional","15 Dec 2024, 11:11","15 Dec 2024, 11:55","","Shoulder Press (Dumbbell)",,"",1,"normal",32,8,,,
"Functional","15 Dec 2024, 11:11","15 Dec 2024, 11:55","","Shoulder Press (Dumbbell)",,"",2,"normal",32,8,,,
"Functional","15 Dec 2024, 11:11","15 Dec 2024, 11:55","","Shoulder Press (Dumbbell)",,"",3,"normal",36,6,,,
"Functional","15 Dec 2024, 11:11","15 Dec 2024, 11:55","","Reverse Lunge (Dumbbell)",,"",0,"normal",,8,,,
"Functional","15 Dec 2024, 11:11","15 Dec 2024, 11:55","","Reverse Lunge (Dumbbell)",,"",1,"normal",25,8,,,
"Functional","15 Dec 2024, 11:11","15 Dec 2024, 11:55","","Reverse Lunge (Dumbbell)",,"",2,"normal",25,8,,,
"Functional","15 Dec 2024, 11:11","15 Dec 2024, 11:55","","Reverse Lunge (Dumbbell)",,"",3,"normal",25,8,,,
"Functional","15 Dec 2024, 11:11","15 Dec 2024, 11:55","","Chest Press (Machine)",,"",0,"normal",45,8,,,
"Functional","15 Dec 2024, 11:11","15 Dec 2024, 11:55","","Chest Press (Machine)",,"",1,"normal",85,8,,,
"Functional","15 Dec 2024, 11:11","15 Dec 2024, 11:55","","Chest Press (Machine)",,"",2,"normal",85,8,,,
"Functional","15 Dec 2024, 11:11","15 Dec 2024, 11:55","","Chest Press (Machine)",,"",3,"normal",85,6,,,
"Functional","15 Dec 2024, 11:11","15 Dec 2024, 11:55","","Single leg sit-to-stand",,"",0,"normal",,8,,,
"Functional","15 Dec 2024, 11:11","15 Dec 2024, 11:55","","Pull Up (Assisted)",,"",0,"normal",35,8,,,
"Functional","7 Dec 2024, 13:06","7 Dec 2024, 13:41","","Seated Row (Machine)",,"",0,"normal",45,8,,,
"Functional","7 Dec 2024, 13:06","7 Dec 2024, 13:41","","Seated Row (Machine)",,"",1,"normal",85,8,,,
"Functional","7 Dec 2024, 13:06","7 Dec 2024, 13:41","","Seated Row (Machine)",,"",2,"normal",85,8,,,
"Functional","7 Dec 2024, 13:06","7 Dec 2024, 13:41","","Seated Row (Machine)",,"",3,"normal",85,8,,,
"Functional","7 Dec 2024, 13:06","7 Dec 2024, 13:41","","Chest Press (Machine)",,"",0,"normal",45,8,,,
"Functional","7 Dec 2024, 13:06","7 Dec 2024, 13:41","","Chest Press (Machine)",,"",1,"normal",85,8,,,
"Functional","7 Dec 2024, 13:06","7 Dec 2024, 13:41","","Chest Press (Machine)",,"",2,"normal",85,8,,,
"Functional","7 Dec 2024, 13:06","7 Dec 2024, 13:41","","Chest Press (Machine)",,"",3,"normal",85,6,,,
"Functional","7 Dec 2024, 13:06","7 Dec 2024, 13:41","","Reverse Lunge (Dumbbell)",,"",0,"normal",,8,,,
"Functional","7 Dec 2024, 13:06","7 Dec 2024, 13:41","","Reverse Lunge (Dumbbell)",,"",1,"normal",25,8,,,
"Functional","7 Dec 2024, 13:06","7 Dec 2024, 13:41","","Reverse Lunge (Dumbbell)",,"",2,"normal",25,8,,,
"Functional","7 Dec 2024, 13:06","7 Dec 2024, 13:41","","Reverse Lunge (Dumbbell)",,"",3,"normal",25,8,,,
"Functional","7 Dec 2024, 13:06","7 Dec 2024, 13:41","","Shoulder Press (Dumbbell)",,"",0,"normal",20,8,,,
"Functional","7 Dec 2024, 13:06","7 Dec 2024, 13:41","","Shoulder Press (Dumbbell)",,"",1,"normal",36,8,,,
"Functional","7 Dec 2024, 13:06","7 Dec 2024, 13:41","","Shoulder Press (Dumbbell)",,"",2,"normal",36,8,,,
"Functional","7 Dec 2024, 13:06","7 Dec 2024, 13:41","","Shoulder Press (Dumbbell)",,"",3,"normal",36,4,,,
"Functional","7 Dec 2024, 13:06","7 Dec 2024, 13:41","","Pull Up (Assisted)",,"",0,"normal",35,4,,,
"Functional","7 Dec 2024, 13:06","7 Dec 2024, 13:41","","Pull Up (Assisted)",,"",1,"normal",35,3,,,
"Functional","7 Dec 2024, 13:06","7 Dec 2024, 13:41","","Single leg sit-to-stand",,"",0,"normal",,8,,,
"Functional","3 Dec 2024, 19:58","3 Dec 2024, 20:27","","Shoulder Press (Dumbbell)",,"",0,"normal",20,8,,,
"Functional","3 Dec 2024, 19:58","3 Dec 2024, 20:27","","Shoulder Press (Dumbbell)",,"",1,"normal",36,8,,,
"Functional","3 Dec 2024, 19:58","3 Dec 2024, 20:27","","Shoulder Press (Dumbbell)",,"",2,"normal",36,8,,,
"Functional","3 Dec 2024, 19:58","3 Dec 2024, 20:27","","Shoulder Press (Dumbbell)",,"",3,"normal",36,8,,,
"Functional","3 Dec 2024, 19:58","3 Dec 2024, 20:27","","Concentration Curl",,"",0,"normal",8,8,,,
"Functional","3 Dec 2024, 19:58","3 Dec 2024, 20:27","","Seated Row (Machine)",,"",0,"normal",45,8,,,
"Functional","3 Dec 2024, 19:58","3 Dec 2024, 20:27","","Seated Row (Machine)",,"",1,"normal",85,8,,,
"Functional","3 Dec 2024, 19:58","3 Dec 2024, 20:27","","Seated Row (Machine)",,"",2,"normal",85,8,,,
"Functional","3 Dec 2024, 19:58","3 Dec 2024, 20:27","","Seated Row (Machine)",,"",3,"normal",85,8,,,
"Functional","3 Dec 2024, 19:58","3 Dec 2024, 20:27","","Chest Press (Machine)",,"",0,"normal",45,8,,,
"Functional","3 Dec 2024, 19:58","3 Dec 2024, 20:27","","Chest Press (Machine)",,"",1,"normal",85,8,,,
"Functional","3 Dec 2024, 19:58","3 Dec 2024, 20:27","","Chest Press (Machine)",,"",2,"normal",85,8,,,
"Functional","3 Dec 2024, 19:58","3 Dec 2024, 20:27","","Chest Press (Machine)",,"",3,"normal",85,4,,,
"Functional","3 Dec 2024, 19:58","3 Dec 2024, 20:27","","Reverse Lunge (Dumbbell)",,"",0,"normal",,8,,,
"Functional","3 Dec 2024, 19:58","3 Dec 2024, 20:27","","Reverse Lunge (Dumbbell)",,"",1,"normal",25,8,,,
"Functional","3 Dec 2024, 19:58","3 Dec 2024, 20:27","","Reverse Lunge (Dumbbell)",,"",2,"normal",,8,,,
"Functional","3 Dec 2024, 19:58","3 Dec 2024, 20:27","","Reverse Lunge (Dumbbell)",,"",3,"normal",25,8,,,
"Functional","1 Dec 2024, 14:43","1 Dec 2024, 15:23","","Chest Press (Machine)",,"",0,"normal",45,8,,,
"Functional","1 Dec 2024, 14:43","1 Dec 2024, 15:23","","Chest Press (Machine)",,"",1,"normal",85,8,,,
"Functional","1 Dec 2024, 14:43","1 Dec 2024, 15:23","","Chest Press (Machine)",,"",2,"normal",85,8,,,
"Functional","1 Dec 2024, 14:43","1 Dec 2024, 15:23","","Chest Press (Machine)",,"",3,"normal",85,8,,,
"Functional","1 Dec 2024, 14:43","1 Dec 2024, 15:23","","Shoulder Press (Dumbbell)",,"",0,"normal",20,8,,,
"Functional","1 Dec 2024, 14:43","1 Dec 2024, 15:23","","Shoulder Press (Dumbbell)",,"",1,"normal",36,8,,,
"Functional","1 Dec 2024, 14:43","1 Dec 2024, 15:23","","Shoulder Press (Dumbbell)",,"",2,"normal",36,8,,,
"Functional","1 Dec 2024, 14:43","1 Dec 2024, 15:23","","Shoulder Press (Dumbbell)",,"",3,"normal",36,8,,,
"Functional","1 Dec 2024, 14:43","1 Dec 2024, 15:23","","Reverse Lunge (Dumbbell)",,"",0,"normal",,8,,,
"Functional","1 Dec 2024, 14:43","1 Dec 2024, 15:23","","Reverse Lunge (Dumbbell)",,"",1,"normal",25,8,,,
"Functional","1 Dec 2024, 14:43","1 Dec 2024, 15:23","","Reverse Lunge (Dumbbell)",,"",2,"normal",25,8,,,
"Functional","1 Dec 2024, 14:43","1 Dec 2024, 15:23","","Reverse Lunge (Dumbbell)",,"",3,"normal",25,8,,,
"Functional","1 Dec 2024, 14:43","1 Dec 2024, 15:23","","Single leg sit-to-stand",,"",0,"normal",,8,,,
"Functional","1 Dec 2024, 14:43","1 Dec 2024, 15:23","","Single leg sit-to-stand",,"",1,"normal",,8,,,
"Functional","1 Dec 2024, 14:43","1 Dec 2024, 15:23","","Single leg sit-to-stand",,"",2,"normal",,8,,,
"Functional","1 Dec 2024, 14:43","1 Dec 2024, 15:23","","Seated Row (Machine)",,"",0,"normal",45,8,,,
"Functional","1 Dec 2024, 14:43","1 Dec 2024, 15:23","","Seated Row (Machine)",,"",1,"normal",80,8,,,
"Functional","1 Dec 2024, 14:43","1 Dec 2024, 15:23","","Seated Row (Machine)",,"",2,"normal",80,8,,,
"Functional","1 Dec 2024, 14:43","1 Dec 2024, 15:23","","Seated Row (Machine)",,"",3,"normal",85,8,,,
"Functional","28 Nov 2024, 13:02","28 Nov 2024, 13:37","","Shoulder Press (Dumbbell)",,"",0,"normal",20,8,,,
"Functional","28 Nov 2024, 13:02","28 Nov 2024, 13:37","","Shoulder Press (Dumbbell)",,"",1,"normal",36,8,,,
"Functional","28 Nov 2024, 13:02","28 Nov 2024, 13:37","","Shoulder Press (Dumbbell)",,"",2,"normal",36,8,,,
"Functional","28 Nov 2024, 13:02","28 Nov 2024, 13:37","","Shoulder Press (Dumbbell)",,"",3,"normal",36,8,,,
"Functional","28 Nov 2024, 13:02","28 Nov 2024, 13:37","","Reverse Lunge (Dumbbell)",,"",0,"normal",,8,,,
"Functional","28 Nov 2024, 13:02","28 Nov 2024, 13:37","","Reverse Lunge (Dumbbell)",,"",1,"normal",25,8,,,
"Functional","28 Nov 2024, 13:02","28 Nov 2024, 13:37","","Reverse Lunge (Dumbbell)",,"",2,"normal",25,8,,,
"Functional","28 Nov 2024, 13:02","28 Nov 2024, 13:37","","Reverse Lunge (Dumbbell)",,"",3,"normal",25,8,,,
"Functional","28 Nov 2024, 13:02","28 Nov 2024, 13:37","","Chest Press (Machine)",,"",0,"normal",45,8,,,
"Functional","28 Nov 2024, 13:02","28 Nov 2024, 13:37","","Chest Press (Machine)",,"",1,"normal",85,8,,,
"Functional","28 Nov 2024, 13:02","28 Nov 2024, 13:37","","Chest Press (Machine)",,"",2,"normal",85,8,,,
"Functional","28 Nov 2024, 13:02","28 Nov 2024, 13:37","","Chest Press (Machine)",,"",3,"normal",85,8,,,
"Functional","28 Nov 2024, 13:02","28 Nov 2024, 13:37","","Seated Row (Machine)",,"",0,"normal",45,8,,,
"Functional","28 Nov 2024, 13:02","28 Nov 2024, 13:37","","Seated Row (Machine)",,"",1,"normal",80,8,,,
"Functional","28 Nov 2024, 13:02","28 Nov 2024, 13:37","","Seated Row (Machine)",,"",2,"normal",80,8,,,
"Functional","28 Nov 2024, 13:02","28 Nov 2024, 13:37","","Seated Row (Machine)",,"",3,"normal",80,8,,,
"Functional","28 Nov 2024, 13:02","28 Nov 2024, 13:37","","Single leg sit-to-stand",,"",0,"normal",,8,,,
"Functional","28 Nov 2024, 13:02","28 Nov 2024, 13:37","","Single leg sit-to-stand",,"",1,"normal",,8,,,
"Functional","24 Nov 2024, 15:31","24 Nov 2024, 16:18","","Chest Press (Machine)",,"",0,"normal",45,8,,,
"Functional","24 Nov 2024, 15:31","24 Nov 2024, 16:18","","Chest Press (Machine)",,"",1,"normal",85,8,,,
"Functional","24 Nov 2024, 15:31","24 Nov 2024, 16:18","","Chest Press (Machine)",,"",2,"normal",85,8,,,
"Functional","24 Nov 2024, 15:31","24 Nov 2024, 16:18","","Chest Press (Machine)",,"",3,"normal",85,8,,,
"Functional","24 Nov 2024, 15:31","24 Nov 2024, 16:18","","Seated Row (Machine)",,"",0,"normal",45,8,,,
"Functional","24 Nov 2024, 15:31","24 Nov 2024, 16:18","","Seated Row (Machine)",,"",1,"normal",80,8,,,
"Functional","24 Nov 2024, 15:31","24 Nov 2024, 16:18","","Seated Row (Machine)",,"",2,"normal",80,8,,,
"Functional","24 Nov 2024, 15:31","24 Nov 2024, 16:18","","Seated Row (Machine)",,"",3,"normal",80,8,,,
"Functional","24 Nov 2024, 15:31","24 Nov 2024, 16:18","","Shoulder Press (Dumbbell)",,"",0,"normal",20,8,,,
"Functional","24 Nov 2024, 15:31","24 Nov 2024, 16:18","","Shoulder Press (Dumbbell)",,"",1,"normal",36,8,,,
"Functional","24 Nov 2024, 15:31","24 Nov 2024, 16:18","","Shoulder Press (Dumbbell)",,"",2,"normal",36,8,,,
"Functional","24 Nov 2024, 15:31","24 Nov 2024, 16:18","","Shoulder Press (Dumbbell)",,"",3,"normal",36,8,,,
"Functional","24 Nov 2024, 15:31","24 Nov 2024, 16:18","","Reverse Lunge (Dumbbell)",,"",0,"normal",,8,,,
"Functional","24 Nov 2024, 15:31","24 Nov 2024, 16:18","","Reverse Lunge (Dumbbell)",,"",1,"normal",25,8,,,
"Functional","24 Nov 2024, 15:31","24 Nov 2024, 16:18","","Reverse Lunge (Dumbbell)",,"",2,"normal",25,8,,,
"Functional","24 Nov 2024, 15:31","24 Nov 2024, 16:18","","Reverse Lunge (Dumbbell)",,"",3,"normal",25,8,,,
"Functional","24 Nov 2024, 15:31","24 Nov 2024, 16:18","","Single leg sit-to-stand",,"",0,"normal",,8,,,
"Functional","24 Nov 2024, 15:31","24 Nov 2024, 16:18","","Single leg sit-to-stand",,"",1,"normal",,8,,,
"Functional","24 Nov 2024, 15:31","24 Nov 2024, 16:18","","Single leg sit-to-stand",,"",2,"normal",,8,,,
"Functional","21 Nov 2024, 19:27","21 Nov 2024, 19:56","","Seated Row (Machine)",,"",0,"normal",45,8,,,
"Functional","21 Nov 2024, 19:27","21 Nov 2024, 19:56","","Seated Row (Machine)",,"",1,"normal",80,8,,,
"Functional","21 Nov 2024, 19:27","21 Nov 2024, 19:56","","Seated Row (Machine)",,"",2,"normal",80,8,,,
"Functional","21 Nov 2024, 19:27","21 Nov 2024, 19:56","","Seated Row (Machine)",,"",3,"normal",80,8,,,
"Functional","21 Nov 2024, 19:27","21 Nov 2024, 19:56","","Shoulder Press (Dumbbell)",,"",0,"normal",20,8,,,
"Functional","21 Nov 2024, 19:27","21 Nov 2024, 19:56","","Shoulder Press (Dumbbell)",,"",1,"normal",36,8,,,
"Functional","21 Nov 2024, 19:27","21 Nov 2024, 19:56","","Shoulder Press (Dumbbell)",,"",2,"normal",36,6,,,
"Functional","21 Nov 2024, 19:27","21 Nov 2024, 19:56","","Shoulder Press (Dumbbell)",,"",3,"normal",36,6,,,
"Functional","21 Nov 2024, 19:27","21 Nov 2024, 19:56","","Chest Press (Machine)",,"",0,"normal",45,8,,,
"Functional","21 Nov 2024, 19:27","21 Nov 2024, 19:56","","Chest Press (Machine)",,"",1,"normal",85,8,,,
"Functional","21 Nov 2024, 19:27","21 Nov 2024, 19:56","","Chest Press (Machine)",,"",2,"normal",85,5,,,
"Functional","21 Nov 2024, 19:27","21 Nov 2024, 19:56","","Chest Press (Machine)",,"",3,"normal",80,6,,,
"Functional","21 Nov 2024, 19:27","21 Nov 2024, 19:56","","Reverse Lunge (Dumbbell)",,"",0,"normal",,6,,,
"Functional","21 Nov 2024, 19:27","21 Nov 2024, 19:56","","Reverse Lunge (Dumbbell)",,"",1,"normal",25,8,,,
"Functional","21 Nov 2024, 19:27","21 Nov 2024, 19:56","","Reverse Lunge (Dumbbell)",,"",2,"normal",25,3,,,
"Functional","19 Nov 2024, 19:47","19 Nov 2024, 20:16","","Chest Press (Machine)",,"",0,"normal",45,8,,,
"Functional","19 Nov 2024, 19:47","19 Nov 2024, 20:16","","Chest Press (Machine)",,"",1,"normal",85,8,,,
"Functional","19 Nov 2024, 19:47","19 Nov 2024, 20:16","","Chest Press (Machine)",,"",2,"normal",85,8,,,
"Functional","19 Nov 2024, 19:47","19 Nov 2024, 20:16","","Chest Press (Machine)",,"",3,"normal",85,8,,,
"Functional","19 Nov 2024, 19:47","19 Nov 2024, 20:16","","Reverse Lunge (Dumbbell)",,"",0,"normal",,8,,,
"Functional","19 Nov 2024, 19:47","19 Nov 2024, 20:16","","Reverse Lunge (Dumbbell)",,"",1,"normal",25,6,,,
"Functional","19 Nov 2024, 19:47","19 Nov 2024, 20:16","","Reverse Lunge (Dumbbell)",,"",2,"normal",,10,,,
"Functional","19 Nov 2024, 19:47","19 Nov 2024, 20:16","","Seated Row (Machine)",,"",0,"normal",45,8,,,
"Functional","19 Nov 2024, 19:47","19 Nov 2024, 20:16","","Seated Row (Machine)",,"",1,"normal",80,8,,,
"Functional","19 Nov 2024, 19:47","19 Nov 2024, 20:16","","Seated Row (Machine)",,"",2,"normal",80,8,,,
"Functional","19 Nov 2024, 19:47","19 Nov 2024, 20:16","","Seated Row (Machine)",,"",3,"normal",80,8,,,
"Functional","19 Nov 2024, 19:47","19 Nov 2024, 20:16","","Shoulder Press (Dumbbell)",,"",0,"normal",20,8,,,
"Functional","19 Nov 2024, 19:47","19 Nov 2024, 20:16","","Shoulder Press (Dumbbell)",,"",1,"normal",36,8,,,
"Functional","19 Nov 2024, 19:47","19 Nov 2024, 20:16","","Shoulder Press (Dumbbell)",,"",2,"normal",36,6,,,
"Abs","16 Nov 2024, 11:20","16 Nov 2024, 11:23","","Crunch",,"",0,"normal",,12,,,
"Functional","16 Nov 2024, 10:47","16 Nov 2024, 11:20","","Chest Press (Machine)",,"",0,"normal",45,8,,,
"Functional","16 Nov 2024, 10:47","16 Nov 2024, 11:20","","Chest Press (Machine)",,"",1,"normal",85,8,,,
"Functional","16 Nov 2024, 10:47","16 Nov 2024, 11:20","","Chest Press (Machine)",,"",2,"normal",85,8,,,
"Functional","16 Nov 2024, 10:47","16 Nov 2024, 11:20","","Chest Press (Machine)",,"",3,"normal",85,8,,,
"Functional","16 Nov 2024, 10:47","16 Nov 2024, 11:20","","Seated Row (Machine)",,"",0,"normal",45,8,,,
"Functional","16 Nov 2024, 10:47","16 Nov 2024, 11:20","","Seated Row (Machine)",,"",1,"normal",80,8,,,
"Functional","16 Nov 2024, 10:47","16 Nov 2024, 11:20","","Seated Row (Machine)",,"",2,"normal",80,8,,,
"Functional","16 Nov 2024, 10:47","16 Nov 2024, 11:20","","Seated Row (Machine)",,"",3,"normal",80,8,,,
"Functional","16 Nov 2024, 10:47","16 Nov 2024, 11:20","","Shoulder Press (Dumbbell)",,"",0,"normal",16,8,,,
"Functional","16 Nov 2024, 10:47","16 Nov 2024, 11:20","","Shoulder Press (Dumbbell)",,"",1,"normal",32,8,,,
"Functional","16 Nov 2024, 10:47","16 Nov 2024, 11:20","","Shoulder Press (Dumbbell)",,"",2,"normal",32,8,,,
"Functional","16 Nov 2024, 10:47","16 Nov 2024, 11:20","","Shoulder Press (Dumbbell)",,"",3,"normal",32,6,,,
"Functional","16 Nov 2024, 10:47","16 Nov 2024, 11:20","","Single leg sit-to-stand",,"",0,"normal",,10,,,
"Functional","16 Nov 2024, 10:47","16 Nov 2024, 11:20","","Single leg sit-to-stand",,"",1,"normal",,10,,,
"Functional","16 Nov 2024, 10:47","16 Nov 2024, 11:20","","Single leg sit-to-stand",,"",2,"normal",,10,,,
"Functional","16 Nov 2024, 10:47","16 Nov 2024, 11:20","","Reverse Lunge (Dumbbell)",,"",0,"normal",25,10,,,
"Functional","16 Nov 2024, 10:47","16 Nov 2024, 11:20","","Reverse Lunge (Dumbbell)",,"",1,"normal",25,8,,,
"Functional","16 Nov 2024, 10:47","16 Nov 2024, 11:20","","Reverse Lunge (Dumbbell)",,"",2,"normal",25,10,,,
"Plyometrics","12 Nov 2024, 20:53","12 Nov 2024, 20:54","","Jump Squat",,"",0,"normal",,12,,,
"Plyometrics","12 Nov 2024, 20:53","12 Nov 2024, 20:54","","Jump Squat",,"",1,"normal",,12,,,
"Functional","12 Nov 2024, 20:04","12 Nov 2024, 20:40","","Chest Press (Machine)",,"",0,"normal",45,8,,,
"Functional","12 Nov 2024, 20:04","12 Nov 2024, 20:40","","Chest Press (Machine)",,"",1,"normal",85,8,,,
"Functional","12 Nov 2024, 20:04","12 Nov 2024, 20:40","","Chest Press (Machine)",,"",2,"normal",85,8,,,
"Functional","12 Nov 2024, 20:04","12 Nov 2024, 20:40","","Chest Press (Machine)",,"",3,"normal",85,6,,,
"Functional","12 Nov 2024, 20:04","12 Nov 2024, 20:40","","Seated Row (Machine)",,"",0,"normal",45,8,,,
"Functional","12 Nov 2024, 20:04","12 Nov 2024, 20:40","","Seated Row (Machine)",,"",1,"normal",80,8,,,
"Functional","12 Nov 2024, 20:04","12 Nov 2024, 20:40","","Seated Row (Machine)",,"",2,"normal",80,8,,,
"Functional","12 Nov 2024, 20:04","12 Nov 2024, 20:40","","Seated Row (Machine)",,"",3,"normal",80,8,,,
"Functional","12 Nov 2024, 20:04","12 Nov 2024, 20:40","","Shoulder Press (Dumbbell)",,"",0,"normal",18,8,,,
"Functional","12 Nov 2024, 20:04","12 Nov 2024, 20:40","","Shoulder Press (Dumbbell)",,"",1,"normal",32,8,,,
"Functional","12 Nov 2024, 20:04","12 Nov 2024, 20:40","","Shoulder Press (Dumbbell)",,"",2,"normal",32,8,,,
"Functional","12 Nov 2024, 20:04","12 Nov 2024, 20:40","","Shoulder Press (Dumbbell)",,"",3,"normal",32,8,,,
"Functional","12 Nov 2024, 20:04","12 Nov 2024, 20:40","","Single leg sit-to-stand",,"",0,"normal",,8,,,
"Functional","12 Nov 2024, 20:04","12 Nov 2024, 20:40","","Single leg sit-to-stand",,"",1,"normal",,8,,,
"Functional","12 Nov 2024, 20:04","12 Nov 2024, 20:40","","Reverse Lunge (Dumbbell)",,"",0,"normal",20,10,,,
"Functional","12 Nov 2024, 20:04","12 Nov 2024, 20:40","","Reverse Lunge (Dumbbell)",,"",1,"normal",24,10,,,
"Functional","12 Nov 2024, 20:04","12 Nov 2024, 20:40","","Reverse Lunge (Dumbbell)",,"",2,"normal",24,10,,,
"Functional","10 Nov 2024, 14:05","10 Nov 2024, 14:49","","Shoulder Press (Dumbbell)",,"",0,"normal",20,8,,,
"Functional","10 Nov 2024, 14:05","10 Nov 2024, 14:49","","Shoulder Press (Dumbbell)",,"",1,"normal",36,8,,,
"Functional","10 Nov 2024, 14:05","10 Nov 2024, 14:49","","Shoulder Press (Dumbbell)",,"",2,"normal",36,8,,,
"Functional","10 Nov 2024, 14:05","10 Nov 2024, 14:49","","Shoulder Press (Dumbbell)",,"",3,"normal",36,7,,,
"Functional","10 Nov 2024, 14:05","10 Nov 2024, 14:49","","Chest Press (Machine)",,"",0,"normal",45,8,,,
"Functional","10 Nov 2024, 14:05","10 Nov 2024, 14:49","","Chest Press (Machine)",,"",1,"normal",85,8,,,
"Functional","10 Nov 2024, 14:05","10 Nov 2024, 14:49","","Chest Press (Machine)",,"",2,"normal",85,6,,,
"Functional","10 Nov 2024, 14:05","10 Nov 2024, 14:49","","Chest Press (Machine)",,"",3,"normal",80,8,,,
"Functional","10 Nov 2024, 14:05","10 Nov 2024, 14:49","","Seated Row (Machine)",,"",0,"normal",45,8,,,
"Functional","10 Nov 2024, 14:05","10 Nov 2024, 14:49","","Seated Row (Machine)",,"",1,"normal",80,8,,,
"Functional","10 Nov 2024, 14:05","10 Nov 2024, 14:49","","Seated Row (Machine)",,"",2,"normal",80,8,,,
"Functional","10 Nov 2024, 14:05","10 Nov 2024, 14:49","","Seated Row (Machine)",,"",3,"normal",80,8,,,
"Functional","10 Nov 2024, 14:05","10 Nov 2024, 14:49","","Single leg sit-to-stand",,"",0,"normal",,8,,,
"Functional","10 Nov 2024, 14:05","10 Nov 2024, 14:49","","Single leg sit-to-stand",,"",1,"normal",,8,,,
"Functional","10 Nov 2024, 14:05","10 Nov 2024, 14:49","","Single leg sit-to-stand",,"",2,"normal",,8,,,
"Functional","10 Nov 2024, 14:05","10 Nov 2024, 14:49","","Reverse Lunge (Dumbbell)",,"",0,"normal",25,8,,,
"Functional","10 Nov 2024, 14:05","10 Nov 2024, 14:49","","Reverse Lunge (Dumbbell)",,"",1,"normal",25,8,,,
"Functional","10 Nov 2024, 14:05","10 Nov 2024, 14:49","","Reverse Lunge (Dumbbell)",,"",2,"normal",25,8,,,
"Functional","6 Nov 2024, 12:52","6 Nov 2024, 13:22","","Chest Press (Machine)",,"",0,"normal",45,8,,,
"Functional","6 Nov 2024, 12:52","6 Nov 2024, 13:22","","Chest Press (Machine)",,"",1,"normal",85,8,,,
"Functional","6 Nov 2024, 12:52","6 Nov 2024, 13:22","","Chest Press (Machine)",,"",2,"normal",85,8,,,
"Functional","6 Nov 2024, 12:52","6 Nov 2024, 13:22","","Chest Press (Machine)",,"",3,"normal",85,6,,,
"Functional","6 Nov 2024, 12:52","6 Nov 2024, 13:22","","Seated Row (Machine)",,"",0,"normal",40,8,,,
"Functional","6 Nov 2024, 12:52","6 Nov 2024, 13:22","","Seated Row (Machine)",,"",1,"normal",80,8,,,
"Functional","6 Nov 2024, 12:52","6 Nov 2024, 13:22","","Seated Row (Machine)",,"",2,"normal",80,8,,,
"Functional","6 Nov 2024, 12:52","6 Nov 2024, 13:22","","Seated Row (Machine)",,"",3,"normal",80,8,,,
"Functional","6 Nov 2024, 12:52","6 Nov 2024, 13:22","","Shoulder Press (Dumbbell)",,"",0,"normal",18,8,,,
"Functional","6 Nov 2024, 12:52","6 Nov 2024, 13:22","","Shoulder Press (Dumbbell)",,"",1,"normal",36,6,,,
"Functional","6 Nov 2024, 12:52","6 Nov 2024, 13:22","","Shoulder Press (Dumbbell)",,"",2,"normal",36,4,,,
"Functional","6 Nov 2024, 12:52","6 Nov 2024, 13:22","","Shoulder Press (Dumbbell)",,"",3,"normal",24,8,,,
"Functional","6 Nov 2024, 12:52","6 Nov 2024, 13:22","","Single leg sit-to-stand",,"",0,"normal",,8,,,
"Functional","6 Nov 2024, 12:52","6 Nov 2024, 13:22","","Single leg sit-to-stand",,"",1,"normal",,8,,,
"Functional","6 Nov 2024, 12:52","6 Nov 2024, 13:22","","Reverse Lunge (Dumbbell)",,"",0,"normal",25,8,,,
"Functional","6 Nov 2024, 12:52","6 Nov 2024, 13:22","","Reverse Lunge (Dumbbell)",,"",1,"normal",25,8,,,
"Functional","6 Nov 2024, 12:52","6 Nov 2024, 13:22","","Reverse Lunge (Dumbbell)",,"",2,"normal",25,8,,,
"Functional","3 Nov 2024, 14:40","3 Nov 2024, 15:17","","Shoulder Press (Dumbbell)",,"",0,"normal",20,8,,,
"Functional","3 Nov 2024, 14:40","3 Nov 2024, 15:17","","Shoulder Press (Dumbbell)",,"",1,"normal",32,8,,,
"Functional","3 Nov 2024, 14:40","3 Nov 2024, 15:17","","Shoulder Press (Dumbbell)",,"",2,"normal",32,8,,,
"Functional","3 Nov 2024, 14:40","3 Nov 2024, 15:17","","Shoulder Press (Dumbbell)",,"",3,"normal",32,8,,,
"Functional","3 Nov 2024, 14:40","3 Nov 2024, 15:17","","Seated Row (Machine)",,"",0,"normal",40,8,,,
"Functional","3 Nov 2024, 14:40","3 Nov 2024, 15:17","","Seated Row (Machine)",,"",1,"normal",75,8,,,
"Functional","3 Nov 2024, 14:40","3 Nov 2024, 15:17","","Seated Row (Machine)",,"",2,"normal",75,8,,,
"Functional","3 Nov 2024, 14:40","3 Nov 2024, 15:17","","Seated Row (Machine)",,"",3,"normal",80,8,,,
"Functional","3 Nov 2024, 14:40","3 Nov 2024, 15:17","","Single leg sit-to-stand",,"",0,"normal",,8,,,
"Functional","3 Nov 2024, 14:40","3 Nov 2024, 15:17","","Single leg sit-to-stand",,"",1,"normal",,8,,,
"Functional","3 Nov 2024, 14:40","3 Nov 2024, 15:17","","Single leg sit-to-stand",,"",2,"normal",,8,,,
"Functional","3 Nov 2024, 14:40","3 Nov 2024, 15:17","","Reverse Lunge (Dumbbell)",,"",0,"normal",25,10,,,
"Functional","3 Nov 2024, 14:40","3 Nov 2024, 15:17","","Reverse Lunge (Dumbbell)",,"",1,"normal",15,10,,,
"Functional","3 Nov 2024, 14:40","3 Nov 2024, 15:17","","Reverse Lunge (Dumbbell)",,"",2,"normal",15,10,,,
"Functional","3 Nov 2024, 14:40","3 Nov 2024, 15:17","","Chest Press (Machine)",,"",0,"normal",45,8,,,
"Functional","3 Nov 2024, 14:40","3 Nov 2024, 15:17","","Chest Press (Machine)",,"",1,"normal",85,8,,,
"Functional","3 Nov 2024, 14:40","3 Nov 2024, 15:17","","Chest Press (Machine)",,"",2,"normal",85,8,,,
"Functional","3 Nov 2024, 14:40","3 Nov 2024, 15:17","","Chest Press (Machine)",,"",3,"normal",85,5,,,
"Functional","29 Oct 2024, 19:46","29 Oct 2024, 20:17","","Shoulder Press (Dumbbell)",,"",0,"normal",18,8,,,
"Functional","29 Oct 2024, 19:46","29 Oct 2024, 20:17","","Shoulder Press (Dumbbell)",,"",1,"normal",36,8,,,
"Functional","29 Oct 2024, 19:46","29 Oct 2024, 20:17","","Shoulder Press (Dumbbell)",,"",2,"normal",36,6,,,
"Functional","29 Oct 2024, 19:46","29 Oct 2024, 20:17","","Shoulder Press (Dumbbell)",,"",3,"normal",32,8,,,
"Functional","29 Oct 2024, 19:46","29 Oct 2024, 20:17","","Single leg sit-to-stand",,"",0,"normal",,8,,,
"Functional","29 Oct 2024, 19:46","29 Oct 2024, 20:17","","Single leg sit-to-stand",,"",1,"normal",,8,,,
"Functional","29 Oct 2024, 19:46","29 Oct 2024, 20:17","","Single leg sit-to-stand",,"",2,"normal",,8,,,
"Functional","29 Oct 2024, 19:46","29 Oct 2024, 20:17","","Reverse Lunge (Dumbbell)",,"",0,"normal",25,10,,,
"Functional","29 Oct 2024, 19:46","29 Oct 2024, 20:17","","Reverse Lunge (Dumbbell)",,"",1,"normal",15,10,,,
"Functional","29 Oct 2024, 19:46","29 Oct 2024, 20:17","","Seated Row (Machine)",,"",0,"normal",40,8,,,
"Functional","29 Oct 2024, 19:46","29 Oct 2024, 20:17","","Seated Row (Machine)",,"",1,"normal",75,8,,,
"Functional","29 Oct 2024, 19:46","29 Oct 2024, 20:17","","Seated Row (Machine)",,"",2,"normal",75,8,,,
"Functional","29 Oct 2024, 19:46","29 Oct 2024, 20:17","","Seated Row (Machine)",,"",3,"normal",75,8,,,
"Functional","29 Oct 2024, 19:46","29 Oct 2024, 20:17","","Chest Press (Machine)",,"",0,"normal",45,8,,,
"Functional","29 Oct 2024, 19:46","29 Oct 2024, 20:17","","Chest Press (Machine)",,"",1,"normal",85,8,,,
"Functional","29 Oct 2024, 19:46","29 Oct 2024, 20:17","","Chest Press (Machine)",,"",2,"normal",85,8,,,
"Functional","29 Oct 2024, 19:46","29 Oct 2024, 20:17","","Chest Press (Machine)",,"",3,"normal",85,5,,,
"Functional","26 Oct 2024, 12:27","26 Oct 2024, 12:47","","Chest Press (Machine)",,"",0,"normal",45,8,,,
"Functional","26 Oct 2024, 12:27","26 Oct 2024, 12:47","","Chest Press (Machine)",,"",1,"normal",85,8,,,
"Functional","26 Oct 2024, 12:27","26 Oct 2024, 12:47","","Chest Press (Machine)",,"",2,"normal",85,8,,,
"Functional","26 Oct 2024, 12:27","26 Oct 2024, 12:47","","Chest Press (Machine)",,"",3,"normal",85,8,,,
"Functional","26 Oct 2024, 12:27","26 Oct 2024, 12:47","","Seated Row (Machine)",,"",0,"normal",40,8,,,
"Functional","26 Oct 2024, 12:27","26 Oct 2024, 12:47","","Seated Row (Machine)",,"",1,"normal",80,8,,,
"Functional","26 Oct 2024, 12:27","26 Oct 2024, 12:47","","Seated Row (Machine)",,"",2,"normal",75,8,,,
"Functional","26 Oct 2024, 12:27","26 Oct 2024, 12:47","","Seated Row (Machine)",,"",3,"normal",75,8,,,
"Functional","26 Oct 2024, 12:27","26 Oct 2024, 12:47","","Shoulder Press (Dumbbell)",,"",0,"normal",20,8,,,
"Functional","26 Oct 2024, 12:27","26 Oct 2024, 12:47","","Shoulder Press (Dumbbell)",,"",1,"normal",36,8,,,
"Functional","26 Oct 2024, 12:27","26 Oct 2024, 12:47","","Shoulder Press (Dumbbell)",,"",2,"normal",36,8,,,
"Functional","26 Oct 2024, 12:27","26 Oct 2024, 12:47","","Shoulder Press (Dumbbell)",,"",3,"normal",36,4,,,
"Functional","24 Oct 2024, 14:13","24 Oct 2024, 14:38","","Shoulder Press (Dumbbell)",,"",0,"normal",18,8,,,
"Functional","24 Oct 2024, 14:13","24 Oct 2024, 14:38","","Shoulder Press (Dumbbell)",,"",1,"normal",32,8,,,
"Functional","24 Oct 2024, 14:13","24 Oct 2024, 14:38","","Shoulder Press (Dumbbell)",,"",2,"normal",32,8,,,
"Functional","24 Oct 2024, 14:13","24 Oct 2024, 14:38","","Shoulder Press (Dumbbell)",,"",3,"normal",32,6,,,
"Functional","24 Oct 2024, 14:13","24 Oct 2024, 14:38","","Single leg sit-to-stand",,"",0,"normal",,8,,,
"Functional","24 Oct 2024, 14:13","24 Oct 2024, 14:38","","Single leg sit-to-stand",,"",1,"normal",,8,,,
"Functional","24 Oct 2024, 14:13","24 Oct 2024, 14:38","","Reverse Lunge (Dumbbell)",,"",0,"normal",15,10,,,
"Functional","24 Oct 2024, 14:13","24 Oct 2024, 14:38","","Reverse Lunge (Dumbbell)",,"",1,"normal",20,10,,,
"Functional","24 Oct 2024, 14:13","24 Oct 2024, 14:38","","Reverse Lunge (Dumbbell)",,"",2,"normal",20,10,,,
"Functional","24 Oct 2024, 14:13","24 Oct 2024, 14:38","","Chest Press (Machine)",,"",0,"normal",45,8,,,
"Functional","24 Oct 2024, 14:13","24 Oct 2024, 14:38","","Chest Press (Machine)",,"",1,"normal",85,8,,,
"Functional","24 Oct 2024, 14:13","24 Oct 2024, 14:38","","Chest Press (Machine)",,"",2,"normal",80,8,,,
"Functional","24 Oct 2024, 14:13","24 Oct 2024, 14:38","","Chest Press (Machine)",,"",3,"normal",80,6,,,
"Functional","24 Oct 2024, 14:13","24 Oct 2024, 14:38","","Seated Row (Machine)",,"",0,"normal",40,8,,,
"Functional","24 Oct 2024, 14:13","24 Oct 2024, 14:38","","Seated Row (Machine)",,"",1,"normal",70,8,,,
"Functional","24 Oct 2024, 14:13","24 Oct 2024, 14:38","","Seated Row (Machine)",,"",2,"normal",70,8,,,
"Functional","24 Oct 2024, 14:13","24 Oct 2024, 14:38","","Seated Row (Machine)",,"",3,"normal",70,8,,,
"Functional","20 Oct 2024, 11:25","20 Oct 2024, 12:03","","Shoulder Press (Dumbbell)",,"",0,"normal",20,8,,,
"Functional","20 Oct 2024, 11:25","20 Oct 2024, 12:03","","Shoulder Press (Dumbbell)",,"",1,"normal",32,8,,,
"Functional","20 Oct 2024, 11:25","20 Oct 2024, 12:03","","Shoulder Press (Dumbbell)",,"",2,"normal",32,8,,,
"Functional","20 Oct 2024, 11:25","20 Oct 2024, 12:03","","Shoulder Press (Dumbbell)",,"",3,"normal",32,8,,,
"Functional","20 Oct 2024, 11:25","20 Oct 2024, 12:03","","Single leg sit-to-stand",,"",0,"normal",,8,,,
"Functional","20 Oct 2024, 11:25","20 Oct 2024, 12:03","","Single leg sit-to-stand",,"",1,"normal",,8,,,
"Functional","20 Oct 2024, 11:25","20 Oct 2024, 12:03","","Reverse Lunge (Dumbbell)",,"",0,"normal",15,8,,,
"Functional","20 Oct 2024, 11:25","20 Oct 2024, 12:03","","Reverse Lunge (Dumbbell)",,"",1,"normal",15,10,,,
"Functional","20 Oct 2024, 11:25","20 Oct 2024, 12:03","","Reverse Lunge (Dumbbell)",,"",2,"normal",15,10,,,
"Functional","20 Oct 2024, 11:25","20 Oct 2024, 12:03","","Chest Press (Machine)",,"",0,"normal",45,8,,,
"Functional","20 Oct 2024, 11:25","20 Oct 2024, 12:03","","Chest Press (Machine)",,"",1,"normal",85,8,,,
"Functional","20 Oct 2024, 11:25","20 Oct 2024, 12:03","","Chest Press (Machine)",,"",2,"normal",85,8,,,
"Functional","20 Oct 2024, 11:25","20 Oct 2024, 12:03","","Chest Press (Machine)",,"",3,"normal",85,6,,,
"Functional","20 Oct 2024, 11:25","20 Oct 2024, 12:03","","Seated Row (Machine)",,"",0,"normal",40,8,,,
"Functional","20 Oct 2024, 11:25","20 Oct 2024, 12:03","","Seated Row (Machine)",,"",1,"normal",75,8,,,
"Functional","20 Oct 2024, 11:25","20 Oct 2024, 12:03","","Seated Row (Machine)",,"",2,"normal",75,8,,,
"Functional","20 Oct 2024, 11:25","20 Oct 2024, 12:03","","Seated Row (Machine)",,"",3,"normal",75,8,,,
"Functional","17 Oct 2024, 16:27","17 Oct 2024, 16:48","","Chest Press (Machine)",,"",0,"normal",45,8,,,
"Functional","17 Oct 2024, 16:27","17 Oct 2024, 16:48","","Chest Press (Machine)",,"",1,"normal",85,8,,,
"Functional","17 Oct 2024, 16:27","17 Oct 2024, 16:48","","Chest Press (Machine)",,"",2,"normal",85,8,,,
"Functional","17 Oct 2024, 16:27","17 Oct 2024, 16:48","","Chest Press (Machine)",,"",3,"normal",85,6,,,
"Functional","17 Oct 2024, 16:27","17 Oct 2024, 16:48","","Shoulder Press (Dumbbell)",,"",0,"normal",24,10,,,
"Functional","17 Oct 2024, 16:27","17 Oct 2024, 16:48","","Shoulder Press (Dumbbell)",,"",1,"normal",28,8,,,
"Functional","17 Oct 2024, 16:27","17 Oct 2024, 16:48","","Shoulder Press (Dumbbell)",,"",2,"normal",28,8,,,
"Functional","17 Oct 2024, 16:27","17 Oct 2024, 16:48","","Shoulder Press (Dumbbell)",,"",3,"normal",28,5,,,
"Functional","17 Oct 2024, 16:27","17 Oct 2024, 16:48","","Single leg sit-to-stand",,"",0,"normal",,8,,,
"Functional","17 Oct 2024, 16:27","17 Oct 2024, 16:48","","Single leg sit-to-stand",,"",1,"normal",,8,,,
"Functional","17 Oct 2024, 16:27","17 Oct 2024, 16:48","","Seated Row (Machine)",,"",0,"normal",40,8,,,
"Functional","17 Oct 2024, 16:27","17 Oct 2024, 16:48","","Seated Row (Machine)",,"",1,"normal",70,8,,,
"Functional","17 Oct 2024, 16:27","17 Oct 2024, 16:48","","Seated Row (Machine)",,"",2,"normal",70,8,,,
"Functional","17 Oct 2024, 16:27","17 Oct 2024, 16:48","","Seated Row (Machine)",,"",3,"normal",70,8,,,
"Functional","14 Oct 2024, 19:47","14 Oct 2024, 20:18","","Seated Row (Machine)",,"",0,"normal",40,8,,,
"Functional","14 Oct 2024, 19:47","14 Oct 2024, 20:18","","Seated Row (Machine)",,"",1,"normal",80,8,,,
"Functional","14 Oct 2024, 19:47","14 Oct 2024, 20:18","","Seated Row (Machine)",,"",2,"normal",70,8,,,
"Functional","14 Oct 2024, 19:47","14 Oct 2024, 20:18","","Seated Row (Machine)",,"",3,"normal",70,8,,,
"Functional","14 Oct 2024, 19:47","14 Oct 2024, 20:18","","Shoulder Press (Dumbbell)",,"",0,"normal",20,10,,,
"Functional","14 Oct 2024, 19:47","14 Oct 2024, 20:18","","Shoulder Press (Dumbbell)",,"",1,"normal",36,8,,,
"Functional","14 Oct 2024, 19:47","14 Oct 2024, 20:18","","Shoulder Press (Dumbbell)",,"",2,"normal",36,8,,,
"Functional","14 Oct 2024, 19:47","14 Oct 2024, 20:18","","Shoulder Press (Dumbbell)",,"",3,"normal",36,5,,,
"Functional","14 Oct 2024, 19:47","14 Oct 2024, 20:18","","Single leg sit-to-stand",,"",0,"normal",,8,,,
"Functional","14 Oct 2024, 19:47","14 Oct 2024, 20:18","","Single leg sit-to-stand",,"",1,"normal",,8,,,
"Functional","14 Oct 2024, 19:47","14 Oct 2024, 20:18","","Chest Press (Machine)",,"",0,"normal",40,8,,,
"Functional","14 Oct 2024, 19:47","14 Oct 2024, 20:18","","Chest Press (Machine)",,"",1,"normal",70,8,,,
"Functional","14 Oct 2024, 19:47","14 Oct 2024, 20:18","","Chest Press (Machine)",,"",2,"normal",75,8,,,
"Functional","14 Oct 2024, 19:47","14 Oct 2024, 20:18","","Chest Press (Machine)",,"",3,"normal",75,8,,,
"Functional","12 Oct 2024, 16:47","12 Oct 2024, 17:00","","Shoulder Press (Dumbbell)",,"",0,"normal",18,10,,,
"Functional","12 Oct 2024, 16:47","12 Oct 2024, 17:00","","Shoulder Press (Dumbbell)",,"",1,"normal",36,8,,,
"Functional","12 Oct 2024, 16:47","12 Oct 2024, 17:00","","Shoulder Press (Dumbbell)",,"",2,"normal",36,8,,,
"Functional","12 Oct 2024, 16:47","12 Oct 2024, 17:00","","Shoulder Press (Dumbbell)",,"",3,"normal",36,5,,,
"Functional","12 Oct 2024, 16:47","12 Oct 2024, 17:00","","Seated squat",,"",0,"normal",20,8,,,
"Functional","12 Oct 2024, 16:47","12 Oct 2024, 17:00","","Seated squat",,"",1,"normal",40,8,,,
"Functional","9 Oct 2024, 20:47","9 Oct 2024, 21:25","","Shoulder Press (Dumbbell)",,"",0,"normal",20,8,,,
"Functional","9 Oct 2024, 20:47","9 Oct 2024, 21:25","","Shoulder Press (Dumbbell)",,"",1,"normal",36,6,,,
"Functional","9 Oct 2024, 20:47","9 Oct 2024, 21:25","","Shoulder Press (Dumbbell)",,"",2,"normal",36,8,,,
"Functional","9 Oct 2024, 20:47","9 Oct 2024, 21:25","","Shoulder Press (Dumbbell)",,"",3,"normal",36,8,,,
"Functional","9 Oct 2024, 20:47","9 Oct 2024, 21:25","","Seated squat",,"",0,"normal",20,8,,,
"Functional","9 Oct 2024, 20:47","9 Oct 2024, 21:25","","Seated squat",,"",1,"normal",36,8,,,
"Functional","9 Oct 2024, 20:47","9 Oct 2024, 21:25","","Seated squat",,"",2,"normal",40,8,,,
"Functional","9 Oct 2024, 20:47","9 Oct 2024, 21:25","","Seated squat",,"",3,"normal",40,8,,,
"Functional","9 Oct 2024, 20:47","9 Oct 2024, 21:25","","Chest Press (Machine)",,"",0,"normal",45,8,,,
"Functional","9 Oct 2024, 20:47","9 Oct 2024, 21:25","","Chest Press (Machine)",,"",1,"normal",85,8,,,
"Functional","9 Oct 2024, 20:47","9 Oct 2024, 21:25","","Chest Press (Machine)",,"",2,"normal",85,8,,,
"Functional","9 Oct 2024, 20:47","9 Oct 2024, 21:25","","Chest Press (Machine)",,"",3,"normal",85,4,,,
"Functional","9 Oct 2024, 20:47","9 Oct 2024, 21:25","","Seated Row (Machine)",,"",0,"normal",40,8,,,
"Functional","9 Oct 2024, 20:47","9 Oct 2024, 21:25","","Seated Row (Machine)",,"",1,"normal",70,8,,,
"Functional","9 Oct 2024, 20:47","9 Oct 2024, 21:25","","Seated Row (Machine)",,"",2,"normal",70,8,,,
"Functional","9 Oct 2024, 20:47","9 Oct 2024, 21:25","","Seated Row (Machine)",,"",3,"normal",60,8,,,
"Functional","5 Oct 2024, 12:10","5 Oct 2024, 12:45","","Chest Press (Machine)",,"",0,"normal",45,8,,,
"Functional","5 Oct 2024, 12:10","5 Oct 2024, 12:45","","Chest Press (Machine)",,"",1,"normal",85,8,,,
"Functional","5 Oct 2024, 12:10","5 Oct 2024, 12:45","","Chest Press (Machine)",,"",2,"normal",85,8,,,
"Functional","5 Oct 2024, 12:10","5 Oct 2024, 12:45","","Chest Press (Machine)",,"",3,"normal",80,7,,,
"Functional","5 Oct 2024, 12:10","5 Oct 2024, 12:45","","Romanian Deadlift (Barbell)",,"",0,"normal",40,8,,,
"Functional","5 Oct 2024, 12:10","5 Oct 2024, 12:45","","Romanian Deadlift (Barbell)",,"",1,"normal",40,8,,,
"Functional","5 Oct 2024, 12:10","5 Oct 2024, 12:45","","Romanian Deadlift (Barbell)",,"",2,"normal",50,8,,,
"Functional","5 Oct 2024, 12:10","5 Oct 2024, 12:45","","Shoulder Press (Dumbbell)",,"",0,"normal",20,8,,,
"Functional","5 Oct 2024, 12:10","5 Oct 2024, 12:45","","Shoulder Press (Dumbbell)",,"",1,"normal",32,8,,,
"Functional","5 Oct 2024, 12:10","5 Oct 2024, 12:45","","Shoulder Press (Dumbbell)",,"",2,"normal",32,8,,,
"Functional","5 Oct 2024, 12:10","5 Oct 2024, 12:45","","Shoulder Press (Dumbbell)",,"",3,"normal",32,8,,,
"Functional","5 Oct 2024, 12:10","5 Oct 2024, 12:45","","Seated squat",,"",0,"normal",32,8,,,
"Functional","5 Oct 2024, 12:10","5 Oct 2024, 12:45","","Seated squat",,"",1,"normal",32,8,,,
"Functional","5 Oct 2024, 12:10","5 Oct 2024, 12:45","","Seated squat",,"",2,"normal",32,8,,,
"Functional","5 Oct 2024, 12:10","5 Oct 2024, 12:45","","Seated Row (Machine)",,"",0,"normal",40,8,,,
"Functional","5 Oct 2024, 12:10","5 Oct 2024, 12:45","","Seated Row (Machine)",,"",1,"normal",60,8,,,
"Functional","5 Oct 2024, 12:10","5 Oct 2024, 12:45","","Seated Row (Machine)",,"",2,"normal",70,8,,,
"Functional","5 Oct 2024, 12:10","5 Oct 2024, 12:45","","Seated Row (Machine)",,"",3,"normal",70,8,,,
"Functional","29 Sep 2024, 11:48","29 Sep 2024, 12:17","","Chest Press (Machine)",,"",0,"normal",40,8,,,
"Functional","29 Sep 2024, 11:48","29 Sep 2024, 12:17","","Chest Press (Machine)",,"",1,"normal",80,8,,,
"Functional","29 Sep 2024, 11:48","29 Sep 2024, 12:17","","Chest Press (Machine)",,"",2,"normal",85,8,,,
"Functional","29 Sep 2024, 11:48","29 Sep 2024, 12:17","","Chest Press (Machine)",,"",3,"normal",85,8,,,
"Functional","29 Sep 2024, 11:48","29 Sep 2024, 12:17","","Romanian Deadlift (Barbell)",,"",0,"normal",30,12,,,
"Functional","29 Sep 2024, 11:48","29 Sep 2024, 12:17","","Romanian Deadlift (Barbell)",,"",1,"normal",50,8,,,
"Functional","29 Sep 2024, 11:48","29 Sep 2024, 12:17","","Romanian Deadlift (Barbell)",,"",2,"normal",50,8,,,
"Functional","29 Sep 2024, 11:48","29 Sep 2024, 12:17","","Shoulder Press (Dumbbell)",,"",0,"normal",24,8,,,
"Functional","29 Sep 2024, 11:48","29 Sep 2024, 12:17","","Shoulder Press (Dumbbell)",,"",1,"normal",32,6,,,
"Functional","29 Sep 2024, 11:48","29 Sep 2024, 12:17","","Shoulder Press (Dumbbell)",,"",2,"normal",36,6,,,
"Functional","29 Sep 2024, 11:48","29 Sep 2024, 12:17","","Shoulder Press (Dumbbell)",,"",3,"normal",36,4,,,
"Functional","29 Sep 2024, 11:48","29 Sep 2024, 12:17","","Seated squat",,"",0,"normal",22,8,,,
"Functional","29 Sep 2024, 11:48","29 Sep 2024, 12:17","","Seated squat",,"",1,"normal",32,8,,,
"Functional","29 Sep 2024, 11:48","29 Sep 2024, 12:17","","Seated squat",,"",2,"normal",36,8,,,
"Functional","24 Sep 2024, 18:54","24 Sep 2024, 19:21","","Romanian Deadlift (Barbell)",,"",0,"normal",20,8,,,
"Functional","24 Sep 2024, 18:54","24 Sep 2024, 19:21","","Romanian Deadlift (Barbell)",,"",1,"normal",40,8,,,
"Functional","24 Sep 2024, 18:54","24 Sep 2024, 19:21","","Romanian Deadlift (Barbell)",,"",2,"normal",40,8,,,
"Functional","24 Sep 2024, 18:54","24 Sep 2024, 19:21","","Pull Up (Assisted)",,"",0,"normal",14,8,,,
"Functional","24 Sep 2024, 18:54","24 Sep 2024, 19:21","","Shoulder Press (Dumbbell)",,"",0,"normal",20,8,,,
"Functional","24 Sep 2024, 18:54","24 Sep 2024, 19:21","","Shoulder Press (Dumbbell)",,"",1,"normal",36,6,,,
"Functional","24 Sep 2024, 18:54","24 Sep 2024, 19:21","","Shoulder Press (Dumbbell)",,"",2,"normal",36,6,,,
"Functional","24 Sep 2024, 18:54","24 Sep 2024, 19:21","","Shoulder Press (Dumbbell)",,"",3,"normal",36,3,,,
"Functional","24 Sep 2024, 18:54","24 Sep 2024, 19:21","","Seated squat",,"",0,"normal",18,8,,,
"Functional","24 Sep 2024, 18:54","24 Sep 2024, 19:21","","Seated squat",,"",1,"normal",32,8,,,
"Functional","24 Sep 2024, 18:54","24 Sep 2024, 19:21","","Seated squat",,"",2,"normal",18,8,,,
"Functional","24 Sep 2024, 18:54","24 Sep 2024, 19:21","","Seated squat",,"",3,"normal",32,8,,,
"Functional","24 Sep 2024, 18:54","24 Sep 2024, 19:21","","Chest Press (Machine)",,"",0,"normal",40,8,,,
"Functional","24 Sep 2024, 18:54","24 Sep 2024, 19:21","","Chest Press (Machine)",,"",1,"normal",80,8,,,
"Functional","24 Sep 2024, 18:54","24 Sep 2024, 19:21","","Chest Press (Machine)",,"",2,"normal",85,8,,,
"Functional","24 Sep 2024, 18:54","24 Sep 2024, 19:21","","Chest Press (Machine)",,"",3,"normal",85,6,,,
"Functional","22 Sep 2024, 10:28","22 Sep 2024, 11:09","","Shoulder Press (Dumbbell)",,"",0,"normal",20,8,,,
"Functional","22 Sep 2024, 10:28","22 Sep 2024, 11:09","","Shoulder Press (Dumbbell)",,"",1,"normal",36,8,,,
"Functional","22 Sep 2024, 10:28","22 Sep 2024, 11:09","","Shoulder Press (Dumbbell)",,"",2,"normal",36,8,,,
"Functional","22 Sep 2024, 10:28","22 Sep 2024, 11:09","","Shoulder Press (Dumbbell)",,"",3,"normal",36,4,,,
"Functional","22 Sep 2024, 10:28","22 Sep 2024, 11:09","","Seated squat",,"",0,"normal",10,8,,,
"Functional","22 Sep 2024, 10:28","22 Sep 2024, 11:09","","Seated squat",,"",1,"normal",24,8,,,
"Functional","22 Sep 2024, 10:28","22 Sep 2024, 11:09","","Seated squat",,"",2,"normal",28,8,,,
"Functional","22 Sep 2024, 10:28","22 Sep 2024, 11:09","","Seated squat",,"",3,"normal",32,8,,,
"Functional","22 Sep 2024, 10:28","22 Sep 2024, 11:09","","Pull Up (Assisted)",,"",0,"normal",14,6,,,
"Functional","22 Sep 2024, 10:28","22 Sep 2024, 11:09","","Pull Up (Assisted)",,"",1,"normal",14,6,,,
"Functional","22 Sep 2024, 10:28","22 Sep 2024, 11:09","","Chest Press (Machine)",,"",0,"normal",40,8,,,
"Functional","22 Sep 2024, 10:28","22 Sep 2024, 11:09","","Chest Press (Machine)",,"",1,"normal",80,8,,,
"Functional","22 Sep 2024, 10:28","22 Sep 2024, 11:09","","Chest Press (Machine)",,"",2,"normal",85,6,,,
"Functional","22 Sep 2024, 10:28","22 Sep 2024, 11:09","","Chest Press (Machine)",,"",3,"normal",85,6,,,
"Functional","22 Sep 2024, 10:28","22 Sep 2024, 11:09","","Romanian Deadlift (Barbell)",,"",0,"normal",30,8,,,
"Functional","22 Sep 2024, 10:28","22 Sep 2024, 11:09","","Seated Row (Machine)",,"",0,"normal",40,8,,,
"Functional","22 Sep 2024, 10:28","22 Sep 2024, 11:09","","Seated Row (Machine)",,"",1,"normal",80,8,,,
"Functional","22 Sep 2024, 10:28","22 Sep 2024, 11:09","","Seated Row (Machine)",,"",2,"normal",80,8,,,
"Functional","17 Sep 2024, 18:02","17 Sep 2024, 18:36","","Seated Row (Machine)",,"",0,"normal",40,8,,,
"Functional","17 Sep 2024, 18:02","17 Sep 2024, 18:36","","Seated Row (Machine)",,"",1,"normal",80,8,,,
"Functional","17 Sep 2024, 18:02","17 Sep 2024, 18:36","","Seated Row (Machine)",,"",2,"normal",80,8,,,
"Functional","17 Sep 2024, 18:02","17 Sep 2024, 18:36","","Seated Row (Machine)",,"",3,"normal",80,8,,,
"Functional","17 Sep 2024, 18:02","17 Sep 2024, 18:36","","Romanian Deadlift (Barbell)",,"",0,"normal",30,8,,,
"Functional","17 Sep 2024, 18:02","17 Sep 2024, 18:36","","Romanian Deadlift (Barbell)",,"",1,"normal",40,8,,,
"Functional","17 Sep 2024, 18:02","17 Sep 2024, 18:36","","Romanian Deadlift (Barbell)",,"",2,"normal",40,8,,,
"Functional","17 Sep 2024, 18:02","17 Sep 2024, 18:36","","Shoulder Press (Dumbbell)",,"",0,"normal",20,8,,,
"Functional","17 Sep 2024, 18:02","17 Sep 2024, 18:36","","Shoulder Press (Dumbbell)",,"",1,"normal",32,8,,,
"Functional","17 Sep 2024, 18:02","17 Sep 2024, 18:36","","Shoulder Press (Dumbbell)",,"",2,"normal",32,8,,,
"Functional","17 Sep 2024, 18:02","17 Sep 2024, 18:36","","Shoulder Press (Dumbbell)",,"",3,"normal",32,8,,,
"Functional","17 Sep 2024, 18:02","17 Sep 2024, 18:36","","Seated squat",,"",0,"normal",12,8,,,
"Functional","17 Sep 2024, 18:02","17 Sep 2024, 18:36","","Seated squat",,"",1,"normal",20,8,,,
"Functional","17 Sep 2024, 18:02","17 Sep 2024, 18:36","","Seated squat",,"",2,"normal",24,8,,,
"Functional","17 Sep 2024, 18:02","17 Sep 2024, 18:36","","Seated squat",,"",3,"normal",26,8,,,
"Functional","17 Sep 2024, 18:02","17 Sep 2024, 18:36","","Chest Press (Machine)",,"",0,"normal",40,8,,,
"Functional","17 Sep 2024, 18:02","17 Sep 2024, 18:36","","Chest Press (Machine)",,"",1,"normal",80,8,,,
"Functional","17 Sep 2024, 18:02","17 Sep 2024, 18:36","","Chest Press (Machine)",,"",2,"normal",85,8,,,
"Functional","17 Sep 2024, 18:02","17 Sep 2024, 18:36","","Chest Press (Machine)",,"",3,"normal",85,6,,,
"Functional","14 Sep 2024, 13:51","14 Sep 2024, 14:28","","Chest Press (Machine)",,"",0,"normal",40,8,,,
"Functional","14 Sep 2024, 13:51","14 Sep 2024, 14:28","","Chest Press (Machine)",,"",1,"normal",80,8,,,
"Functional","14 Sep 2024, 13:51","14 Sep 2024, 14:28","","Chest Press (Machine)",,"",2,"normal",80,8,,,
"Functional","14 Sep 2024, 13:51","14 Sep 2024, 14:28","","Chest Press (Machine)",,"",3,"normal",80,8,,,
"Functional","14 Sep 2024, 13:51","14 Sep 2024, 14:28","","Pull Up (Assisted)",,"",0,"normal",14,6,,,
"Functional","14 Sep 2024, 13:51","14 Sep 2024, 14:28","","Pull Up (Assisted)",,"",1,"normal",7,5,,,
"Functional","14 Sep 2024, 13:51","14 Sep 2024, 14:28","","Romanian Deadlift (Barbell)",,"",0,"normal",40,8,,,
"Functional","14 Sep 2024, 13:51","14 Sep 2024, 14:28","","Romanian Deadlift (Barbell)",,"",1,"normal",50,8,,,
"Functional","14 Sep 2024, 13:51","14 Sep 2024, 14:28","","Romanian Deadlift (Barbell)",,"",2,"normal",50,8,,,
"Functional","14 Sep 2024, 13:51","14 Sep 2024, 14:28","","Shoulder Press (Dumbbell)",,"",0,"normal",20,8,,,
"Functional","14 Sep 2024, 13:51","14 Sep 2024, 14:28","","Shoulder Press (Dumbbell)",,"",1,"normal",32,8,,,
"Functional","14 Sep 2024, 13:51","14 Sep 2024, 14:28","","Shoulder Press (Dumbbell)",,"",2,"normal",32,8,,,
"Functional","14 Sep 2024, 13:51","14 Sep 2024, 14:28","","Shoulder Press (Dumbbell)",,"",3,"normal",32,8,,,
"Functional","14 Sep 2024, 13:51","14 Sep 2024, 14:28","","Seated squat",,"",0,"normal",12,8,,,
"Functional","14 Sep 2024, 13:51","14 Sep 2024, 14:28","","Seated squat",,"",1,"normal",16,8,,,
"Functional","14 Sep 2024, 13:51","14 Sep 2024, 14:28","","Seated squat",,"",2,"normal",18,8,,,
"Functional","14 Sep 2024, 13:51","14 Sep 2024, 14:28","","Seated squat",,"",3,"normal",20,8,,,
"Functional","14 Sep 2024, 13:51","14 Sep 2024, 14:28","","Seated Row (Machine)",,"",0,"normal",40,8,,,
"Functional","14 Sep 2024, 13:51","14 Sep 2024, 14:28","","Seated Row (Machine)",,"",1,"normal",80,8,,,
"Functional","14 Sep 2024, 13:51","14 Sep 2024, 14:28","","Seated Row (Machine)",,"",2,"normal",70,8,,,
"Functional","14 Sep 2024, 13:51","14 Sep 2024, 14:28","","Seated Row (Machine)",,"",3,"normal",70,8,,,
"Functional","10 Sep 2024, 13:27","10 Sep 2024, 14:00","","Pull Up (Assisted)",,"",0,"normal",14,8,,,
"Functional","10 Sep 2024, 13:27","10 Sep 2024, 14:00","","Pull Up (Assisted)",,"",1,"normal",7,3,,,
"Functional","10 Sep 2024, 13:27","10 Sep 2024, 14:00","","Romanian Deadlift (Barbell)",,"",0,"normal",40,8,,,
"Functional","10 Sep 2024, 13:27","10 Sep 2024, 14:00","","Romanian Deadlift (Barbell)",,"",1,"normal",40,8,,,
"Functional","10 Sep 2024, 13:27","10 Sep 2024, 14:00","","Romanian Deadlift (Barbell)",,"",2,"normal",40,8,,,
"Functional","10 Sep 2024, 13:27","10 Sep 2024, 14:00","","Chest Press (Machine)",,"",0,"normal",40,8,,,
"Functional","10 Sep 2024, 13:27","10 Sep 2024, 14:00","","Chest Press (Machine)",,"",1,"normal",80,8,,,
"Functional","10 Sep 2024, 13:27","10 Sep 2024, 14:00","","Chest Press (Machine)",,"",2,"normal",80,8,,,
"Functional","10 Sep 2024, 13:27","10 Sep 2024, 14:00","","Chest Press (Machine)",,"",3,"normal",80,5,,,
"Functional","10 Sep 2024, 13:27","10 Sep 2024, 14:00","","Shoulder Press (Dumbbell)",,"",0,"normal",16,8,,,
"Functional","10 Sep 2024, 13:27","10 Sep 2024, 14:00","","Shoulder Press (Dumbbell)",,"",1,"normal",32,8,,,
"Functional","10 Sep 2024, 13:27","10 Sep 2024, 14:00","","Shoulder Press (Dumbbell)",,"",2,"normal",32,8,,,
"Functional","10 Sep 2024, 13:27","10 Sep 2024, 14:00","","Shoulder Press (Dumbbell)",,"",3,"normal",32,8,,,
"Functional","10 Sep 2024, 13:27","10 Sep 2024, 14:00","","Seated Row (Machine)",,"",0,"normal",40,8,,,
"Functional","10 Sep 2024, 13:27","10 Sep 2024, 14:00","","Seated Row (Machine)",,"",1,"normal",80,8,,,
"Functional","10 Sep 2024, 13:27","10 Sep 2024, 14:00","","Seated Row (Machine)",,"",2,"normal",80,8,,,
"Functional","10 Sep 2024, 13:27","10 Sep 2024, 14:00","","Seated Row (Machine)",,"",3,"normal",80,8,,,
"Functional","3 Sep 2024, 17:05","3 Sep 2024, 17:36","","Pull Up (Assisted)",,"",0,"normal",14,6,,,
"Functional","3 Sep 2024, 17:05","3 Sep 2024, 17:36","","Pull Up (Assisted)",,"",1,"normal",7,6,,,
"Functional","3 Sep 2024, 17:05","3 Sep 2024, 17:36","","Pull Up (Assisted)",,"",2,"normal",7,5,,,
"Functional","3 Sep 2024, 17:05","3 Sep 2024, 17:36","","Chest Press (Machine)",,"",0,"normal",40,8,,,
"Functional","3 Sep 2024, 17:05","3 Sep 2024, 17:36","","Chest Press (Machine)",,"",1,"normal",80,8,,,
"Functional","3 Sep 2024, 17:05","3 Sep 2024, 17:36","","Chest Press (Machine)",,"",2,"normal",80,8,,,
"Functional","3 Sep 2024, 17:05","3 Sep 2024, 17:36","","Chest Press (Machine)",,"",3,"normal",80,5,,,
"Functional","3 Sep 2024, 17:05","3 Sep 2024, 17:36","","Seated Row (Machine)",,"",0,"normal",40,8,,,
"Functional","3 Sep 2024, 17:05","3 Sep 2024, 17:36","","Seated Row (Machine)",,"",1,"normal",80,8,,,
"Functional","3 Sep 2024, 17:05","3 Sep 2024, 17:36","","Seated Row (Machine)",,"",2,"normal",80,8,,,
"Functional","3 Sep 2024, 17:05","3 Sep 2024, 17:36","","Seated Row (Machine)",,"",3,"normal",80,6,,,
"Functional","3 Sep 2024, 17:05","3 Sep 2024, 17:36","","Shoulder Press (Dumbbell)",,"",0,"normal",20,8,,,
"Functional","3 Sep 2024, 17:05","3 Sep 2024, 17:36","","Shoulder Press (Dumbbell)",,"",1,"normal",32,8,,,
"Functional","3 Sep 2024, 17:05","3 Sep 2024, 17:36","","Shoulder Press (Dumbbell)",,"",2,"normal",32,7,,,
"Functional","3 Sep 2024, 17:05","3 Sep 2024, 17:36","","Shoulder Press (Dumbbell)",,"",3,"normal",32,5,,,
"Functional","3 Sep 2024, 17:05","3 Sep 2024, 17:36","","Concentration Curl",,"",0,"normal",10,8,,,
"Functional","3 Sep 2024, 17:05","3 Sep 2024, 17:36","","Concentration Curl",,"",1,"normal",16,6,,,
"Functional","3 Sep 2024, 17:05","3 Sep 2024, 17:36","","Concentration Curl",,"",2,"normal",16,6,,,
"Functional","29 Aug 2024, 16:55","29 Aug 2024, 17:33","","Chest Press (Machine)",,"",0,"normal",40,8,,,
"Functional","29 Aug 2024, 16:55","29 Aug 2024, 17:33","","Chest Press (Machine)",,"",1,"normal",80,8,,,
"Functional","29 Aug 2024, 16:55","29 Aug 2024, 17:33","","Chest Press (Machine)",,"",2,"normal",80,8,,,
"Functional","29 Aug 2024, 16:55","29 Aug 2024, 17:33","","Chest Press (Machine)",,"",3,"normal",80,8,,,
"Functional","29 Aug 2024, 16:55","29 Aug 2024, 17:33","","Shoulder Press (Dumbbell)",,"",0,"normal",24,8,,,
"Functional","29 Aug 2024, 16:55","29 Aug 2024, 17:33","","Shoulder Press (Dumbbell)",,"",1,"normal",36,8,,,
"Functional","29 Aug 2024, 16:55","29 Aug 2024, 17:33","","Shoulder Press (Dumbbell)",,"",2,"normal",32,7,,,
"Functional","29 Aug 2024, 16:55","29 Aug 2024, 17:33","","Shoulder Press (Dumbbell)",,"",3,"normal",32,5,,,
"Functional","29 Aug 2024, 16:55","29 Aug 2024, 17:33","","Single leg sit-to-stand",,"",0,"normal",,8,,,
"Functional","29 Aug 2024, 16:55","29 Aug 2024, 17:33","","Pull Up (Assisted)",,"",0,"normal",14,8,,,
"Functional","29 Aug 2024, 16:55","29 Aug 2024, 17:33","","Pull Up (Assisted)",,"",1,"normal",7,5,,,
"Functional","29 Aug 2024, 16:55","29 Aug 2024, 17:33","","Pull Up (Assisted)",,"",2,"normal",7,4,,,
"Functional","29 Aug 2024, 16:55","29 Aug 2024, 17:33","","Concentration Curl",,"",0,"normal",10,8,,,
"Functional","29 Aug 2024, 16:55","29 Aug 2024, 17:33","","Concentration Curl",,"",1,"normal",16,5,,,
"Functional","29 Aug 2024, 16:55","29 Aug 2024, 17:33","","Seated Row (Machine)",,"",0,"normal",40,8,,,
"Functional","29 Aug 2024, 16:55","29 Aug 2024, 17:33","","Seated Row (Machine)",,"",1,"normal",80,4,,,
"Functional","29 Aug 2024, 16:55","29 Aug 2024, 17:33","","Seated Row (Machine)",,"",2,"normal",70,8,,,
"Functional","29 Aug 2024, 16:55","29 Aug 2024, 17:33","","Seated Row (Machine)",,"",3,"normal",60,8,,,
"Functional","29 Aug 2024, 16:55","29 Aug 2024, 17:33","","Romanian Deadlift (Barbell)",,"",0,"normal",20,8,,,
"Functional","29 Aug 2024, 16:55","29 Aug 2024, 17:33","","Romanian Deadlift (Barbell)",,"",1,"normal",30,8,,,
"Abs","17 Aug 2024, 11:46","17 Aug 2024, 11:50","","Crunch",,"",0,"normal",,45,,,
"Abs","17 Aug 2024, 11:46","17 Aug 2024, 11:50","","Flutter Kicks",,"",0,"normal",,45,,,
"Abs","17 Aug 2024, 11:46","17 Aug 2024, 11:50","","Russian Twist (Bodyweight)",,"",0,"normal",,45,,,
"Functional","17 Aug 2024, 11:04","17 Aug 2024, 11:50","","Shoulder Press (Dumbbell)",,"",0,"normal",18,8,,,
"Functional","17 Aug 2024, 11:04","17 Aug 2024, 11:50","","Shoulder Press (Dumbbell)",,"",1,"normal",36,8,,,
"Functional","17 Aug 2024, 11:04","17 Aug 2024, 11:50","","Shoulder Press (Dumbbell)",,"",2,"normal",32,8,,,
"Functional","17 Aug 2024, 11:04","17 Aug 2024, 11:50","","Shoulder Press (Dumbbell)",,"",3,"normal",32,4,,,
"Functional","17 Aug 2024, 11:04","17 Aug 2024, 11:50","","Deadlift (Barbell)",,"",0,"normal",50,8,,,
"Functional","17 Aug 2024, 11:04","17 Aug 2024, 11:50","","Deadlift (Barbell)",,"",1,"normal",60,8,,,
"Functional","17 Aug 2024, 11:04","17 Aug 2024, 11:50","","Squat (Dumbbell)",,"",0,"normal",20,8,,,
"Functional","17 Aug 2024, 11:04","17 Aug 2024, 11:50","","Chest Press (Machine)",,"",0,"normal",40,8,,,
"Functional","17 Aug 2024, 11:04","17 Aug 2024, 11:50","","Chest Press (Machine)",,"",1,"normal",80,8,,,
"Functional","17 Aug 2024, 11:04","17 Aug 2024, 11:50","","Chest Press (Machine)",,"",2,"normal",80,6,,,
"Functional","17 Aug 2024, 11:04","17 Aug 2024, 11:50","","Chest Press (Machine)",,"",3,"normal",80,6,,,
"Functional","17 Aug 2024, 11:04","17 Aug 2024, 11:50","","Pull Up (Assisted)",,"",0,"normal",14,6,,,
"Functional","17 Aug 2024, 11:04","17 Aug 2024, 11:50","","Pull Up (Assisted)",,"",1,"normal",7,5,,,
"Functional","17 Aug 2024, 11:04","17 Aug 2024, 11:50","","Pull Up (Assisted)",,"",2,"normal",7,4,,,
"Functional","17 Aug 2024, 11:04","17 Aug 2024, 11:50","","Seated Row (Machine)",,"",0,"normal",40,8,,,
"Functional","17 Aug 2024, 11:04","17 Aug 2024, 11:50","","Seated Row (Machine)",,"",1,"normal",80,8,,,
"Functional","17 Aug 2024, 11:04","17 Aug 2024, 11:50","","Seated Row (Machine)",,"",2,"normal",80,8,,,
"Functional","17 Aug 2024, 11:04","17 Aug 2024, 11:50","","Seated Row (Machine)",,"",3,"normal",70,8,,,
"Functional","17 Aug 2024, 11:04","17 Aug 2024, 11:50","","Concentration Curl",,"",0,"normal",10,8,,,
"Functional","17 Aug 2024, 11:04","17 Aug 2024, 11:50","","Concentration Curl",,"",1,"normal",14,6,,,
"Functional","17 Aug 2024, 11:04","17 Aug 2024, 11:50","","Concentration Curl",,"",2,"normal",16,6,,,
"Functional","13 Aug 2024, 16:08","13 Aug 2024, 16:54","","Deadlift (Barbell)",,"",0,"normal",50,8,,,
"Functional","13 Aug 2024, 16:08","13 Aug 2024, 16:54","","Deadlift (Barbell)",,"",1,"normal",60,8,,,
"Functional","13 Aug 2024, 16:08","13 Aug 2024, 16:54","","Deadlift (Barbell)",,"",2,"normal",60,8,,,
"Functional","13 Aug 2024, 16:08","13 Aug 2024, 16:54","","Deadlift (Barbell)",,"",3,"normal",60,8,,,
"Functional","13 Aug 2024, 16:08","13 Aug 2024, 16:54","","Shoulder Press (Dumbbell)",,"",0,"normal",16,8,,,
"Functional","13 Aug 2024, 16:08","13 Aug 2024, 16:54","","Shoulder Press (Dumbbell)",,"",1,"normal",36,8,,,
"Functional","13 Aug 2024, 16:08","13 Aug 2024, 16:54","","Shoulder Press (Dumbbell)",,"",2,"normal",36,8,,,
"Functional","13 Aug 2024, 16:08","13 Aug 2024, 16:54","","Shoulder Press (Dumbbell)",,"",3,"normal",36,4,,,
"Functional","13 Aug 2024, 16:08","13 Aug 2024, 16:54","","Squat (Dumbbell)",,"",0,"normal",16,8,,,
"Functional","13 Aug 2024, 16:08","13 Aug 2024, 16:54","","Squat (Dumbbell)",,"",1,"normal",40,8,,,
"Functional","13 Aug 2024, 16:08","13 Aug 2024, 16:54","","Squat (Dumbbell)",,"",2,"normal",40,8,,,
"Functional","13 Aug 2024, 16:08","13 Aug 2024, 16:54","","Squat (Dumbbell)",,"",3,"normal",40,8,,,
"Functional","13 Aug 2024, 16:08","13 Aug 2024, 16:54","","Chest Press (Machine)",,"",0,"normal",40,8,,,
"Functional","13 Aug 2024, 16:08","13 Aug 2024, 16:54","","Chest Press (Machine)",,"",1,"normal",80,8,,,
"Functional","13 Aug 2024, 16:08","13 Aug 2024, 16:54","","Chest Press (Machine)",,"",2,"normal",80,6,,,
"Functional","13 Aug 2024, 16:08","13 Aug 2024, 16:54","","Chest Press (Machine)",,"",3,"normal",70,5,,,
"Functional","13 Aug 2024, 16:08","13 Aug 2024, 16:54","","Pull Up (Assisted)",,"",0,"normal",14,6,,,
"Functional","13 Aug 2024, 16:08","13 Aug 2024, 16:54","","Pull Up (Assisted)",,"",1,"normal",7,5,,,
"Functional","13 Aug 2024, 16:08","13 Aug 2024, 16:54","","Pull Up (Assisted)",,"",2,"normal",7,4,,,
"Functional","13 Aug 2024, 16:08","13 Aug 2024, 16:54","","Seated Row (Machine)",,"",0,"normal",40,8,,,
"Functional","13 Aug 2024, 16:08","13 Aug 2024, 16:54","","Seated Row (Machine)",,"",1,"normal",80,8,,,
"Functional","13 Aug 2024, 16:08","13 Aug 2024, 16:54","","Seated Row (Machine)",,"",2,"normal",70,8,,,
"Functional","13 Aug 2024, 16:08","13 Aug 2024, 16:54","","Seated Row (Machine)",,"",3,"normal",70,8,,,
"Functional","13 Aug 2024, 16:08","13 Aug 2024, 16:54","","Concentration Curl",,"",0,"normal",10,6,,,
"Abs","6 Aug 2024, 17:21","6 Aug 2024, 17:25","","Crunch",,"",0,"normal",,45,,,
"Abs","6 Aug 2024, 17:21","6 Aug 2024, 17:25","","Flutter Kicks",,"",0,"normal",,45,,,
"Abs","6 Aug 2024, 17:21","6 Aug 2024, 17:25","","Russian Twist (Bodyweight)",,"",0,"normal",,45,,,
"Functional","6 Aug 2024, 16:32","6 Aug 2024, 17:21","","Pull Up (Assisted)",,"",0,"normal",14,6,,,
"Functional","6 Aug 2024, 16:32","6 Aug 2024, 17:21","","Pull Up (Assisted)",,"",1,"normal",7,6,,,
"Functional","6 Aug 2024, 16:32","6 Aug 2024, 17:21","","Pull Up (Assisted)",,"",2,"normal",7,6,,,
"Functional","6 Aug 2024, 16:32","6 Aug 2024, 17:21","","Chest Press (Machine)",,"",0,"normal",40,8,,,
"Functional","6 Aug 2024, 16:32","6 Aug 2024, 17:21","","Chest Press (Machine)",,"",1,"normal",80,8,,,
"Functional","6 Aug 2024, 16:32","6 Aug 2024, 17:21","","Chest Press (Machine)",,"",2,"normal",80,8,,,
"Functional","6 Aug 2024, 16:32","6 Aug 2024, 17:21","","Chest Press (Machine)",,"",3,"normal",80,8,,,
"Functional","6 Aug 2024, 16:32","6 Aug 2024, 17:21","","Deadlift (Barbell)",,"",0,"normal",40,8,,,
"Functional","6 Aug 2024, 16:32","6 Aug 2024, 17:21","","Deadlift (Barbell)",,"",1,"normal",50,8,,,
"Functional","6 Aug 2024, 16:32","6 Aug 2024, 17:21","","Deadlift (Barbell)",,"",2,"normal",50,8,,,
"Functional","6 Aug 2024, 16:32","6 Aug 2024, 17:21","","Shoulder Press (Dumbbell)",,"",0,"normal",18,8,,,
"Functional","6 Aug 2024, 16:32","6 Aug 2024, 17:21","","Shoulder Press (Dumbbell)",,"",1,"normal",32,8,,,
"Functional","6 Aug 2024, 16:32","6 Aug 2024, 17:21","","Shoulder Press (Dumbbell)",,"",2,"normal",32,8,,,
"Functional","6 Aug 2024, 16:32","6 Aug 2024, 17:21","","Shoulder Press (Dumbbell)",,"",3,"normal",32,6,,,
"Functional","6 Aug 2024, 16:32","6 Aug 2024, 17:21","","Concentration Curl",,"",0,"normal",9,6,,,
"Functional","6 Aug 2024, 16:32","6 Aug 2024, 17:21","","Concentration Curl",,"",1,"normal",16,6,,,
"Functional","6 Aug 2024, 16:32","6 Aug 2024, 17:21","","Concentration Curl",,"",2,"normal",16,6,,,
"Functional","6 Aug 2024, 16:32","6 Aug 2024, 17:21","","Squat (Dumbbell)",,"",0,"normal",18,8,,,
"Functional","6 Aug 2024, 16:32","6 Aug 2024, 17:21","","Squat (Dumbbell)",,"",1,"normal",40,8,,,
"Functional","6 Aug 2024, 16:32","6 Aug 2024, 17:21","","Squat (Dumbbell)",,"",2,"normal",40,6,,,
"Functional","6 Aug 2024, 16:32","6 Aug 2024, 17:21","","Seated Row (Machine)",,"",0,"normal",40,8,,,
"Functional","6 Aug 2024, 16:32","6 Aug 2024, 17:21","","Seated Row (Machine)",,"",1,"normal",80,8,,,
"Functional","6 Aug 2024, 16:32","6 Aug 2024, 17:21","","Seated Row (Machine)",,"",2,"normal",80,8,,,
"Functional","6 Aug 2024, 16:32","6 Aug 2024, 17:21","","Seated Row (Machine)",,"",3,"normal",80,8,,,
"Abs","3 Aug 2024, 09:30","3 Aug 2024, 09:33","","Crunch",,"",0,"normal",,45,,,
"Abs","3 Aug 2024, 09:30","3 Aug 2024, 09:33","","Flutter Kicks",,"",0,"normal",,45,,,
"Abs","3 Aug 2024, 09:30","3 Aug 2024, 09:33","","Russian Twist (Bodyweight)",,"",0,"normal",,45,,,
"Functional","3 Aug 2024, 08:40","3 Aug 2024, 09:22","","Deadlift (Barbell)",,"",0,"normal",40,8,,,
"Functional","3 Aug 2024, 08:40","3 Aug 2024, 09:22","","Deadlift (Barbell)",,"",1,"normal",50,8,,,
"Functional","3 Aug 2024, 08:40","3 Aug 2024, 09:22","","Deadlift (Barbell)",,"",2,"normal",60,8,,,
"Functional","3 Aug 2024, 08:40","3 Aug 2024, 09:22","","Shoulder Press (Dumbbell)",,"",0,"normal",20,8,,,
"Functional","3 Aug 2024, 08:40","3 Aug 2024, 09:22","","Shoulder Press (Dumbbell)",,"",1,"normal",36,6,,,
"Functional","3 Aug 2024, 08:40","3 Aug 2024, 09:22","","Shoulder Press (Dumbbell)",,"",2,"normal",32,8,,,
"Functional","3 Aug 2024, 08:40","3 Aug 2024, 09:22","","Shoulder Press (Dumbbell)",,"",3,"normal",32,8,,,
"Functional","3 Aug 2024, 08:40","3 Aug 2024, 09:22","","Chest Press (Machine)",,"",0,"normal",40,8,,,
"Functional","3 Aug 2024, 08:40","3 Aug 2024, 09:22","","Chest Press (Machine)",,"",1,"normal",80,8,,,
"Functional","3 Aug 2024, 08:40","3 Aug 2024, 09:22","","Chest Press (Machine)",,"",2,"normal",80,6,,,
"Functional","3 Aug 2024, 08:40","3 Aug 2024, 09:22","","Chest Press (Machine)",,"",3,"normal",70,6,,,
"Functional","3 Aug 2024, 08:40","3 Aug 2024, 09:22","","Pull Up (Assisted)",,"",0,"normal",14,8,,,
"Functional","3 Aug 2024, 08:40","3 Aug 2024, 09:22","","Pull Up (Assisted)",,"",1,"normal",14,6,,,
"Functional","3 Aug 2024, 08:40","3 Aug 2024, 09:22","","Pull Up (Assisted)",,"",2,"normal",14,6,,,
"Functional","3 Aug 2024, 08:40","3 Aug 2024, 09:22","","Squat (Dumbbell)",,"",0,"normal",24,8,,,
"Functional","3 Aug 2024, 08:40","3 Aug 2024, 09:22","","Squat (Dumbbell)",,"",1,"normal",40,8,,,
"Functional","3 Aug 2024, 08:40","3 Aug 2024, 09:22","","Squat (Dumbbell)",,"",2,"normal",40,8,,,
"Functional","3 Aug 2024, 08:40","3 Aug 2024, 09:22","","Seated Row (Machine)",,"",0,"normal",40,8,,,
"Functional","3 Aug 2024, 08:40","3 Aug 2024, 09:22","","Seated Row (Machine)",,"",1,"normal",80,8,,,
"Functional","3 Aug 2024, 08:40","3 Aug 2024, 09:22","","Seated Row (Machine)",,"",2,"normal",80,8,,,
"Functional","3 Aug 2024, 08:40","3 Aug 2024, 09:22","","Seated Row (Machine)",,"",3,"normal",80,8,,,
"Functional","27 Jul 2024, 08:58","27 Jul 2024, 09:32","","Deadlift (Barbell)",,"",0,"normal",40,8,,,
"Functional","27 Jul 2024, 08:58","27 Jul 2024, 09:32","","Deadlift (Barbell)",,"",1,"normal",50,8,,,
"Functional","27 Jul 2024, 08:58","27 Jul 2024, 09:32","","Deadlift (Barbell)",,"",2,"normal",60,8,,,
"Functional","27 Jul 2024, 08:58","27 Jul 2024, 09:32","","Shoulder Press (Dumbbell)",,"",0,"normal",20,8,,,
"Functional","27 Jul 2024, 08:58","27 Jul 2024, 09:32","","Shoulder Press (Dumbbell)",,"",1,"normal",32,8,,,
"Functional","27 Jul 2024, 08:58","27 Jul 2024, 09:32","","Shoulder Press (Dumbbell)",,"",2,"normal",36,4,,,
"Functional","27 Jul 2024, 08:58","27 Jul 2024, 09:32","","Shoulder Press (Dumbbell)",,"",3,"normal",28,6,,,
"Functional","27 Jul 2024, 08:58","27 Jul 2024, 09:32","","Pull Up (Assisted)",,"",0,"normal",14,8,,,
"Functional","27 Jul 2024, 08:58","27 Jul 2024, 09:32","","Pull Up (Assisted)",,"",1,"normal",7,6,,,
"Functional","27 Jul 2024, 08:58","27 Jul 2024, 09:32","","Pull Up (Assisted)",,"",2,"normal",7,4,,,
"Functional","27 Jul 2024, 08:58","27 Jul 2024, 09:32","","Squat (Dumbbell)",,"",0,"normal",28,8,,,
"Functional","27 Jul 2024, 08:58","27 Jul 2024, 09:32","","Squat (Dumbbell)",,"",1,"normal",36,8,,,
"Functional","27 Jul 2024, 08:58","27 Jul 2024, 09:32","","Squat (Dumbbell)",,"",2,"normal",36,8,,,
"Functional","27 Jul 2024, 08:58","27 Jul 2024, 09:32","","Chest Press (Machine)",,"",0,"normal",40,8,,,
"Functional","27 Jul 2024, 08:58","27 Jul 2024, 09:32","","Chest Press (Machine)",,"",1,"normal",80,8,,,
"Functional","27 Jul 2024, 08:58","27 Jul 2024, 09:32","","Chest Press (Machine)",,"",2,"normal",80,6,,,
"Functional","27 Jul 2024, 08:58","27 Jul 2024, 09:32","","Chest Press (Machine)",,"",3,"normal",70,6,,,
"Functional","27 Jul 2024, 08:58","27 Jul 2024, 09:32","","Seated Row (Machine)",,"",0,"normal",40,8,,,
"Functional","27 Jul 2024, 08:58","27 Jul 2024, 09:32","","Seated Row (Machine)",,"",1,"normal",80,8,,,
"Functional","27 Jul 2024, 08:58","27 Jul 2024, 09:32","","Seated Row (Machine)",,"",2,"normal",80,8,,,
"Functional","27 Jul 2024, 08:58","27 Jul 2024, 09:32","","Seated Row (Machine)",,"",3,"normal",75,8,,,
"Functional","22 Jul 2024, 06:34","22 Jul 2024, 07:07","","Shoulder Press (Dumbbell)",,"",0,"normal",16,8,,,
"Functional","22 Jul 2024, 06:34","22 Jul 2024, 07:07","","Shoulder Press (Dumbbell)",,"",1,"normal",28,8,,,
"Functional","22 Jul 2024, 06:34","22 Jul 2024, 07:07","","Shoulder Press (Dumbbell)",,"",2,"normal",28,8,,,
"Functional","22 Jul 2024, 06:34","22 Jul 2024, 07:07","","Shoulder Press (Dumbbell)",,"",3,"normal",32,6,,,
"Functional","22 Jul 2024, 06:34","22 Jul 2024, 07:07","","Deadlift (Barbell)",,"",0,"normal",40,8,,,
"Functional","22 Jul 2024, 06:34","22 Jul 2024, 07:07","","Deadlift (Barbell)",,"",1,"normal",40,8,,,
"Functional","22 Jul 2024, 06:34","22 Jul 2024, 07:07","","Deadlift (Barbell)",,"",2,"normal",40,8,,,
"Functional","22 Jul 2024, 06:34","22 Jul 2024, 07:07","","Pull Up (Assisted)",,"",0,"normal",14,6,,,
"Functional","22 Jul 2024, 06:34","22 Jul 2024, 07:07","","Pull Up (Assisted)",,"",1,"normal",7,5,,,
"Functional","22 Jul 2024, 06:34","22 Jul 2024, 07:07","","Pull Up (Assisted)",,"",2,"normal",7,4,,,
"Functional","22 Jul 2024, 06:34","22 Jul 2024, 07:07","","Chest Press (Machine)",,"",0,"normal",40,8,,,
"Functional","22 Jul 2024, 06:34","22 Jul 2024, 07:07","","Chest Press (Machine)",,"",1,"normal",80,8,,,
"Functional","22 Jul 2024, 06:34","22 Jul 2024, 07:07","","Chest Press (Machine)",,"",2,"normal",70,8,,,
"Functional","22 Jul 2024, 06:34","22 Jul 2024, 07:07","","Chest Press (Machine)",,"",3,"normal",70,6,,,
"Functional","22 Jul 2024, 06:34","22 Jul 2024, 07:07","","Seated Row (Machine)",,"",0,"normal",40,8,,,
"Functional","22 Jul 2024, 06:34","22 Jul 2024, 07:07","","Seated Row (Machine)",,"",1,"normal",70,8,,,
"Functional","22 Jul 2024, 06:34","22 Jul 2024, 07:07","","Seated Row (Machine)",,"",2,"normal",70,8,,,
"Functional","22 Jul 2024, 06:34","22 Jul 2024, 07:07","","Seated Row (Machine)",,"",3,"normal",75,8,,,
"Functional","22 Jul 2024, 06:34","22 Jul 2024, 07:07","","Squat (Dumbbell)",,"",0,"normal",28,8,,,
"Abs","13 Jul 2024, 11:06","13 Jul 2024, 11:09","","Crunch",,"",0,"normal",,45,,,
"Abs","13 Jul 2024, 11:06","13 Jul 2024, 11:09","","Russian Twist (Bodyweight)",,"",0,"normal",,45,,,
"Functional","13 Jul 2024, 10:28","13 Jul 2024, 11:06","","Shoulder Press (Dumbbell)",,"",0,"normal",18,8,,,
"Functional","13 Jul 2024, 10:28","13 Jul 2024, 11:06","","Shoulder Press (Dumbbell)",,"",1,"normal",32,8,,,
"Functional","13 Jul 2024, 10:28","13 Jul 2024, 11:06","","Shoulder Press (Dumbbell)",,"",2,"normal",32,8,,,
"Functional","13 Jul 2024, 10:28","13 Jul 2024, 11:06","","Shoulder Press (Dumbbell)",,"",3,"normal",32,6,,,
"Functional","13 Jul 2024, 10:28","13 Jul 2024, 11:06","","Pull Up (Assisted)",,"",0,"normal",14,6,,,
"Functional","13 Jul 2024, 10:28","13 Jul 2024, 11:06","","Pull Up (Assisted)",,"",1,"normal",7,6,,,
"Functional","13 Jul 2024, 10:28","13 Jul 2024, 11:06","","Pull Up (Assisted)",,"",2,"normal",7,6,,,
"Functional","13 Jul 2024, 10:28","13 Jul 2024, 11:06","","Chest Press (Machine)",,"",0,"normal",40,8,,,
"Functional","13 Jul 2024, 10:28","13 Jul 2024, 11:06","","Chest Press (Machine)",,"",1,"normal",80,8,,,
"Functional","13 Jul 2024, 10:28","13 Jul 2024, 11:06","","Chest Press (Machine)",,"",2,"normal",80,8,,,
"Functional","13 Jul 2024, 10:28","13 Jul 2024, 11:06","","Chest Press (Machine)",,"",3,"normal",80,5,,,
"Functional","13 Jul 2024, 10:28","13 Jul 2024, 11:06","","Seated Row (Machine)",,"",0,"normal",40,8,,,
"Functional","13 Jul 2024, 10:28","13 Jul 2024, 11:06","","Seated Row (Machine)",,"",1,"normal",80,8,,,
"Functional","13 Jul 2024, 10:28","13 Jul 2024, 11:06","","Seated Row (Machine)",,"",2,"normal",80,8,,,
"Functional","13 Jul 2024, 10:28","13 Jul 2024, 11:06","","Seated Row (Machine)",,"",3,"normal",80,8,,,
"Functional","13 Jul 2024, 10:28","13 Jul 2024, 11:06","","Squat (Dumbbell)",,"",0,"normal",24,8,,,
"Functional","13 Jul 2024, 10:28","13 Jul 2024, 11:06","","Squat (Dumbbell)",,"",1,"normal",24,8,,,
"Functional","13 Jul 2024, 10:28","13 Jul 2024, 11:06","","Squat (Dumbbell)",,"",2,"normal",24,8,,,
"Functional","13 Jul 2024, 10:28","13 Jul 2024, 11:06","","Concentration Curl",,"",0,"normal",9,6,,,
"Functional","13 Jul 2024, 10:28","13 Jul 2024, 11:06","","Concentration Curl",,"",1,"normal",12,8,,,
"Functional","13 Jul 2024, 10:28","13 Jul 2024, 11:06","","Concentration Curl",,"",2,"normal",12,6,,,
"Functional","10 Jul 2024, 17:51","10 Jul 2024, 18:12","","Seated Row (Machine)",,"",0,"normal",40,8,,,
"Functional","10 Jul 2024, 17:51","10 Jul 2024, 18:12","","Seated Row (Machine)",,"",1,"normal",80,8,,,
"Functional","10 Jul 2024, 17:51","10 Jul 2024, 18:12","","Seated Row (Machine)",,"",2,"normal",80,8,,,
"Functional","10 Jul 2024, 17:51","10 Jul 2024, 18:12","","Seated Row (Machine)",,"",3,"normal",80,8,,,
"Functional","10 Jul 2024, 17:51","10 Jul 2024, 18:12","","Chest Press (Machine)",,"",0,"normal",40,8,,,
"Functional","10 Jul 2024, 17:51","10 Jul 2024, 18:12","","Chest Press (Machine)",,"",1,"normal",80,8,,,
"Functional","10 Jul 2024, 17:51","10 Jul 2024, 18:12","","Chest Press (Machine)",,"",2,"normal",80,6,,,
"Functional","10 Jul 2024, 17:51","10 Jul 2024, 18:12","","Chest Press (Machine)",,"",3,"normal",80,6,,,
"Functional","10 Jul 2024, 17:51","10 Jul 2024, 18:12","","Pull Up (Assisted)",,"",0,"normal",7,5,,,
"Functional","10 Jul 2024, 17:51","10 Jul 2024, 18:12","","Pull Up (Assisted)",,"",1,"normal",7,5,,,
"Functional","10 Jul 2024, 17:51","10 Jul 2024, 18:12","","Pull Up (Assisted)",,"",2,"normal",14,5,,,
"Functional","10 Jul 2024, 17:51","10 Jul 2024, 18:12","","Shoulder Press (Dumbbell)",,"",0,"normal",18,8,,,
"Functional","10 Jul 2024, 17:51","10 Jul 2024, 18:12","","Shoulder Press (Dumbbell)",,"",1,"normal",28,8,,,
"Functional","10 Jul 2024, 17:51","10 Jul 2024, 18:12","","Shoulder Press (Dumbbell)",,"",2,"normal",32,8,,,
"Functional","10 Jul 2024, 17:51","10 Jul 2024, 18:12","","Shoulder Press (Dumbbell)",,"",3,"normal",32,5,,,
"Functional","2 Jul 2024, 06:47","2 Jul 2024, 07:14","","Pull Up (Assisted)",,"",0,"normal",7,6,,,
"Functional","2 Jul 2024, 06:47","2 Jul 2024, 07:14","","Pull Up (Assisted)",,"",1,"normal",7,6,,,
"Functional","2 Jul 2024, 06:47","2 Jul 2024, 07:14","","Pull Up (Assisted)",,"",2,"normal",7,4,,,
"Functional","2 Jul 2024, 06:47","2 Jul 2024, 07:14","","Chest Press (Machine)",,"",0,"normal",40,8,,,
"Functional","2 Jul 2024, 06:47","2 Jul 2024, 07:14","","Chest Press (Machine)",,"",1,"normal",80,8,,,
"Functional","2 Jul 2024, 06:47","2 Jul 2024, 07:14","","Chest Press (Machine)",,"",2,"normal",80,6,,,
"Functional","2 Jul 2024, 06:47","2 Jul 2024, 07:14","","Chest Press (Machine)",,"",3,"normal",70,8,,,
"Functional","2 Jul 2024, 06:47","2 Jul 2024, 07:14","","Shoulder Press (Dumbbell)",,"",0,"normal",20,8,,,
"Functional","2 Jul 2024, 06:47","2 Jul 2024, 07:14","","Shoulder Press (Dumbbell)",,"",1,"normal",32,6,,,
"Functional","2 Jul 2024, 06:47","2 Jul 2024, 07:14","","Shoulder Press (Dumbbell)",,"",2,"normal",32,8,,,
"Functional","2 Jul 2024, 06:47","2 Jul 2024, 07:14","","Shoulder Press (Dumbbell)",,"",3,"normal",32,8,,,
"Functional","2 Jul 2024, 06:47","2 Jul 2024, 07:14","","Seated Row (Machine)",,"",0,"normal",40,8,,,
"Functional","30 Jun 2024, 10:26","30 Jun 2024, 11:10","","Deadlift (Barbell)",,"",0,"normal",50,6,,,
"Functional","30 Jun 2024, 10:26","30 Jun 2024, 11:10","","Deadlift (Barbell)",,"",1,"normal",70,8,,,
"Functional","30 Jun 2024, 10:26","30 Jun 2024, 11:10","","Deadlift (Barbell)",,"",2,"normal",70,8,,,
"Functional","30 Jun 2024, 10:26","30 Jun 2024, 11:10","","Deadlift (Barbell)",,"",3,"normal",80,8,,,
"Functional","30 Jun 2024, 10:26","30 Jun 2024, 11:10","","Deadlift (Barbell)",,"",4,"normal",90,6,,,
"Functional","30 Jun 2024, 10:26","30 Jun 2024, 11:10","","Pull Up (Assisted)",,"",0,"normal",7,6,,,
"Functional","30 Jun 2024, 10:26","30 Jun 2024, 11:10","","Pull Up (Assisted)",,"",1,"normal",7,5,,,
"Functional","30 Jun 2024, 10:26","30 Jun 2024, 11:10","","Pull Up (Assisted)",,"",2,"normal",7,5,,,
"Functional","30 Jun 2024, 10:26","30 Jun 2024, 11:10","","Chest Press (Machine)",,"",0,"normal",40,8,,,
"Functional","30 Jun 2024, 10:26","30 Jun 2024, 11:10","","Chest Press (Machine)",,"",1,"normal",80,8,,,
"Functional","30 Jun 2024, 10:26","30 Jun 2024, 11:10","","Chest Press (Machine)",,"",2,"normal",80,8,,,
"Functional","30 Jun 2024, 10:26","30 Jun 2024, 11:10","","Chest Press (Machine)",,"",3,"normal",80,6,,,
"Functional","30 Jun 2024, 10:26","30 Jun 2024, 11:10","","Seated Row (Machine)",,"",0,"normal",40,8,,,
"Functional","30 Jun 2024, 10:26","30 Jun 2024, 11:10","","Seated Row (Machine)",,"",1,"normal",80,8,,,
"Functional","30 Jun 2024, 10:26","30 Jun 2024, 11:10","","Seated Row (Machine)",,"",2,"normal",80,8,,,
"Functional","30 Jun 2024, 10:26","30 Jun 2024, 11:10","","Seated Row (Machine)",,"",3,"normal",80,8,,,
"Functional","30 Jun 2024, 10:26","30 Jun 2024, 11:10","","Shoulder Press (Dumbbell)",,"",0,"normal",16,8,,,
"Functional","30 Jun 2024, 10:26","30 Jun 2024, 11:10","","Shoulder Press (Dumbbell)",,"",1,"normal",32,8,,,
"Functional","30 Jun 2024, 10:26","30 Jun 2024, 11:10","","Shoulder Press (Dumbbell)",,"",2,"normal",32,8,,,
"Functional","30 Jun 2024, 10:26","30 Jun 2024, 11:10","","Shoulder Press (Dumbbell)",,"",3,"normal",32,6,,,
"Abs","22 Jun 2024, 09:29","22 Jun 2024, 09:33","","Crunch",,"",0,"normal",,45,,,
"Abs","22 Jun 2024, 09:29","22 Jun 2024, 09:33","","Flutter Kicks",,"",0,"normal",,45,,,
"Abs","22 Jun 2024, 09:29","22 Jun 2024, 09:33","","Russian Twist (Bodyweight)",,"",0,"normal",,45,,,
"Functional","22 Jun 2024, 08:41","22 Jun 2024, 09:28","","Shoulder Press (Dumbbell)",,"",0,"normal",20,8,,,
"Functional","22 Jun 2024, 08:41","22 Jun 2024, 09:28","","Shoulder Press (Dumbbell)",,"",1,"normal",36,6,,,
"Functional","22 Jun 2024, 08:41","22 Jun 2024, 09:28","","Shoulder Press (Dumbbell)",,"",2,"normal",32,8,,,
"Functional","22 Jun 2024, 08:41","22 Jun 2024, 09:28","","Shoulder Press (Dumbbell)",,"",3,"normal",32,6,,,
"Functional","22 Jun 2024, 08:41","22 Jun 2024, 09:28","","Pull Up (Assisted)",,"",0,"normal",14,8,,,
"Functional","22 Jun 2024, 08:41","22 Jun 2024, 09:28","","Pull Up (Assisted)",,"",1,"normal",7,6,,,
"Functional","22 Jun 2024, 08:41","22 Jun 2024, 09:28","","Pull Up (Assisted)",,"",2,"normal",,4,,,
"Functional","22 Jun 2024, 08:41","22 Jun 2024, 09:28","","Chest Press (Machine)",,"",0,"normal",40,8,,,
"Functional","22 Jun 2024, 08:41","22 Jun 2024, 09:28","","Chest Press (Machine)",,"",1,"normal",80,8,,,
"Functional","22 Jun 2024, 08:41","22 Jun 2024, 09:28","","Chest Press (Machine)",,"",2,"normal",80,8,,,
"Functional","22 Jun 2024, 08:41","22 Jun 2024, 09:28","","Chest Press (Machine)",,"",3,"normal",80,5,,,
"Functional","22 Jun 2024, 08:41","22 Jun 2024, 09:28","","Deadlift (Barbell)",,"",0,"normal",40,6,,,
"Functional","22 Jun 2024, 08:41","22 Jun 2024, 09:28","","Deadlift (Barbell)",,"",1,"normal",60,8,,,
"Functional","22 Jun 2024, 08:41","22 Jun 2024, 09:28","","Deadlift (Barbell)",,"",2,"normal",70,8,,,
"Functional","22 Jun 2024, 08:41","22 Jun 2024, 09:28","","Deadlift (Barbell)",,"",3,"normal",80,8,,,
"Functional","22 Jun 2024, 08:41","22 Jun 2024, 09:28","","Seated Row (Machine)",,"",0,"normal",40,8,,,
"Functional","22 Jun 2024, 08:41","22 Jun 2024, 09:28","","Seated Row (Machine)",,"",1,"normal",80,8,,,
"Functional","22 Jun 2024, 08:41","22 Jun 2024, 09:28","","Seated Row (Machine)",,"",2,"normal",80,8,,,
"Functional","22 Jun 2024, 08:41","22 Jun 2024, 09:28","","Seated Row (Machine)",,"",3,"normal",80,8,,,
"Functional","22 Jun 2024, 08:41","22 Jun 2024, 09:28","","Squat (Dumbbell)",,"",0,"normal",40,8,,,
"Functional","22 Jun 2024, 08:41","22 Jun 2024, 09:28","","Squat (Dumbbell)",,"",1,"normal",40,8,,,
"Functional","22 Jun 2024, 08:41","22 Jun 2024, 09:28","","Squat (Dumbbell)",,"",2,"normal",40,8,,,
"Functional","18 Jun 2024, 06:36","18 Jun 2024, 07:20","","Deadlift (Barbell)",,"",0,"normal",40,8,,,
"Functional","18 Jun 2024, 06:36","18 Jun 2024, 07:20","","Deadlift (Barbell)",,"",1,"normal",80,8,,,
"Functional","18 Jun 2024, 06:36","18 Jun 2024, 07:20","","Deadlift (Barbell)",,"",2,"normal",80,8,,,
"Functional","18 Jun 2024, 06:36","18 Jun 2024, 07:20","","Deadlift (Barbell)",,"",3,"normal",80,8,,,
"Functional","18 Jun 2024, 06:36","18 Jun 2024, 07:20","","Shoulder Press (Dumbbell)",,"",0,"normal",20,8,,,
"Functional","18 Jun 2024, 06:36","18 Jun 2024, 07:20","","Shoulder Press (Dumbbell)",,"",1,"normal",36,6,,,
"Functional","18 Jun 2024, 06:36","18 Jun 2024, 07:20","","Shoulder Press (Dumbbell)",,"",2,"normal",32,8,,,
"Functional","18 Jun 2024, 06:36","18 Jun 2024, 07:20","","Shoulder Press (Dumbbell)",,"",3,"normal",32,5,,,
"Functional","18 Jun 2024, 06:36","18 Jun 2024, 07:20","","Seated Row (Machine)",,"",0,"normal",40,8,,,
"Functional","18 Jun 2024, 06:36","18 Jun 2024, 07:20","","Seated Row (Machine)",,"",1,"normal",80,8,,,
"Functional","18 Jun 2024, 06:36","18 Jun 2024, 07:20","","Seated Row (Machine)",,"",2,"normal",80,8,,,
"Functional","18 Jun 2024, 06:36","18 Jun 2024, 07:20","","Seated Row (Machine)",,"",3,"normal",80,8,,,
"Functional","18 Jun 2024, 06:36","18 Jun 2024, 07:20","","Squat (Dumbbell)",,"",0,"normal",20,6,,,
"Functional","18 Jun 2024, 06:36","18 Jun 2024, 07:20","","Squat (Dumbbell)",,"",1,"normal",40,8,,,
"Functional","18 Jun 2024, 06:36","18 Jun 2024, 07:20","","Squat (Dumbbell)",,"",2,"normal",40,8,,,
"Functional","18 Jun 2024, 06:36","18 Jun 2024, 07:20","","Squat (Dumbbell)",,"",3,"normal",40,8,,,
"Functional","18 Jun 2024, 06:36","18 Jun 2024, 07:20","","Pull Up (Assisted)",,"",0,"normal",14,8,,,
"Functional","18 Jun 2024, 06:36","18 Jun 2024, 07:20","","Pull Up (Assisted)",,"",1,"normal",7,5,,,
"Functional","18 Jun 2024, 06:36","18 Jun 2024, 07:20","","Pull Up (Assisted)",,"",2,"normal",7,5,,,
"Functional","18 Jun 2024, 06:36","18 Jun 2024, 07:20","","Chest Press (Machine)",,"",0,"normal",40,8,,,
"Functional","18 Jun 2024, 06:36","18 Jun 2024, 07:20","","Chest Press (Machine)",,"",1,"normal",80,8,,,
"Functional","18 Jun 2024, 06:36","18 Jun 2024, 07:20","","Chest Press (Machine)",,"",2,"normal",80,8,,,
"Functional","18 Jun 2024, 06:36","18 Jun 2024, 07:20","","Chest Press (Machine)",,"",3,"normal",80,6,,,
"Abs","16 Jun 2024, 09:41","16 Jun 2024, 09:44","","Crunch",,"",0,"normal",,45,,,
"Abs","16 Jun 2024, 09:41","16 Jun 2024, 09:44","","Flutter Kicks",,"",0,"normal",,45,,,
"Abs","16 Jun 2024, 09:41","16 Jun 2024, 09:44","","Russian Twist (Bodyweight)",,"",0,"normal",,45,,,
"Functional","16 Jun 2024, 08:53","16 Jun 2024, 09:40","","Deadlift (Barbell)",,"",0,"normal",50,8,,,
"Functional","16 Jun 2024, 08:53","16 Jun 2024, 09:40","","Deadlift (Barbell)",,"",1,"normal",70,8,,,
"Functional","16 Jun 2024, 08:53","16 Jun 2024, 09:40","","Deadlift (Barbell)",,"",2,"normal",80,8,,,
"Functional","16 Jun 2024, 08:53","16 Jun 2024, 09:40","","Deadlift (Barbell)",,"",3,"normal",80,8,,,
"Functional","16 Jun 2024, 08:53","16 Jun 2024, 09:40","","Shoulder Press (Dumbbell)",,"",0,"normal",20,8,,,
"Functional","16 Jun 2024, 08:53","16 Jun 2024, 09:40","","Shoulder Press (Dumbbell)",,"",1,"normal",36,8,,,
"Functional","16 Jun 2024, 08:53","16 Jun 2024, 09:40","","Shoulder Press (Dumbbell)",,"",2,"normal",36,7,,,
"Functional","16 Jun 2024, 08:53","16 Jun 2024, 09:40","","Shoulder Press (Dumbbell)",,"",3,"normal",32,4,,,
"Functional","16 Jun 2024, 08:53","16 Jun 2024, 09:40","","Chest Press (Machine)",,"",0,"normal",40,8,,,
"Functional","16 Jun 2024, 08:53","16 Jun 2024, 09:40","","Chest Press (Machine)",,"",1,"normal",80,7,,,
"Functional","16 Jun 2024, 08:53","16 Jun 2024, 09:40","","Chest Press (Machine)",,"",2,"normal",80,8,,,
"Functional","16 Jun 2024, 08:53","16 Jun 2024, 09:40","","Chest Press (Machine)",,"",3,"normal",80,5,,,
"Functional","16 Jun 2024, 08:53","16 Jun 2024, 09:40","","Pull Up (Assisted)",,"",0,"normal",14,8,,,
"Functional","16 Jun 2024, 08:53","16 Jun 2024, 09:40","","Pull Up (Assisted)",,"",1,"normal",7,5,,,
"Functional","16 Jun 2024, 08:53","16 Jun 2024, 09:40","","Pull Up (Assisted)",,"",2,"normal",7,4,,,
"Functional","16 Jun 2024, 08:53","16 Jun 2024, 09:40","","Squat (Dumbbell)",,"",0,"normal",20,8,,,
"Functional","16 Jun 2024, 08:53","16 Jun 2024, 09:40","","Squat (Dumbbell)",,"",1,"normal",40,8,,,
"Functional","16 Jun 2024, 08:53","16 Jun 2024, 09:40","","Squat (Dumbbell)",,"",2,"normal",40,8,,,
"Functional","16 Jun 2024, 08:53","16 Jun 2024, 09:40","","Squat (Dumbbell)",,"",3,"normal",40,8,,,
"Functional","16 Jun 2024, 08:53","16 Jun 2024, 09:40","","Seated Row (Machine)",,"",0,"normal",40,8,,,
"Functional","16 Jun 2024, 08:53","16 Jun 2024, 09:40","","Seated Row (Machine)",,"",1,"normal",80,8,,,
"Functional","16 Jun 2024, 08:53","16 Jun 2024, 09:40","","Seated Row (Machine)",,"",2,"normal",75,8,,,
"Functional","16 Jun 2024, 08:53","16 Jun 2024, 09:40","","Seated Row (Machine)",,"",3,"normal",75,8,,,
"Functional","13 Jun 2024, 17:44","13 Jun 2024, 18:30","","Pull Up (Assisted)",,"",0,"normal",14,8,,,
"Functional","13 Jun 2024, 17:44","13 Jun 2024, 18:30","","Pull Up (Assisted)",,"",1,"normal",7,6,,,
"Functional","13 Jun 2024, 17:44","13 Jun 2024, 18:30","","Pull Up (Assisted)",,"",2,"normal",7,5,,,
"Functional","13 Jun 2024, 17:44","13 Jun 2024, 18:30","","Chest Press (Machine)",,"",0,"normal",40,8,,,
"Functional","13 Jun 2024, 17:44","13 Jun 2024, 18:30","","Chest Press (Machine)",,"",1,"normal",80,8,,,
"Functional","13 Jun 2024, 17:44","13 Jun 2024, 18:30","","Chest Press (Machine)",,"",2,"normal",80,7,,,
"Functional","13 Jun 2024, 17:44","13 Jun 2024, 18:30","","Chest Press (Machine)",,"",3,"normal",80,5,,,
"Functional","13 Jun 2024, 17:44","13 Jun 2024, 18:30","","Deadlift (Barbell)",,"",0,"normal",50,8,,,
"Functional","13 Jun 2024, 17:44","13 Jun 2024, 18:30","","Deadlift (Barbell)",,"",1,"normal",70,8,,,
"Functional","13 Jun 2024, 17:44","13 Jun 2024, 18:30","","Deadlift (Barbell)",,"",2,"normal",80,8,,,
"Functional","13 Jun 2024, 17:44","13 Jun 2024, 18:30","","Deadlift (Barbell)",,"",3,"normal",80,8,,,
"Functional","13 Jun 2024, 17:44","13 Jun 2024, 18:30","","Shoulder Press (Dumbbell)",,"",0,"normal",24,8,,,
"Functional","13 Jun 2024, 17:44","13 Jun 2024, 18:30","","Shoulder Press (Dumbbell)",,"",1,"normal",32,8,,,
"Functional","13 Jun 2024, 17:44","13 Jun 2024, 18:30","","Shoulder Press (Dumbbell)",,"",2,"normal",32,8,,,
"Functional","13 Jun 2024, 17:44","13 Jun 2024, 18:30","","Shoulder Press (Dumbbell)",,"",3,"normal",32,8,,,
"Functional","13 Jun 2024, 17:44","13 Jun 2024, 18:30","","Squat (Dumbbell)",,"",0,"normal",36,8,,,
"Functional","13 Jun 2024, 17:44","13 Jun 2024, 18:30","","Squat (Dumbbell)",,"",1,"normal",36,8,,,
"Functional","13 Jun 2024, 17:44","13 Jun 2024, 18:30","","Squat (Dumbbell)",,"",2,"normal",36,8,,,
"Functional","13 Jun 2024, 17:44","13 Jun 2024, 18:30","","Seated Row (Machine)",,"",0,"normal",40,8,,,
"Functional","13 Jun 2024, 17:44","13 Jun 2024, 18:30","","Seated Row (Machine)",,"",1,"normal",75,8,,,
"Functional","13 Jun 2024, 17:44","13 Jun 2024, 18:30","","Seated Row (Machine)",,"",2,"normal",75,8,,,
"Functional","13 Jun 2024, 17:44","13 Jun 2024, 18:30","","Seated Row (Machine)",,"",3,"normal",75,8,,,
"Abs","9 Jun 2024, 09:23","9 Jun 2024, 09:28","","Crunch",,"",0,"normal",,45,,,
"Abs","9 Jun 2024, 09:23","9 Jun 2024, 09:28","","Flutter Kicks",,"",0,"normal",,45,,,
"Abs","9 Jun 2024, 09:23","9 Jun 2024, 09:28","","Russian Twist (Bodyweight)",,"",0,"normal",,45,,,
"Functional","9 Jun 2024, 08:39","9 Jun 2024, 09:23","","Deadlift (Barbell)",,"",0,"normal",50,8,,,
"Functional","9 Jun 2024, 08:39","9 Jun 2024, 09:23","","Deadlift (Barbell)",,"",1,"normal",70,8,,,
"Functional","9 Jun 2024, 08:39","9 Jun 2024, 09:23","","Deadlift (Barbell)",,"",2,"normal",70,8,,,
"Functional","9 Jun 2024, 08:39","9 Jun 2024, 09:23","","Shoulder Press (Dumbbell)",,"",0,"normal",20,8,,,
"Functional","9 Jun 2024, 08:39","9 Jun 2024, 09:23","","Shoulder Press (Dumbbell)",,"",1,"normal",36,4,,,
"Functional","9 Jun 2024, 08:39","9 Jun 2024, 09:23","","Shoulder Press (Dumbbell)",,"",2,"normal",28,4,,,
"Functional","9 Jun 2024, 08:39","9 Jun 2024, 09:23","","Pull Up (Assisted)",,"",0,"normal",14,8,,,
"Functional","9 Jun 2024, 08:39","9 Jun 2024, 09:23","","Pull Up (Assisted)",,"",1,"normal",14,8,,,
"Functional","9 Jun 2024, 08:39","9 Jun 2024, 09:23","","Pull Up (Assisted)",,"",2,"normal",7,5,,,
"Functional","9 Jun 2024, 08:39","9 Jun 2024, 09:23","","Chest Press (Machine)",,"",0,"normal",40,8,,,
"Functional","9 Jun 2024, 08:39","9 Jun 2024, 09:23","","Chest Press (Machine)",,"",1,"normal",80,8,,,
"Functional","9 Jun 2024, 08:39","9 Jun 2024, 09:23","","Chest Press (Machine)",,"",2,"normal",70,7,,,
"Functional","9 Jun 2024, 08:39","9 Jun 2024, 09:23","","Chest Press (Machine)",,"",3,"normal",70,6,,,
"Functional","9 Jun 2024, 08:39","9 Jun 2024, 09:23","","Squat (Dumbbell)",,"",0,"normal",24,8,,,
"Functional","9 Jun 2024, 08:39","9 Jun 2024, 09:23","","Squat (Dumbbell)",,"",1,"normal",36,8,,,
"Functional","9 Jun 2024, 08:39","9 Jun 2024, 09:23","","Squat (Dumbbell)",,"",2,"normal",36,8,,,
"Functional","9 Jun 2024, 08:39","9 Jun 2024, 09:23","","Seated Row (Machine)",,"",0,"normal",40,8,,,
"Functional","9 Jun 2024, 08:39","9 Jun 2024, 09:23","","Seated Row (Machine)",,"",1,"normal",60,8,,,
"Functional","9 Jun 2024, 08:39","9 Jun 2024, 09:23","","Seated Row (Machine)",,"",2,"normal",70,8,,,
"Functional","9 Jun 2024, 08:39","9 Jun 2024, 09:23","","Seated Row (Machine)",,"",3,"normal",70,8,,,
"Functional","9 Jun 2024, 08:39","9 Jun 2024, 09:23","","Concentration Curl",,"",0,"normal",12,8,,,
"Functional","6 Jun 2024, 20:21","6 Jun 2024, 21:00","","Deadlift (Barbell)",,"",0,"normal",50,8,,,
"Functional","6 Jun 2024, 20:21","6 Jun 2024, 21:00","","Deadlift (Barbell)",,"",1,"normal",70,8,,,
"Functional","6 Jun 2024, 20:21","6 Jun 2024, 21:00","","Deadlift (Barbell)",,"",2,"normal",80,8,,,
"Functional","6 Jun 2024, 20:21","6 Jun 2024, 21:00","","Shoulder Press (Dumbbell)",,"",0,"normal",20,8,,,
"Functional","6 Jun 2024, 20:21","6 Jun 2024, 21:00","","Shoulder Press (Dumbbell)",,"",1,"normal",32,8,,,
"Functional","6 Jun 2024, 20:21","6 Jun 2024, 21:00","","Shoulder Press (Dumbbell)",,"",2,"normal",32,8,,,
"Functional","6 Jun 2024, 20:21","6 Jun 2024, 21:00","","Shoulder Press (Dumbbell)",,"",3,"normal",32,6,,,
"Functional","6 Jun 2024, 20:21","6 Jun 2024, 21:00","","Pull Up (Assisted)",,"",0,"normal",14,8,,,
"Functional","6 Jun 2024, 20:21","6 Jun 2024, 21:00","","Pull Up (Assisted)",,"",1,"normal",14,6,,,
"Functional","6 Jun 2024, 20:21","6 Jun 2024, 21:00","","Pull Up (Assisted)",,"",2,"normal",7,4,,,
"Functional","6 Jun 2024, 20:21","6 Jun 2024, 21:00","","Chest Press (Machine)",,"",0,"normal",40,8,,,
"Functional","6 Jun 2024, 20:21","6 Jun 2024, 21:00","","Chest Press (Machine)",,"",1,"normal",80,8,,,
"Functional","6 Jun 2024, 20:21","6 Jun 2024, 21:00","","Chest Press (Machine)",,"",2,"normal",70,6,,,
"Functional","6 Jun 2024, 20:21","6 Jun 2024, 21:00","","Chest Press (Machine)",,"",3,"normal",60,8,,,
"Functional","6 Jun 2024, 20:21","6 Jun 2024, 21:00","","Concentration Curl",,"",0,"normal",9,8,,,
"Functional","6 Jun 2024, 20:21","6 Jun 2024, 21:00","","Concentration Curl",,"",1,"normal",16,6,,,
"Functional","6 Jun 2024, 20:21","6 Jun 2024, 21:00","","Seated Row (Machine)",,"",0,"normal",40,8,,,
"Functional","6 Jun 2024, 20:21","6 Jun 2024, 21:00","","Seated Row (Machine)",,"",1,"normal",60,8,,,
"Functional","6 Jun 2024, 20:21","6 Jun 2024, 21:00","","Seated Row (Machine)",,"",2,"normal",70,8,,,
"Functional","6 Jun 2024, 20:21","6 Jun 2024, 21:00","","Seated Row (Machine)",,"",3,"normal",70,8,,,
"Functional","6 Jun 2024, 20:21","6 Jun 2024, 21:00","","Squat (Dumbbell)",,"",0,"normal",32,8,,,
"Functional","6 Jun 2024, 20:21","6 Jun 2024, 21:00","","Squat (Dumbbell)",,"",1,"normal",32,8,,,
"Functional","28 May 2024, 19:51","28 May 2024, 20:18","","Pull Up (Assisted)",,"",0,"normal",14,8,,,
"Functional","28 May 2024, 19:51","28 May 2024, 20:18","","Pull Up (Assisted)",,"",1,"normal",7,5,,,
"Functional","28 May 2024, 19:51","28 May 2024, 20:18","","Pull Up (Assisted)",,"",2,"normal",7,4,,,
"Functional","28 May 2024, 19:51","28 May 2024, 20:18","","Chest Press (Machine)",,"",0,"normal",40,8,,,
"Functional","28 May 2024, 19:51","28 May 2024, 20:18","","Chest Press (Machine)",,"",1,"normal",80,8,,,
"Functional","28 May 2024, 19:51","28 May 2024, 20:18","","Chest Press (Machine)",,"",2,"normal",80,8,,,
"Functional","28 May 2024, 19:51","28 May 2024, 20:18","","Chest Press (Machine)",,"",3,"normal",80,4,,,
"Functional","28 May 2024, 19:51","28 May 2024, 20:18","","Shoulder Press (Dumbbell)",,"",0,"normal",20,8,,,
"Functional","28 May 2024, 19:51","28 May 2024, 20:18","","Shoulder Press (Dumbbell)",,"",1,"normal",24,8,,,
"Functional","28 May 2024, 19:51","28 May 2024, 20:18","","Shoulder Press (Dumbbell)",,"",2,"normal",28,8,,,
"Functional","28 May 2024, 19:51","28 May 2024, 20:18","","Shoulder Press (Dumbbell)",,"",3,"normal",36,2,,,
"Functional","28 May 2024, 19:51","28 May 2024, 20:18","","Concentration Curl",,"",0,"normal",10,6,,,
"Functional","28 May 2024, 19:51","28 May 2024, 20:18","","Seated Row (Machine)",,"",0,"normal",40,8,,,
"Functional","28 May 2024, 19:51","28 May 2024, 20:18","","Seated Row (Machine)",,"",1,"normal",80,8,,,
"Functional","28 May 2024, 19:51","28 May 2024, 20:18","","Seated Row (Machine)",,"",2,"normal",80,8,,,
"Functional","28 May 2024, 19:51","28 May 2024, 20:18","","Seated Row (Machine)",,"",3,"normal",80,8,,,
"Functional","21 May 2024, 19:39","21 May 2024, 20:07","","Pull Up (Assisted)",,"",0,"normal",14,8,,,
"Functional","21 May 2024, 19:39","21 May 2024, 20:07","","Pull Up (Assisted)",,"",1,"normal",7,5,,,
"Functional","21 May 2024, 19:39","21 May 2024, 20:07","","Pull Up (Assisted)",,"",2,"normal",7,4,,,
"Functional","21 May 2024, 19:39","21 May 2024, 20:07","","Chest Press (Machine)",,"",0,"normal",40,8,,,
"Functional","21 May 2024, 19:39","21 May 2024, 20:07","","Chest Press (Machine)",,"",1,"normal",80,8,,,
"Functional","21 May 2024, 19:39","21 May 2024, 20:07","","Chest Press (Machine)",,"",2,"normal",80,6,,,
"Functional","21 May 2024, 19:39","21 May 2024, 20:07","","Chest Press (Machine)",,"",3,"normal",80,6,,,
"Functional","21 May 2024, 19:39","21 May 2024, 20:07","","Shoulder Press (Dumbbell)",,"",0,"normal",18,8,,,
"Functional","21 May 2024, 19:39","21 May 2024, 20:07","","Shoulder Press (Dumbbell)",,"",1,"normal",36,6,,,
"Functional","21 May 2024, 19:39","21 May 2024, 20:07","","Shoulder Press (Dumbbell)",,"",2,"normal",36,5,,,
"Functional","21 May 2024, 19:39","21 May 2024, 20:07","","Shoulder Press (Dumbbell)",,"",3,"normal",36,3,,,
"Functional","21 May 2024, 19:39","21 May 2024, 20:07","","Seated Row (Machine)",,"",0,"normal",40,8,,,
"Functional","21 May 2024, 19:39","21 May 2024, 20:07","","Seated Row (Machine)",,"",1,"normal",80,8,,,
"Functional","21 May 2024, 19:39","21 May 2024, 20:07","","Seated Row (Machine)",,"",2,"normal",80,8,,,
"Functional","21 May 2024, 19:39","21 May 2024, 20:07","","Seated Row (Machine)",,"",3,"normal",80,8,,,
"Functional","19 May 2024, 10:09","19 May 2024, 10:40","","Shoulder Press (Dumbbell)",,"",0,"normal",24,8,,,
"Functional","19 May 2024, 10:09","19 May 2024, 10:40","","Shoulder Press (Dumbbell)",,"",1,"normal",32,8,,,
"Functional","19 May 2024, 10:09","19 May 2024, 10:40","","Shoulder Press (Dumbbell)",,"",2,"normal",32,6,,,
"Functional","19 May 2024, 10:09","19 May 2024, 10:40","","Shoulder Press (Dumbbell)",,"",3,"normal",32,8,,,
"Functional","19 May 2024, 10:09","19 May 2024, 10:40","","Pull Up (Assisted)",,"",0,"normal",21,8,,,
"Functional","19 May 2024, 10:09","19 May 2024, 10:40","","Pull Up (Assisted)",,"",1,"normal",14,8,,,
"Functional","19 May 2024, 10:09","19 May 2024, 10:40","","Pull Up (Assisted)",,"",2,"normal",7,5,,,
"Functional","19 May 2024, 10:09","19 May 2024, 10:40","","Chest Press (Machine)",,"",0,"normal",40,8,,,
"Functional","19 May 2024, 10:09","19 May 2024, 10:40","","Chest Press (Machine)",,"",1,"normal",80,8,,,
"Functional","19 May 2024, 10:09","19 May 2024, 10:40","","Chest Press (Machine)",,"",2,"normal",80,6,,,
"Functional","19 May 2024, 10:09","19 May 2024, 10:40","","Chest Press (Machine)",,"",3,"normal",70,6,,,
"Functional","19 May 2024, 10:09","19 May 2024, 10:40","","Seated Row (Machine)",,"",0,"normal",40,8,,,
"Functional","19 May 2024, 10:09","19 May 2024, 10:40","","Seated Row (Machine)",,"",1,"normal",80,8,,,
"Functional","19 May 2024, 10:09","19 May 2024, 10:40","","Seated Row (Machine)",,"",2,"normal",80,8,,,
"Functional","19 May 2024, 10:09","19 May 2024, 10:40","","Seated Row (Machine)",,"",3,"normal",80,8,,,
"Functional","19 May 2024, 10:09","19 May 2024, 10:40","","Concentration Curl",,"",0,"normal",10,4,,,
"Functional","19 May 2024, 10:09","19 May 2024, 10:40","","Concentration Curl",,"",1,"normal",16,6,,,
"Abs","12 May 2024, 10:53","12 May 2024, 10:59","","Crunch",,"",0,"normal",,45,,,
"Abs","12 May 2024, 10:53","12 May 2024, 10:59","","Flutter Kicks",,"",0,"normal",,45,,,
"Abs","12 May 2024, 10:53","12 May 2024, 10:59","","Russian Twist (Bodyweight)",,"",0,"normal",,45,,,
"Functional","12 May 2024, 10:13","12 May 2024, 10:53","","Pull Up (Assisted)",,"",0,"normal",21,6,,,
"Functional","12 May 2024, 10:13","12 May 2024, 10:53","","Pull Up (Assisted)",,"",1,"normal",14,8,,,
"Functional","12 May 2024, 10:13","12 May 2024, 10:53","","Pull Up (Assisted)",,"",2,"normal",7,5,,,
"Functional","12 May 2024, 10:13","12 May 2024, 10:53","","Shoulder Press (Dumbbell)",,"",0,"normal",20,8,,,
"Functional","12 May 2024, 10:13","12 May 2024, 10:53","","Shoulder Press (Dumbbell)",,"",1,"normal",36,8,,,
"Functional","12 May 2024, 10:13","12 May 2024, 10:53","","Shoulder Press (Dumbbell)",,"",2,"normal",36,8,,,
"Functional","12 May 2024, 10:13","12 May 2024, 10:53","","Shoulder Press (Dumbbell)",,"",3,"normal",36,6,,,
"Functional","12 May 2024, 10:13","12 May 2024, 10:53","","Concentration Curl",,"",0,"normal",10,8,,,
"Functional","12 May 2024, 10:13","12 May 2024, 10:53","","Concentration Curl",,"",1,"normal",18,6,,,
"Functional","12 May 2024, 10:13","12 May 2024, 10:53","","Concentration Curl",,"",2,"normal",16,8,,,
"Functional","12 May 2024, 10:13","12 May 2024, 10:53","","Concentration Curl",,"",3,"normal",16,5,,,
"Functional","12 May 2024, 10:13","12 May 2024, 10:53","","Seated Row (Machine)",,"",0,"normal",40,8,,,
"Functional","12 May 2024, 10:13","12 May 2024, 10:53","","Seated Row (Machine)",,"",1,"normal",80,8,,,
"Functional","12 May 2024, 10:13","12 May 2024, 10:53","","Seated Row (Machine)",,"",2,"normal",80,8,,,
"Functional","12 May 2024, 10:13","12 May 2024, 10:53","","Seated Row (Machine)",,"",3,"normal",70,8,,,
"Functional","12 May 2024, 10:13","12 May 2024, 10:53","","Chest Press (Machine)",,"",0,"normal",40,8,,,
"Functional","12 May 2024, 10:13","12 May 2024, 10:53","","Chest Press (Machine)",,"",1,"normal",80,8,,,
"Functional","12 May 2024, 10:13","12 May 2024, 10:53","","Chest Press (Machine)",,"",2,"normal",80,8,,,
"Functional","12 May 2024, 10:13","12 May 2024, 10:53","","Chest Press (Machine)",,"",3,"normal",80,4,,,
"Functional","7 May 2024, 19:11","7 May 2024, 20:00","","Concentration Curl",,"",0,"normal",12,8,,,
"Functional","7 May 2024, 19:11","7 May 2024, 20:00","","Concentration Curl",,"",1,"normal",18,8,,,
"Functional","7 May 2024, 19:11","7 May 2024, 20:00","","Concentration Curl",,"",2,"normal",18,6,,,
"Functional","7 May 2024, 19:11","7 May 2024, 20:00","","Concentration Curl",,"",3,"normal",18,5,,,
"Functional","7 May 2024, 19:11","7 May 2024, 20:00","","Seated Row (Machine)",,"",0,"normal",40,8,,,
"Functional","7 May 2024, 19:11","7 May 2024, 20:00","","Seated Row (Machine)",,"",1,"normal",80,8,,,
"Functional","7 May 2024, 19:11","7 May 2024, 20:00","","Seated Row (Machine)",,"",2,"normal",80,8,,,
"Functional","7 May 2024, 19:11","7 May 2024, 20:00","","Seated Row (Machine)",,"",3,"normal",80,8,,,
"Functional","7 May 2024, 19:11","7 May 2024, 20:00","","Deadlift (Barbell)",,"",0,"normal",60,8,,,
"Functional","7 May 2024, 19:11","7 May 2024, 20:00","","Deadlift (Barbell)",,"",1,"normal",80,8,,,
"Functional","7 May 2024, 19:11","7 May 2024, 20:00","","Deadlift (Barbell)",,"",2,"normal",80,8,,,
"Functional","7 May 2024, 19:11","7 May 2024, 20:00","","Shoulder Press (Dumbbell)",,"",0,"normal",24,8,,,
"Functional","7 May 2024, 19:11","7 May 2024, 20:00","","Shoulder Press (Dumbbell)",,"",1,"normal",36,6,,,
"Functional","7 May 2024, 19:11","7 May 2024, 20:00","","Shoulder Press (Dumbbell)",,"",2,"normal",36,6,,,
"Functional","7 May 2024, 19:11","7 May 2024, 20:00","","Shoulder Press (Dumbbell)",,"",3,"normal",32,6,,,
"Functional","7 May 2024, 19:11","7 May 2024, 20:00","","Chest Press (Machine)",,"",0,"normal",40,8,,,
"Functional","7 May 2024, 19:11","7 May 2024, 20:00","","Chest Press (Machine)",,"",1,"normal",80,8,,,
"Functional","7 May 2024, 19:11","7 May 2024, 20:00","","Chest Press (Machine)",,"",2,"normal",80,6,,,
"Functional","7 May 2024, 19:11","7 May 2024, 20:00","","Chest Press (Machine)",,"",3,"normal",75,8,,,
"Functional","7 May 2024, 19:11","7 May 2024, 20:00","","Pull Up (Assisted)",,"",0,"normal",21,8,,,
"Functional","7 May 2024, 19:11","7 May 2024, 20:00","","Pull Up (Assisted)",,"",1,"normal",14,6,,,
"Functional","7 May 2024, 19:11","7 May 2024, 20:00","","Pull Up (Assisted)",,"",2,"normal",14,5,,,
"Functional","7 May 2024, 19:11","7 May 2024, 20:00","","Squat (Dumbbell)",,"",0,"normal",36,8,,,
"Functional","7 May 2024, 19:11","7 May 2024, 20:00","","Squat (Dumbbell)",,"",1,"normal",36,8,,,
"Functional","1 May 2024, 19:08","1 May 2024, 19:39","","Concentration Curl",,"",0,"normal",10,8,,,
"Functional","1 May 2024, 19:08","1 May 2024, 19:39","","Concentration Curl",,"",1,"normal",18,6,,,
"Functional","1 May 2024, 19:08","1 May 2024, 19:39","","Concentration Curl",,"",2,"normal",18,5,,,
"Functional","1 May 2024, 19:08","1 May 2024, 19:39","","Concentration Curl",,"",3,"normal",18,4,,,
"Functional","1 May 2024, 19:08","1 May 2024, 19:39","","Chest Press (Machine)",,"",0,"normal",40,8,,,
"Functional","1 May 2024, 19:08","1 May 2024, 19:39","","Chest Press (Machine)",,"",1,"normal",80,8,,,
"Functional","1 May 2024, 19:08","1 May 2024, 19:39","","Chest Press (Machine)",,"",2,"normal",80,8,,,
"Functional","1 May 2024, 19:08","1 May 2024, 19:39","","Chest Press (Machine)",,"",3,"normal",85,5,,,
"Functional","1 May 2024, 19:08","1 May 2024, 19:39","","Pull Up (Assisted)",,"",0,"normal",14,8,,,
"Functional","1 May 2024, 19:08","1 May 2024, 19:39","","Pull Up (Assisted)",,"",1,"normal",14,6,,,
"Functional","1 May 2024, 19:08","1 May 2024, 19:39","","Pull Up (Assisted)",,"",2,"normal",14,5,,,
"Functional","1 May 2024, 19:08","1 May 2024, 19:39","","Shoulder Press (Dumbbell)",,"",0,"normal",16,8,,,
"Functional","1 May 2024, 19:08","1 May 2024, 19:39","","Shoulder Press (Dumbbell)",,"",1,"normal",32,8,,,
"Functional","1 May 2024, 19:08","1 May 2024, 19:39","","Shoulder Press (Dumbbell)",,"",2,"normal",32,8,,,
"Functional","1 May 2024, 19:08","1 May 2024, 19:39","","Shoulder Press (Dumbbell)",,"",3,"normal",32,5,,,
"Functional","27 Apr 2024, 12:53","27 Apr 2024, 13:33","","Deadlift (Barbell)",,"",0,"normal",60,8,,,
"Functional","27 Apr 2024, 12:53","27 Apr 2024, 13:33","","Deadlift (Barbell)",,"",1,"normal",80,8,,,
"Functional","27 Apr 2024, 12:53","27 Apr 2024, 13:33","","Deadlift (Barbell)",,"",2,"normal",80,8,,,
"Functional","27 Apr 2024, 12:53","27 Apr 2024, 13:33","","Deadlift (Barbell)",,"",3,"normal",90,6,,,
"Functional","27 Apr 2024, 12:53","27 Apr 2024, 13:33","","Concentration Curl",,"",0,"normal",10,8,,,
"Functional","27 Apr 2024, 12:53","27 Apr 2024, 13:33","","Concentration Curl",,"",1,"normal",16,8,,,
"Functional","27 Apr 2024, 12:53","27 Apr 2024, 13:33","","Concentration Curl",,"",2,"normal",20,2,,,
"Functional","27 Apr 2024, 12:53","27 Apr 2024, 13:33","","Concentration Curl",,"",3,"normal",18,5,,,
"Functional","27 Apr 2024, 12:53","27 Apr 2024, 13:33","","Shoulder Press (Dumbbell)",,"",0,"normal",20,8,,,
"Functional","27 Apr 2024, 12:53","27 Apr 2024, 13:33","","Shoulder Press (Dumbbell)",,"",1,"normal",32,8,,,
"Functional","27 Apr 2024, 12:53","27 Apr 2024, 13:33","","Shoulder Press (Dumbbell)",,"",2,"normal",32,7,,,
"Functional","27 Apr 2024, 12:53","27 Apr 2024, 13:33","","Shoulder Press (Dumbbell)",,"",3,"normal",32,6,,,
"Functional","27 Apr 2024, 12:53","27 Apr 2024, 13:33","","Squat (Dumbbell)",,"",0,"normal",28,8,,,
"Functional","27 Apr 2024, 12:53","27 Apr 2024, 13:33","","Squat (Dumbbell)",,"",1,"normal",40,5,,,
"Functional","27 Apr 2024, 12:53","27 Apr 2024, 13:33","","Pull Up (Assisted)",,"",0,"normal",21,8,,,
"Functional","27 Apr 2024, 12:53","27 Apr 2024, 13:33","","Pull Up (Assisted)",,"",1,"normal",14,5,,,
"Functional","27 Apr 2024, 12:53","27 Apr 2024, 13:33","","Pull Up (Assisted)",,"",2,"normal",14,4,,,
"Functional","27 Apr 2024, 12:53","27 Apr 2024, 13:33","","Chest Press (Machine)",,"",0,"normal",40,8,,,
"Functional","27 Apr 2024, 12:53","27 Apr 2024, 13:33","","Chest Press (Machine)",,"",1,"normal",80,8,,,
"Functional","27 Apr 2024, 12:53","27 Apr 2024, 13:33","","Chest Press (Machine)",,"",2,"normal",80,8,,,
"Functional","27 Apr 2024, 12:53","27 Apr 2024, 13:33","","Chest Press (Machine)",,"",3,"normal",80,4,,,
"Functional","23 Apr 2024, 19:24","23 Apr 2024, 20:11","","Concentration Curl",,"",0,"normal",8,8,,,
"Functional","23 Apr 2024, 19:24","23 Apr 2024, 20:11","","Concentration Curl",,"",1,"normal",18,8,,,
"Functional","23 Apr 2024, 19:24","23 Apr 2024, 20:11","","Concentration Curl",,"",2,"normal",18,6,,,
"Functional","23 Apr 2024, 19:24","23 Apr 2024, 20:11","","Concentration Curl",,"",3,"normal",18,5,,,
"Functional","23 Apr 2024, 19:24","23 Apr 2024, 20:11","","Shoulder Press (Dumbbell)",,"",0,"normal",16,8,,,
"Functional","23 Apr 2024, 19:24","23 Apr 2024, 20:11","","Shoulder Press (Dumbbell)",,"",1,"normal",28,8,,,
"Functional","23 Apr 2024, 19:24","23 Apr 2024, 20:11","","Shoulder Press (Dumbbell)",,"",2,"normal",28,8,,,
"Functional","23 Apr 2024, 19:24","23 Apr 2024, 20:11","","Shoulder Press (Dumbbell)",,"",3,"normal",32,6,,,
"Functional","23 Apr 2024, 19:24","23 Apr 2024, 20:11","","Pull Up (Assisted)",,"",0,"normal",21,8,,,
"Functional","23 Apr 2024, 19:24","23 Apr 2024, 20:11","","Pull Up (Assisted)",,"",1,"normal",14,6,,,
"Functional","23 Apr 2024, 19:24","23 Apr 2024, 20:11","","Pull Up (Assisted)",,"",2,"normal",14,5,,,
"Functional","23 Apr 2024, 19:24","23 Apr 2024, 20:11","","Chest Press (Machine)",,"",0,"normal",40,8,,,
"Functional","23 Apr 2024, 19:24","23 Apr 2024, 20:11","","Chest Press (Machine)",,"",1,"normal",80,8,,,
"Functional","23 Apr 2024, 19:24","23 Apr 2024, 20:11","","Chest Press (Machine)",,"",2,"normal",80,8,,,
"Functional","23 Apr 2024, 19:24","23 Apr 2024, 20:11","","Chest Press (Machine)",,"",3,"normal",80,5,,,
"Functional","23 Apr 2024, 19:24","23 Apr 2024, 20:11","","Seated Row (Machine)",,"",0,"normal",40,8,,,
"Functional","23 Apr 2024, 19:24","23 Apr 2024, 20:11","","Seated Row (Machine)",,"",1,"normal",80,8,,,
"Functional","23 Apr 2024, 19:24","23 Apr 2024, 20:11","","Seated Row (Machine)",,"",2,"normal",80,8,,,
"Functional","23 Apr 2024, 19:24","23 Apr 2024, 20:11","","Seated Row (Machine)",,"",3,"normal",80,8,,,
"Functional","23 Apr 2024, 19:24","23 Apr 2024, 20:11","","Deadlift (Barbell)",,"",0,"normal",60,8,,,
"Functional","23 Apr 2024, 19:24","23 Apr 2024, 20:11","","Deadlift (Barbell)",,"",1,"normal",70,8,,,
"Functional","23 Apr 2024, 19:24","23 Apr 2024, 20:11","","Deadlift (Barbell)",,"",2,"normal",70,8,,,
"Abs","20 Apr 2024, 13:08","20 Apr 2024, 13:14","","Crunch",,"",0,"normal",,45,,,
"Abs","20 Apr 2024, 13:08","20 Apr 2024, 13:14","","Flutter Kicks",,"",0,"normal",,45,,,
"Abs","20 Apr 2024, 13:08","20 Apr 2024, 13:14","","Russian Twist (Bodyweight)",,"",0,"normal",,45,,,
"Functional","20 Apr 2024, 12:33","20 Apr 2024, 13:07","","Concentration Curl",,"",0,"normal",10,8,,,
"Functional","20 Apr 2024, 12:33","20 Apr 2024, 13:07","","Concentration Curl",,"",1,"normal",18,6,,,
"Functional","20 Apr 2024, 12:33","20 Apr 2024, 13:07","","Concentration Curl",,"",2,"normal",18,5,,,
"Functional","20 Apr 2024, 12:33","20 Apr 2024, 13:07","","Concentration Curl",,"",3,"normal",18,6,,,
"Functional","20 Apr 2024, 12:33","20 Apr 2024, 13:07","","Shoulder Press (Dumbbell)",,"",0,"normal",16,8,,,
"Functional","20 Apr 2024, 12:33","20 Apr 2024, 13:07","","Shoulder Press (Dumbbell)",,"",1,"normal",28,8,,,
"Functional","20 Apr 2024, 12:33","20 Apr 2024, 13:07","","Shoulder Press (Dumbbell)",,"",2,"normal",28,8,,,
"Functional","20 Apr 2024, 12:33","20 Apr 2024, 13:07","","Shoulder Press (Dumbbell)",,"",3,"normal",28,6,,,
"Functional","20 Apr 2024, 12:33","20 Apr 2024, 13:07","","Chest Press (Machine)",,"",0,"normal",40,8,,,
"Functional","20 Apr 2024, 12:33","20 Apr 2024, 13:07","","Chest Press (Machine)",,"",1,"normal",80,8,,,
"Functional","20 Apr 2024, 12:33","20 Apr 2024, 13:07","","Chest Press (Machine)",,"",2,"normal",80,7,,,
"Functional","20 Apr 2024, 12:33","20 Apr 2024, 13:07","","Chest Press (Machine)",,"",3,"normal",70,6,,,
"Functional","20 Apr 2024, 12:33","20 Apr 2024, 13:07","","Seated Row (Machine)",,"",0,"normal",40,8,,,
"Functional","20 Apr 2024, 12:33","20 Apr 2024, 13:07","","Seated Row (Machine)",,"",1,"normal",80,8,,,
"Functional","20 Apr 2024, 12:33","20 Apr 2024, 13:07","","Seated Row (Machine)",,"",2,"normal",80,8,,,
"Functional","20 Apr 2024, 12:33","20 Apr 2024, 13:07","","Seated Row (Machine)",,"",3,"normal",80,8,,,
"Functional","20 Apr 2024, 12:33","20 Apr 2024, 13:07","","Pull Up (Assisted)",,"",0,"normal",21,6,,,
"Functional","20 Apr 2024, 12:33","20 Apr 2024, 13:07","","Pull Up (Assisted)",,"",1,"normal",21,6,,,
"Functional","20 Apr 2024, 12:33","20 Apr 2024, 13:07","","Pull Up (Assisted)",,"",2,"normal",14,4,,,
"Functional","17 Apr 2024, 18:57","17 Apr 2024, 19:26","","Seated Row (Machine)",,"",0,"normal",40,8,,,
"Functional","17 Apr 2024, 18:57","17 Apr 2024, 19:26","","Seated Row (Machine)",,"",1,"normal",80,8,,,
"Functional","17 Apr 2024, 18:57","17 Apr 2024, 19:26","","Seated Row (Machine)",,"",2,"normal",80,8,,,
"Functional","17 Apr 2024, 18:57","17 Apr 2024, 19:26","","Seated Row (Machine)",,"",3,"normal",80,6,,,
"Functional","17 Apr 2024, 18:57","17 Apr 2024, 19:26","","Chest Press (Machine)",,"",0,"normal",40,8,,,
"Functional","17 Apr 2024, 18:57","17 Apr 2024, 19:26","","Chest Press (Machine)",,"",1,"normal",60,8,,,
"Functional","17 Apr 2024, 18:57","17 Apr 2024, 19:26","","Chest Press (Machine)",,"",2,"normal",80,8,,,
"Functional","17 Apr 2024, 18:57","17 Apr 2024, 19:26","","Chest Press (Machine)",,"",3,"normal",80,6,,,
"Functional","17 Apr 2024, 18:57","17 Apr 2024, 19:26","","Concentration Curl",,"",0,"normal",10,8,,,
"Functional","17 Apr 2024, 18:57","17 Apr 2024, 19:26","","Concentration Curl",,"",1,"normal",16,8,,,
"Functional","17 Apr 2024, 18:57","17 Apr 2024, 19:26","","Concentration Curl",,"",2,"normal",16,5,,,
"Functional","17 Apr 2024, 18:57","17 Apr 2024, 19:26","","Concentration Curl",,"",3,"normal",16,5,,,
"Functional","17 Apr 2024, 18:57","17 Apr 2024, 19:26","","Shoulder Press (Dumbbell)",,"",0,"normal",20,8,,,
"Functional","17 Apr 2024, 18:57","17 Apr 2024, 19:26","","Shoulder Press (Dumbbell)",,"",1,"normal",24,8,,,
"Functional","17 Apr 2024, 18:57","17 Apr 2024, 19:26","","Shoulder Press (Dumbbell)",,"",2,"normal",24,8,,,
"Functional","17 Apr 2024, 18:57","17 Apr 2024, 19:26","","Shoulder Press (Dumbbell)",,"",3,"normal",24,6,,,
"Functional","17 Apr 2024, 18:57","17 Apr 2024, 19:26","","Pull Up (Assisted)",,"",0,"normal",21,6,,,
"Functional","17 Apr 2024, 18:57","17 Apr 2024, 19:26","","Pull Up (Assisted)",,"",1,"normal",14,5,,,
"Functional","17 Apr 2024, 18:57","17 Apr 2024, 19:26","","Pull Up (Assisted)",,"",2,"normal",14,5,,,
"Abs","7 Apr 2024, 11:28","7 Apr 2024, 11:33","","Crunch",,"",0,"normal",,45,,,
"Abs","7 Apr 2024, 11:28","7 Apr 2024, 11:33","","Flutter Kicks",,"",0,"normal",,45,,,
"Abs","7 Apr 2024, 11:28","7 Apr 2024, 11:33","","Russian Twist (Bodyweight)",,"",0,"normal",,45,,,
"Functional","6 Apr 2024, 11:15","6 Apr 2024, 12:08","","Shoulder Press (Dumbbell)",,"",0,"normal",14,8,,,
"Functional","6 Apr 2024, 11:15","6 Apr 2024, 12:08","","Shoulder Press (Dumbbell)",,"",1,"normal",28,8,,,
"Functional","6 Apr 2024, 11:15","6 Apr 2024, 12:08","","Shoulder Press (Dumbbell)",,"",2,"normal",28,8,,,
"Functional","6 Apr 2024, 11:15","6 Apr 2024, 12:08","","Shoulder Press (Dumbbell)",,"",3,"normal",28,6,,,
"Functional","6 Apr 2024, 11:15","6 Apr 2024, 12:08","","Concentration Curl",,"",0,"normal",12,8,,,
"Functional","6 Apr 2024, 11:15","6 Apr 2024, 12:08","","Concentration Curl",,"",1,"normal",18,8,,,
"Functional","6 Apr 2024, 11:15","6 Apr 2024, 12:08","","Concentration Curl",,"",2,"normal",18,5,,,
"Functional","6 Apr 2024, 11:15","6 Apr 2024, 12:08","","Concentration Curl",,"",3,"normal",18,5,,,
"Functional","6 Apr 2024, 11:15","6 Apr 2024, 12:08","","Squat (Dumbbell)",,"",0,"normal",20,6,,,
"Functional","6 Apr 2024, 11:15","6 Apr 2024, 12:08","","Squat (Dumbbell)",,"",1,"normal",36,8,,,
"Functional","6 Apr 2024, 11:15","6 Apr 2024, 12:08","","Squat (Dumbbell)",,"",2,"normal",44,8,,,
"Functional","6 Apr 2024, 11:15","6 Apr 2024, 12:08","","Squat (Dumbbell)",,"",3,"normal",44,6,,,
"Functional","6 Apr 2024, 11:15","6 Apr 2024, 12:08","","Chest Press (Machine)",,"",0,"normal",40,8,,,
"Functional","6 Apr 2024, 11:15","6 Apr 2024, 12:08","","Chest Press (Machine)",,"",1,"normal",80,8,,,
"Functional","6 Apr 2024, 11:15","6 Apr 2024, 12:08","","Chest Press (Machine)",,"",2,"normal",80,8,,,
"Functional","6 Apr 2024, 11:15","6 Apr 2024, 12:08","","Chest Press (Machine)",,"",3,"normal",85,4,,,
"Functional","6 Apr 2024, 11:15","6 Apr 2024, 12:08","","Deadlift (Barbell)",,"",0,"normal",50,8,,,
"Functional","6 Apr 2024, 11:15","6 Apr 2024, 12:08","","Deadlift (Barbell)",,"",1,"normal",70,8,,,
"Functional","6 Apr 2024, 11:15","6 Apr 2024, 12:08","","Deadlift (Barbell)",,"",2,"normal",90,6,,,
"Functional","6 Apr 2024, 11:15","6 Apr 2024, 12:08","","Pull Up (Assisted)",,"",0,"normal",21,6,,,
"Functional","6 Apr 2024, 11:15","6 Apr 2024, 12:08","","Pull Up (Assisted)",,"",1,"normal",14,5,,,
"Functional","6 Apr 2024, 11:15","6 Apr 2024, 12:08","","Pull Up (Assisted)",,"",2,"normal",14,5,,,
"Functional","6 Apr 2024, 11:15","6 Apr 2024, 12:08","","Seated Row (Machine)",,"",0,"normal",40,8,,,
"Functional","6 Apr 2024, 11:15","6 Apr 2024, 12:08","","Seated Row (Machine)",,"",1,"normal",60,8,,,
"Functional","6 Apr 2024, 11:15","6 Apr 2024, 12:08","","Seated Row (Machine)",,"",2,"normal",70,8,,,
"Functional","6 Apr 2024, 11:15","6 Apr 2024, 12:08","","Seated Row (Machine)",,"",3,"normal",80,6,,,
"Abs","1 Apr 2024, 12:15","1 Apr 2024, 12:19","","Crunch",,"",0,"normal",,45,,,
"Abs","1 Apr 2024, 12:15","1 Apr 2024, 12:19","","Flutter Kicks",,"",0,"normal",,45,,,
"Abs","1 Apr 2024, 12:15","1 Apr 2024, 12:19","","Russian Twist (Bodyweight)",,"",0,"normal",,45,,,
"Functional","1 Apr 2024, 11:19","1 Apr 2024, 12:11","","Seated Row (Machine)",,"",0,"normal",40,8,,,
"Functional","1 Apr 2024, 11:19","1 Apr 2024, 12:11","","Seated Row (Machine)",,"",1,"normal",80,8,,,
"Functional","1 Apr 2024, 11:19","1 Apr 2024, 12:11","","Seated Row (Machine)",,"",2,"normal",80,8,,,
"Functional","1 Apr 2024, 11:19","1 Apr 2024, 12:11","","Seated Row (Machine)",,"",3,"normal",80,8,,,
"Functional","1 Apr 2024, 11:19","1 Apr 2024, 12:11","","Pull Up (Assisted)",,"",0,"normal",21,6,,,
"Functional","1 Apr 2024, 11:19","1 Apr 2024, 12:11","","Pull Up (Assisted)",,"",1,"normal",14,5,,,
"Functional","1 Apr 2024, 11:19","1 Apr 2024, 12:11","","Pull Up (Assisted)",,"",2,"normal",14,5,,,
"Functional","1 Apr 2024, 11:19","1 Apr 2024, 12:11","","Concentration Curl",,"",0,"normal",12,6,,,
"Functional","1 Apr 2024, 11:19","1 Apr 2024, 12:11","","Concentration Curl",,"",1,"normal",16,8,,,
"Functional","1 Apr 2024, 11:19","1 Apr 2024, 12:11","","Concentration Curl",,"",2,"normal",16,6,,,
"Functional","1 Apr 2024, 11:19","1 Apr 2024, 12:11","","Concentration Curl",,"",3,"normal",16,5,,,
"Functional","1 Apr 2024, 11:19","1 Apr 2024, 12:11","","Shoulder Press (Dumbbell)",,"",0,"normal",20,8,,,
"Functional","1 Apr 2024, 11:19","1 Apr 2024, 12:11","","Shoulder Press (Dumbbell)",,"",1,"normal",20,8,,,
"Functional","1 Apr 2024, 11:19","1 Apr 2024, 12:11","","Shoulder Press (Dumbbell)",,"",2,"normal",24,6,,,
"Functional","1 Apr 2024, 11:19","1 Apr 2024, 12:11","","Shoulder Press (Dumbbell)",,"",3,"normal",24,8,,,
"Functional","1 Apr 2024, 11:19","1 Apr 2024, 12:11","","Chest Press (Machine)",,"",0,"normal",40,8,,,
"Functional","1 Apr 2024, 11:19","1 Apr 2024, 12:11","","Chest Press (Machine)",,"",1,"normal",80,8,,,
"Functional","1 Apr 2024, 11:19","1 Apr 2024, 12:11","","Chest Press (Machine)",,"",2,"normal",80,7,,,
"Functional","1 Apr 2024, 11:19","1 Apr 2024, 12:11","","Chest Press (Machine)",,"",3,"normal",80,6,,,
"Functional","1 Apr 2024, 11:19","1 Apr 2024, 12:11","","Deadlift (Barbell)",,"",0,"normal",40,8,,,
"Functional","1 Apr 2024, 11:19","1 Apr 2024, 12:11","","Deadlift (Barbell)",,"",1,"normal",60,8,,,
"Functional","1 Apr 2024, 11:19","1 Apr 2024, 12:11","","Deadlift (Barbell)",,"",2,"normal",70,8,,,
"Functional","1 Apr 2024, 11:19","1 Apr 2024, 12:11","","Deadlift (Barbell)",,"",3,"normal",80,8,,,
"Abs","26 Mar 2024, 17:00","26 Mar 2024, 17:05","","Crunch",,"",0,"normal",,45,,,
"Abs","26 Mar 2024, 17:00","26 Mar 2024, 17:05","","Flutter Kicks",,"",0,"normal",,45,,,
"Abs","26 Mar 2024, 17:00","26 Mar 2024, 17:05","","Russian Twist (Bodyweight)",,"",0,"normal",,45,,,
"Functional","19 Mar 2024, 12:10","19 Mar 2024, 12:40","","Chest Press (Machine)",,"",0,"normal",40,8,,,
"Functional","19 Mar 2024, 12:10","19 Mar 2024, 12:40","","Chest Press (Machine)",,"",1,"normal",85,8,,,
"Functional","19 Mar 2024, 12:10","19 Mar 2024, 12:40","","Chest Press (Machine)",,"",2,"normal",85,6,,,
"Functional","19 Mar 2024, 12:10","19 Mar 2024, 12:40","","Chest Press (Machine)",,"",3,"normal",85,6,,,
"Functional","19 Mar 2024, 12:10","19 Mar 2024, 12:40","","Seated Row (Machine)",,"",0,"normal",40,8,,,
"Functional","19 Mar 2024, 12:10","19 Mar 2024, 12:40","","Seated Row (Machine)",,"",1,"normal",80,8,,,
"Functional","19 Mar 2024, 12:10","19 Mar 2024, 12:40","","Seated Row (Machine)",,"",2,"normal",80,8,,,
"Functional","19 Mar 2024, 12:10","19 Mar 2024, 12:40","","Seated Row (Machine)",,"",3,"normal",80,8,,,
"Functional","19 Mar 2024, 12:10","19 Mar 2024, 12:40","","Shoulder Press (Dumbbell)",,"",0,"normal",16,8,,,
"Functional","19 Mar 2024, 12:10","19 Mar 2024, 12:40","","Shoulder Press (Dumbbell)",,"",1,"normal",28,8,,,
"Functional","19 Mar 2024, 12:10","19 Mar 2024, 12:40","","Shoulder Press (Dumbbell)",,"",2,"normal",28,6,,,
"Functional","19 Mar 2024, 12:10","19 Mar 2024, 12:40","","Shoulder Press (Dumbbell)",,"",3,"normal",24,8,,,
"Functional","19 Mar 2024, 12:10","19 Mar 2024, 12:40","","Concentration Curl",,"",0,"normal",10,6,,,
"Functional","19 Mar 2024, 12:10","19 Mar 2024, 12:40","","Concentration Curl",,"",1,"normal",18,6,,,
"Functional","19 Mar 2024, 12:10","19 Mar 2024, 12:40","","Concentration Curl",,"",2,"normal",18,5,,,
"Functional","19 Mar 2024, 12:10","19 Mar 2024, 12:40","","Concentration Curl",,"",3,"normal",16,6,,,
"Functional","19 Mar 2024, 12:10","19 Mar 2024, 12:40","","Pull Up (Assisted)",,"",0,"normal",21,6,,,
"Functional","19 Mar 2024, 12:10","19 Mar 2024, 12:40","","Pull Up (Assisted)",,"",1,"normal",14,6,,,
"Functional","19 Mar 2024, 12:10","19 Mar 2024, 12:40","","Pull Up (Assisted)",,"",2,"normal",14,6,,,
"Functional","14 Mar 2024, 12:53","14 Mar 2024, 13:33","","Seated Row (Machine)",,"",0,"normal",40,8,,,
"Functional","14 Mar 2024, 12:53","14 Mar 2024, 13:33","","Seated Row (Machine)",,"",1,"normal",80,8,,,
"Functional","14 Mar 2024, 12:53","14 Mar 2024, 13:33","","Seated Row (Machine)",,"",2,"normal",80,8,,,
"Functional","14 Mar 2024, 12:53","14 Mar 2024, 13:33","","Seated Row (Machine)",,"",3,"normal",80,8,,,
"Functional","14 Mar 2024, 12:53","14 Mar 2024, 13:33","","Chest Press (Machine)",,"",0,"normal",40,8,,,
"Functional","14 Mar 2024, 12:53","14 Mar 2024, 13:33","","Chest Press (Machine)",,"",1,"normal",80,8,,,
"Functional","14 Mar 2024, 12:53","14 Mar 2024, 13:33","","Chest Press (Machine)",,"",2,"normal",85,8,,,
"Functional","14 Mar 2024, 12:53","14 Mar 2024, 13:33","","Chest Press (Machine)",,"",3,"normal",85,8,,,
"Functional","14 Mar 2024, 12:53","14 Mar 2024, 13:33","","Deadlift (Barbell)",,"",0,"normal",60,8,,,
"Functional","14 Mar 2024, 12:53","14 Mar 2024, 13:33","","Deadlift (Barbell)",,"",1,"normal",80,6,,,
"Functional","14 Mar 2024, 12:53","14 Mar 2024, 13:33","","Deadlift (Barbell)",,"",2,"normal",90,8,,,
"Functional","14 Mar 2024, 12:53","14 Mar 2024, 13:33","","Deadlift (Barbell)",,"",3,"normal",90,8,,,
"Functional","14 Mar 2024, 12:53","14 Mar 2024, 13:33","","Squat (Dumbbell)",,"",0,"normal",48,6,,,
"Functional","14 Mar 2024, 12:53","14 Mar 2024, 13:33","","Squat (Dumbbell)",,"",1,"normal",48,6,,,
"Functional","14 Mar 2024, 12:53","14 Mar 2024, 13:33","","Squat (Dumbbell)",,"",2,"normal",48,5,,,
"Functional","10 Mar 2024, 11:46","10 Mar 2024, 12:37","","Chest Press (Machine)",,"",0,"normal",40,8,,,
"Functional","10 Mar 2024, 11:46","10 Mar 2024, 12:37","","Chest Press (Machine)",,"",1,"normal",80,8,,,
"Functional","10 Mar 2024, 11:46","10 Mar 2024, 12:37","","Chest Press (Machine)",,"",2,"normal",85,7,,,
"Functional","10 Mar 2024, 11:46","10 Mar 2024, 12:37","","Chest Press (Machine)",,"",3,"normal",85,8,,,
"Functional","10 Mar 2024, 11:46","10 Mar 2024, 12:37","","Seated Row (Machine)",,"",0,"normal",40,8,,,
"Functional","10 Mar 2024, 11:46","10 Mar 2024, 12:37","","Seated Row (Machine)",,"",1,"normal",80,8,,,
"Functional","10 Mar 2024, 11:46","10 Mar 2024, 12:37","","Seated Row (Machine)",,"",2,"normal",80,6,,,
"Functional","10 Mar 2024, 11:46","10 Mar 2024, 12:37","","Seated Row (Machine)",,"",3,"normal",80,8,,,
"Functional","10 Mar 2024, 11:46","10 Mar 2024, 12:37","","Deadlift (Barbell)",,"",0,"normal",60,8,,,
"Functional","10 Mar 2024, 11:46","10 Mar 2024, 12:37","","Shoulder Press (Dumbbell)",,"",0,"normal",16,8,,,
"Functional","10 Mar 2024, 11:46","10 Mar 2024, 12:37","","Shoulder Press (Dumbbell)",,"",1,"normal",28,8,,,
"Functional","10 Mar 2024, 11:46","10 Mar 2024, 12:37","","Shoulder Press (Dumbbell)",,"",2,"normal",28,8,,,
"Functional","10 Mar 2024, 11:46","10 Mar 2024, 12:37","","Shoulder Press (Dumbbell)",,"",3,"normal",28,8,,,
"Functional","10 Mar 2024, 11:46","10 Mar 2024, 12:37","","Concentration Curl",,"",0,"normal",12,8,,,
"Functional","10 Mar 2024, 11:46","10 Mar 2024, 12:37","","Concentration Curl",,"",1,"normal",18,6,,,
"Functional","10 Mar 2024, 11:46","10 Mar 2024, 12:37","","Concentration Curl",,"",2,"normal",18,5,,,
"Functional","10 Mar 2024, 11:46","10 Mar 2024, 12:37","","Pull Up (Assisted)",,"",0,"normal",28,8,,,
"Functional","10 Mar 2024, 11:46","10 Mar 2024, 12:37","","Pull Up (Assisted)",,"",1,"normal",21,8,,,
"Functional","10 Mar 2024, 11:46","10 Mar 2024, 12:37","","Pull Up (Assisted)",,"",2,"normal",14,5,,,
"Functional","7 Mar 2024, 12:43","7 Mar 2024, 13:32","","Chest Press (Machine)",,"",0,"normal",45,8,,,
"Functional","7 Mar 2024, 12:43","7 Mar 2024, 13:32","","Chest Press (Machine)",,"",1,"normal",80,8,,,
"Functional","7 Mar 2024, 12:43","7 Mar 2024, 13:32","","Chest Press (Machine)",,"",2,"normal",85,6,,,
"Functional","7 Mar 2024, 12:43","7 Mar 2024, 13:32","","Chest Press (Machine)",,"",3,"normal",85,6,,,
"Functional","7 Mar 2024, 12:43","7 Mar 2024, 13:32","","Seated Row (Machine)",,"",0,"normal",40,8,,,
"Functional","7 Mar 2024, 12:43","7 Mar 2024, 13:32","","Seated Row (Machine)",,"",1,"normal",80,8,,,
"Functional","7 Mar 2024, 12:43","7 Mar 2024, 13:32","","Seated Row (Machine)",,"",2,"normal",80,6,,,
"Functional","7 Mar 2024, 12:43","7 Mar 2024, 13:32","","Seated Row (Machine)",,"",3,"normal",80,8,,,
"Functional","7 Mar 2024, 12:43","7 Mar 2024, 13:32","","Deadlift (Barbell)",,"",0,"normal",60,8,,,
"Functional","7 Mar 2024, 12:43","7 Mar 2024, 13:32","","Deadlift (Barbell)",,"",1,"normal",90,6,,,
"Functional","7 Mar 2024, 12:43","7 Mar 2024, 13:32","","Deadlift (Barbell)",,"",2,"normal",90,6,,,
"Functional","7 Mar 2024, 12:43","7 Mar 2024, 13:32","","Deadlift (Barbell)",,"",3,"normal",90,6,,,
"Functional","7 Mar 2024, 12:43","7 Mar 2024, 13:32","","Shoulder Press (Dumbbell)",,"",0,"normal",16,8,,,
"Functional","7 Mar 2024, 12:43","7 Mar 2024, 13:32","","Shoulder Press (Dumbbell)",,"",1,"normal",28,8,,,
"Functional","7 Mar 2024, 12:43","7 Mar 2024, 13:32","","Shoulder Press (Dumbbell)",,"",2,"normal",28,8,,,
"Functional","7 Mar 2024, 12:43","7 Mar 2024, 13:32","","Shoulder Press (Dumbbell)",,"",3,"normal",28,6,,,
"Functional","7 Mar 2024, 12:43","7 Mar 2024, 13:32","","Concentration Curl",,"",1,"normal",18,6,,,
"Functional","7 Mar 2024, 12:43","7 Mar 2024, 13:32","","Concentration Curl",,"",2,"normal",18,5,,,
"Functional","7 Mar 2024, 12:43","7 Mar 2024, 13:32","","Concentration Curl",,"",3,"normal",18,5,,,
"Functional","7 Mar 2024, 12:43","7 Mar 2024, 13:32","","Squat (Dumbbell)",,"",0,"normal",36,6,,,
"Functional","7 Mar 2024, 12:43","7 Mar 2024, 13:32","","Squat (Dumbbell)",,"",1,"normal",44,6,,,
"Functional","7 Mar 2024, 12:43","7 Mar 2024, 13:32","","Squat (Dumbbell)",,"",2,"normal",44,6,,,
"Functional","7 Mar 2024, 12:43","7 Mar 2024, 13:32","","Squat (Dumbbell)",,"",3,"normal",44,6,,,
"Abs","2 Mar 2024, 16:21","2 Mar 2024, 16:25","","Crunch",,"",0,"normal",,45,,,
"Abs","2 Mar 2024, 16:21","2 Mar 2024, 16:25","","Flutter Kicks",,"",0,"normal",,45,,,
"Abs","2 Mar 2024, 16:21","2 Mar 2024, 16:25","","Russian Twist (Bodyweight)",,"",0,"normal",,45,,,
"Functional","2 Mar 2024, 15:18","2 Mar 2024, 16:16","","Deadlift (Barbell)",,"",0,"normal",60,8,,,
"Functional","2 Mar 2024, 15:18","2 Mar 2024, 16:16","","Deadlift (Barbell)",,"",1,"normal",90,6,,,
"Functional","2 Mar 2024, 15:18","2 Mar 2024, 16:16","","Deadlift (Barbell)",,"",2,"normal",90,6,,,
"Functional","2 Mar 2024, 15:18","2 Mar 2024, 16:16","","Deadlift (Barbell)",,"",3,"normal",90,6,,,
"Functional","2 Mar 2024, 15:18","2 Mar 2024, 16:16","","Deadlift (Barbell)",,"",4,"normal",90,6,,,
"Functional","2 Mar 2024, 15:18","2 Mar 2024, 16:16","","Concentration Curl",,"",0,"normal",10,6,,,
"Functional","2 Mar 2024, 15:18","2 Mar 2024, 16:16","","Concentration Curl",,"",1,"normal",18,5,,,
"Functional","2 Mar 2024, 15:18","2 Mar 2024, 16:16","","Concentration Curl",,"",2,"normal",16,8,,,
"Functional","2 Mar 2024, 15:18","2 Mar 2024, 16:16","","Concentration Curl",,"",3,"normal",18,5,,,
"Functional","2 Mar 2024, 15:18","2 Mar 2024, 16:16","","Squat (Dumbbell)",,"",0,"normal",36,6,,,
"Functional","2 Mar 2024, 15:18","2 Mar 2024, 16:16","","Squat (Dumbbell)",,"",1,"normal",44,6,,,
"Functional","2 Mar 2024, 15:18","2 Mar 2024, 16:16","","Squat (Dumbbell)",,"",2,"normal",44,6,,,
"Functional","2 Mar 2024, 15:18","2 Mar 2024, 16:16","","Squat (Dumbbell)",,"",3,"normal",44,6,,,
"Functional","2 Mar 2024, 15:18","2 Mar 2024, 16:16","","Shoulder Press (Dumbbell)",,"",0,"normal",16,8,,,
"Functional","2 Mar 2024, 15:18","2 Mar 2024, 16:16","","Shoulder Press (Dumbbell)",,"",1,"normal",28,6,,,
"Functional","2 Mar 2024, 15:18","2 Mar 2024, 16:16","","Shoulder Press (Dumbbell)",,"",2,"normal",28,6,,,
"Functional","2 Mar 2024, 15:18","2 Mar 2024, 16:16","","Shoulder Press (Dumbbell)",,"",3,"normal",28,6,,,
"Functional","2 Mar 2024, 15:18","2 Mar 2024, 16:16","","Chest Press (Machine)",,"",0,"normal",45,8,,,
"Functional","2 Mar 2024, 15:18","2 Mar 2024, 16:16","","Chest Press (Machine)",,"",1,"normal",70,8,,,
"Functional","2 Mar 2024, 15:18","2 Mar 2024, 16:16","","Chest Press (Machine)",,"",2,"normal",75,8,,,
"Functional","2 Mar 2024, 15:18","2 Mar 2024, 16:16","","Chest Press (Machine)",,"",3,"normal",80,6,,,
"Functional","2 Mar 2024, 15:18","2 Mar 2024, 16:16","","Pull Up (Assisted)",,"",0,"normal",21,8,,,
"Functional","2 Mar 2024, 15:18","2 Mar 2024, 16:16","","Pull Up (Assisted)",,"",1,"normal",14,6,,,
"Functional","2 Mar 2024, 15:18","2 Mar 2024, 16:16","","Pull Up (Assisted)",,"",2,"normal",14,6,,,
"Functional","2 Mar 2024, 15:18","2 Mar 2024, 16:16","","Seated Row (Machine)",,"",0,"normal",40,8,,,
"Functional","2 Mar 2024, 15:18","2 Mar 2024, 16:16","","Seated Row (Machine)",,"",1,"normal",80,8,,,
"Functional","2 Mar 2024, 15:18","2 Mar 2024, 16:16","","Seated Row (Machine)",,"",2,"normal",75,6,,,
"Functional","2 Mar 2024, 15:18","2 Mar 2024, 16:16","","Seated Row (Machine)",,"",3,"normal",70,8,,,
"Abs","29 Feb 2024, 19:32","29 Feb 2024, 19:36","","Crunch",,"",0,"normal",,45,,,
"Abs","29 Feb 2024, 19:32","29 Feb 2024, 19:36","","Flutter Kicks",,"",0,"normal",,45,,,
"Abs","29 Feb 2024, 19:32","29 Feb 2024, 19:36","","Russian Twist (Bodyweight)",,"",0,"normal",,45,,,
"Functional","27 Feb 2024, 12:58","27 Feb 2024, 13:34","","Concentration Curl",,"",0,"normal",12,6,,,
"Functional","27 Feb 2024, 12:58","27 Feb 2024, 13:34","","Concentration Curl",,"",1,"normal",18,6,,,
"Functional","27 Feb 2024, 12:58","27 Feb 2024, 13:34","","Concentration Curl",,"",2,"normal",18,5,,,
"Functional","27 Feb 2024, 12:58","27 Feb 2024, 13:34","","Concentration Curl",,"",3,"normal",18,5,,,
"Functional","27 Feb 2024, 12:58","27 Feb 2024, 13:34","","Shoulder Press (Dumbbell)",,"",0,"normal",10,8,,,
"Functional","27 Feb 2024, 12:58","27 Feb 2024, 13:34","","Shoulder Press (Dumbbell)",,"",1,"normal",24,8,,,
"Functional","27 Feb 2024, 12:58","27 Feb 2024, 13:34","","Shoulder Press (Dumbbell)",,"",2,"normal",28,8,,,
"Functional","27 Feb 2024, 12:58","27 Feb 2024, 13:34","","Shoulder Press (Dumbbell)",,"",3,"normal",28,6,,,
"Functional","27 Feb 2024, 12:58","27 Feb 2024, 13:34","","Chest Press (Machine)",,"",0,"normal",45,6,,,
"Functional","27 Feb 2024, 12:58","27 Feb 2024, 13:34","","Chest Press (Machine)",,"",1,"normal",80,8,,,
"Functional","27 Feb 2024, 12:58","27 Feb 2024, 13:34","","Chest Press (Machine)",,"",2,"normal",80,6,,,
"Functional","27 Feb 2024, 12:58","27 Feb 2024, 13:34","","Chest Press (Machine)",,"",3,"normal",80,4,,,
"Functional","27 Feb 2024, 12:58","27 Feb 2024, 13:34","","Chest Press (Machine)",,"",4,"normal",85,5,,,
"Functional","27 Feb 2024, 12:58","27 Feb 2024, 13:34","","Seated Row (Machine)",,"",0,"normal",40,8,,,
"Functional","27 Feb 2024, 12:58","27 Feb 2024, 13:34","","Seated Row (Machine)",,"",1,"normal",80,8,,,
"Functional","27 Feb 2024, 12:58","27 Feb 2024, 13:34","","Seated Row (Machine)",,"",2,"normal",80,8,,,
"Functional","27 Feb 2024, 12:58","27 Feb 2024, 13:34","","Seated Row (Machine)",,"",3,"normal",80,8,,,
"Functional","27 Feb 2024, 12:58","27 Feb 2024, 13:34","","Pull Up (Assisted)",,"",0,"normal",21,6,,,
"Functional","27 Feb 2024, 12:58","27 Feb 2024, 13:34","","Pull Up (Assisted)",,"",1,"normal",21,6,,,
"Functional","27 Feb 2024, 12:58","27 Feb 2024, 13:34","","Pull Up (Assisted)",,"",2,"normal",21,6,,,
"Functional","27 Feb 2024, 12:58","27 Feb 2024, 13:34","","Deadlift (Barbell)",,"",0,"normal",60,8,,,
"Abs","21 Feb 2024, 18:31","21 Feb 2024, 18:35","","Crunch",,"",0,"normal",,45,,,
"Abs","21 Feb 2024, 18:31","21 Feb 2024, 18:35","","Flutter Kicks",,"",0,"normal",,45,,,
"Abs","21 Feb 2024, 18:31","21 Feb 2024, 18:35","","Russian Twist (Bodyweight)",,"",0,"normal",,45,,,
"Functional","20 Feb 2024, 12:36","20 Feb 2024, 13:21","","Seated Row (Machine)",,"",0,"normal",40,8,,,
"Functional","20 Feb 2024, 12:36","20 Feb 2024, 13:21","","Seated Row (Machine)",,"",1,"normal",80,8,,,
"Functional","20 Feb 2024, 12:36","20 Feb 2024, 13:21","","Seated Row (Machine)",,"",2,"normal",80,8,,,
"Functional","20 Feb 2024, 12:36","20 Feb 2024, 13:21","","Seated Row (Machine)",,"",3,"normal",80,8,,,
"Functional","20 Feb 2024, 12:36","20 Feb 2024, 13:21","","Chest Press (Machine)",,"",0,"normal",45,6,,,
"Functional","20 Feb 2024, 12:36","20 Feb 2024, 13:21","","Chest Press (Machine)",,"",1,"normal",75,6,,,
"Functional","20 Feb 2024, 12:36","20 Feb 2024, 13:21","","Chest Press (Machine)",,"",2,"normal",80,6,,,
"Functional","20 Feb 2024, 12:36","20 Feb 2024, 13:21","","Chest Press (Machine)",,"",3,"normal",85,8,,,
"Functional","20 Feb 2024, 12:36","20 Feb 2024, 13:21","","Pull Up (Assisted)",,"",0,"normal",21,6,,,
"Functional","20 Feb 2024, 12:36","20 Feb 2024, 13:21","","Pull Up (Assisted)",,"",1,"normal",14,6,,,
"Functional","20 Feb 2024, 12:36","20 Feb 2024, 13:21","","Pull Up (Assisted)",,"",2,"normal",14,6,,,
"Functional","20 Feb 2024, 12:36","20 Feb 2024, 13:21","","Deadlift (Barbell)",,"",0,"normal",60,6,,,
"Functional","20 Feb 2024, 12:36","20 Feb 2024, 13:21","","Deadlift (Barbell)",,"",1,"normal",90,6,,,
"Functional","20 Feb 2024, 12:36","20 Feb 2024, 13:21","","Deadlift (Barbell)",,"",2,"normal",90,6,,,
"Functional","20 Feb 2024, 12:36","20 Feb 2024, 13:21","","Deadlift (Barbell)",,"",3,"normal",90,6,,,
"Functional","20 Feb 2024, 12:36","20 Feb 2024, 13:21","","Concentration Curl",,"",0,"normal",10,8,,,
"Functional","20 Feb 2024, 12:36","20 Feb 2024, 13:21","","Concentration Curl",,"",1,"normal",18,6,,,
"Functional","20 Feb 2024, 12:36","20 Feb 2024, 13:21","","Concentration Curl",,"",2,"normal",18,4,,,
"Functional","20 Feb 2024, 12:36","20 Feb 2024, 13:21","","Squat (Dumbbell)",,"",0,"normal",20,8,,,
"Functional","20 Feb 2024, 12:36","20 Feb 2024, 13:21","","Squat (Dumbbell)",,"",1,"normal",44,6,,,
"Functional","20 Feb 2024, 12:36","20 Feb 2024, 13:21","","Squat (Dumbbell)",,"",2,"normal",44,6,,,
"Functional","13 Feb 2024, 12:23","13 Feb 2024, 13:05","","Deadlift (Barbell)",,"",0,"normal",60,6,,,
"Functional","13 Feb 2024, 12:23","13 Feb 2024, 13:05","","Deadlift (Barbell)",,"",1,"normal",90,8,,,
"Functional","13 Feb 2024, 12:23","13 Feb 2024, 13:05","","Deadlift (Barbell)",,"",2,"normal",90,6,,,
"Functional","13 Feb 2024, 12:23","13 Feb 2024, 13:05","","Deadlift (Barbell)",,"",3,"normal",90,6,,,
"Functional","13 Feb 2024, 12:23","13 Feb 2024, 13:05","","Shoulder Press (Dumbbell)",,"",0,"normal",16,8,,,
"Functional","13 Feb 2024, 12:23","13 Feb 2024, 13:05","","Shoulder Press (Dumbbell)",,"",1,"normal",28,8,,,
"Functional","13 Feb 2024, 12:23","13 Feb 2024, 13:05","","Shoulder Press (Dumbbell)",,"",2,"normal",28,6,,,
"Functional","13 Feb 2024, 12:23","13 Feb 2024, 13:05","","Shoulder Press (Dumbbell)",,"",3,"normal",28,8,,,
"Functional","13 Feb 2024, 12:23","13 Feb 2024, 13:05","","Concentration Curl",,"",0,"normal",8,8,,,
"Functional","13 Feb 2024, 12:23","13 Feb 2024, 13:05","","Concentration Curl",,"",1,"normal",18,8,,,
"Functional","13 Feb 2024, 12:23","13 Feb 2024, 13:05","","Concentration Curl",,"",2,"normal",18,5,,,
"Functional","13 Feb 2024, 12:23","13 Feb 2024, 13:05","","Concentration Curl",,"",3,"normal",18,4,,,
"Functional","13 Feb 2024, 12:23","13 Feb 2024, 13:05","","Squat (Dumbbell)",,"",0,"normal",28,8,,,
"Functional","13 Feb 2024, 12:23","13 Feb 2024, 13:05","","Squat (Dumbbell)",,"",1,"normal",40,6,,,
"Functional","13 Feb 2024, 12:23","13 Feb 2024, 13:05","","Squat (Dumbbell)",,"",2,"normal",44,6,,,
"Functional","13 Feb 2024, 12:23","13 Feb 2024, 13:05","","Squat (Dumbbell)",,"",3,"normal",44,6,,,
"Functional","13 Feb 2024, 12:23","13 Feb 2024, 13:05","","Chest Press (Machine)",,"",0,"normal",45,6,,,
"Functional","13 Feb 2024, 12:23","13 Feb 2024, 13:05","","Chest Press (Machine)",,"",1,"normal",85,6,,,
"Functional","13 Feb 2024, 12:23","13 Feb 2024, 13:05","","Chest Press (Machine)",,"",2,"normal",85,6,,,
"Functional","13 Feb 2024, 12:23","13 Feb 2024, 13:05","","Chest Press (Machine)",,"",3,"normal",85,6,,,
"Functional","13 Feb 2024, 12:23","13 Feb 2024, 13:05","","Pull Up (Assisted)",,"",0,"normal",28,6,,,
"Functional","13 Feb 2024, 12:23","13 Feb 2024, 13:05","","Pull Up (Assisted)",,"",1,"normal",21,6,,,
"Functional","13 Feb 2024, 12:23","13 Feb 2024, 13:05","","Pull Up (Assisted)",,"",2,"normal",14,6,,,
"Abs","11 Feb 2024, 11:07","11 Feb 2024, 11:14","","Crunch",,"",0,"normal",,45,,,
"Abs","11 Feb 2024, 11:07","11 Feb 2024, 11:14","","Flutter Kicks",,"",0,"normal",,45,,,
"Abs","11 Feb 2024, 11:07","11 Feb 2024, 11:14","","Russian Twist (Bodyweight)",,"",0,"normal",,45,,,
"Functional","11 Feb 2024, 10:13","11 Feb 2024, 11:07","","Deadlift (Barbell)",,"",0,"normal",60,8,,,
"Functional","11 Feb 2024, 10:13","11 Feb 2024, 11:07","","Deadlift (Barbell)",,"",1,"normal",80,6,,,
"Functional","11 Feb 2024, 10:13","11 Feb 2024, 11:07","","Deadlift (Barbell)",,"",2,"normal",80,6,,,
"Functional","11 Feb 2024, 10:13","11 Feb 2024, 11:07","","Deadlift (Barbell)",,"",3,"normal",80,8,,,
"Functional","11 Feb 2024, 10:13","11 Feb 2024, 11:07","","Shoulder Press (Dumbbell)",,"",0,"normal",16,8,,,
"Functional","11 Feb 2024, 10:13","11 Feb 2024, 11:07","","Shoulder Press (Dumbbell)",,"",1,"normal",28,8,,,
"Functional","11 Feb 2024, 10:13","11 Feb 2024, 11:07","","Shoulder Press (Dumbbell)",,"",2,"normal",28,8,,,
"Functional","11 Feb 2024, 10:13","11 Feb 2024, 11:07","","Shoulder Press (Dumbbell)",,"",3,"normal",28,8,,,
"Functional","11 Feb 2024, 10:13","11 Feb 2024, 11:07","","Concentration Curl",,"",0,"normal",12,6,,,
"Functional","11 Feb 2024, 10:13","11 Feb 2024, 11:07","","Concentration Curl",,"",1,"normal",18,6,,,
"Functional","11 Feb 2024, 10:13","11 Feb 2024, 11:07","","Concentration Curl",,"",2,"normal",18,5,,,
"Functional","11 Feb 2024, 10:13","11 Feb 2024, 11:07","","Concentration Curl",,"",3,"normal",18,5,,,
"Functional","11 Feb 2024, 10:13","11 Feb 2024, 11:07","","Squat (Dumbbell)",,"",0,"normal",28,8,,,
"Functional","11 Feb 2024, 10:13","11 Feb 2024, 11:07","","Squat (Dumbbell)",,"",1,"normal",36,8,,,
"Functional","11 Feb 2024, 10:13","11 Feb 2024, 11:07","","Squat (Dumbbell)",,"",2,"normal",40,6,,,
"Functional","11 Feb 2024, 10:13","11 Feb 2024, 11:07","","Squat (Dumbbell)",,"",3,"normal",40,6,,,
"Functional","11 Feb 2024, 10:13","11 Feb 2024, 11:07","","Pull Up (Assisted)",,"",0,"normal",28,8,,,
"Functional","11 Feb 2024, 10:13","11 Feb 2024, 11:07","","Pull Up (Assisted)",,"",1,"normal",21,8,,,
"Functional","11 Feb 2024, 10:13","11 Feb 2024, 11:07","","Pull Up (Assisted)",,"",2,"normal",14,6,,,
"Functional","11 Feb 2024, 10:13","11 Feb 2024, 11:07","","Chest Press (Machine)",,"",0,"normal",45,8,,,
"Functional","11 Feb 2024, 10:13","11 Feb 2024, 11:07","","Chest Press (Machine)",,"",1,"normal",65,4,,,
"Functional","11 Feb 2024, 10:13","11 Feb 2024, 11:07","","Chest Press (Machine)",,"",2,"normal",85,6,,,
"Functional","11 Feb 2024, 10:13","11 Feb 2024, 11:07","","Chest Press (Machine)",,"",3,"normal",85,6,,,
"Functional","11 Feb 2024, 10:13","11 Feb 2024, 11:07","","Chest Press (Machine)",,"",4,"normal",85,5,,,
"Abs","7 Feb 2024, 17:47","7 Feb 2024, 17:52","","Crunch",,"",0,"normal",,45,,,
"Abs","7 Feb 2024, 17:47","7 Feb 2024, 17:52","","Flutter Kicks",,"",0,"normal",,45,,,
"Abs","7 Feb 2024, 17:47","7 Feb 2024, 17:52","","Russian Twist (Bodyweight)",,"",0,"normal",,45,,,
"Functional","7 Feb 2024, 17:11","7 Feb 2024, 17:52","","Deadlift (Barbell)",,"",0,"normal",60,8,,,
"Functional","7 Feb 2024, 17:11","7 Feb 2024, 17:52","","Deadlift (Barbell)",,"",1,"normal",90,6,,,
"Functional","7 Feb 2024, 17:11","7 Feb 2024, 17:52","","Deadlift (Barbell)",,"",2,"normal",90,6,,,
"Functional","7 Feb 2024, 17:11","7 Feb 2024, 17:52","","Deadlift (Barbell)",,"",3,"normal",90,8,,,
"Functional","7 Feb 2024, 17:11","7 Feb 2024, 17:52","","Concentration Curl",,"",0,"normal",10,6,,,
"Functional","7 Feb 2024, 17:11","7 Feb 2024, 17:52","","Concentration Curl",,"",1,"normal",18,6,,,
"Functional","7 Feb 2024, 17:11","7 Feb 2024, 17:52","","Concentration Curl",,"",2,"normal",18,5,,,
"Functional","7 Feb 2024, 17:11","7 Feb 2024, 17:52","","Concentration Curl",,"",3,"normal",18,5,,,
"Functional","7 Feb 2024, 17:11","7 Feb 2024, 17:52","","Chest Press (Machine)",,"",0,"normal",40,8,,,
"Functional","7 Feb 2024, 17:11","7 Feb 2024, 17:52","","Chest Press (Machine)",,"",1,"normal",85,8,,,
"Functional","7 Feb 2024, 17:11","7 Feb 2024, 17:52","","Chest Press (Machine)",,"",2,"normal",85,6,,,
"Functional","7 Feb 2024, 17:11","7 Feb 2024, 17:52","","Chest Press (Machine)",,"",3,"normal",85,6,,,
"Functional","7 Feb 2024, 17:11","7 Feb 2024, 17:52","","Seated Row (Machine)",,"",0,"normal",40,8,,,
"Functional","7 Feb 2024, 17:11","7 Feb 2024, 17:52","","Seated Row (Machine)",,"",1,"normal",80,8,,,
"Functional","7 Feb 2024, 17:11","7 Feb 2024, 17:52","","Seated Row (Machine)",,"",2,"normal",80,8,,,
"Functional","7 Feb 2024, 17:11","7 Feb 2024, 17:52","","Seated Row (Machine)",,"",3,"normal",80,8,,,
"Functional","7 Feb 2024, 17:11","7 Feb 2024, 17:52","","Shoulder Press (Dumbbell)",,"",0,"normal",20,8,,,
"Functional","7 Feb 2024, 17:11","7 Feb 2024, 17:52","","Shoulder Press (Dumbbell)",,"",1,"normal",28,6,,,
"Functional","7 Feb 2024, 17:11","7 Feb 2024, 17:52","","Shoulder Press (Dumbbell)",,"",2,"normal",28,6,,,
"Functional","7 Feb 2024, 17:11","7 Feb 2024, 17:52","","Shoulder Press (Dumbbell)",,"",3,"normal",28,6,,,
"Functional","7 Feb 2024, 17:11","7 Feb 2024, 17:52","","Pull Up (Assisted)",,"",0,"normal",28,8,,,
"Functional","7 Feb 2024, 17:11","7 Feb 2024, 17:52","","Pull Up (Assisted)",,"",1,"normal",21,6,,,
"Functional","7 Feb 2024, 17:11","7 Feb 2024, 17:52","","Pull Up (Assisted)",,"",2,"normal",21,6,,,
"Abs","3 Feb 2024, 13:22","3 Feb 2024, 13:28","","Crunch",,"",0,"normal",,45,,,
"Abs","3 Feb 2024, 13:22","3 Feb 2024, 13:28","","Flutter Kicks",,"",0,"normal",,45,,,
"Abs","3 Feb 2024, 13:22","3 Feb 2024, 13:28","","Russian Twist (Bodyweight)",,"",0,"normal",,45,,,
"Functional","3 Feb 2024, 12:15","3 Feb 2024, 13:22","","Deadlift (Barbell)",,"",0,"normal",60,8,,,
"Functional","3 Feb 2024, 12:15","3 Feb 2024, 13:22","","Deadlift (Barbell)",,"",1,"normal",90,6,,,
"Functional","3 Feb 2024, 12:15","3 Feb 2024, 13:22","","Deadlift (Barbell)",,"",2,"normal",90,6,,,
"Functional","3 Feb 2024, 12:15","3 Feb 2024, 13:22","","Deadlift (Barbell)",,"",3,"normal",90,6,,,
"Functional","3 Feb 2024, 12:15","3 Feb 2024, 13:22","","Seated Row (Machine)",,"",0,"normal",40,8,,,
"Functional","3 Feb 2024, 12:15","3 Feb 2024, 13:22","","Seated Row (Machine)",,"",1,"normal",80,8,,,
"Functional","3 Feb 2024, 12:15","3 Feb 2024, 13:22","","Seated Row (Machine)",,"",2,"normal",80,8,,,
"Functional","3 Feb 2024, 12:15","3 Feb 2024, 13:22","","Seated Row (Machine)",,"",3,"normal",80,8,,,
"Functional","3 Feb 2024, 12:15","3 Feb 2024, 13:22","","Concentration Curl",,"",0,"normal",10,6,,,
"Functional","3 Feb 2024, 12:15","3 Feb 2024, 13:22","","Concentration Curl",,"",1,"normal",18,5,,,
"Functional","3 Feb 2024, 12:15","3 Feb 2024, 13:22","","Concentration Curl",,"",2,"normal",18,4,,,
"Functional","3 Feb 2024, 12:15","3 Feb 2024, 13:22","","Concentration Curl",,"",3,"normal",18,4,,,
"Functional","3 Feb 2024, 12:15","3 Feb 2024, 13:22","","Shoulder Press (Dumbbell)",,"",0,"normal",20,8,,,
"Functional","3 Feb 2024, 12:15","3 Feb 2024, 13:22","","Shoulder Press (Dumbbell)",,"",1,"normal",28,8,,,
"Functional","3 Feb 2024, 12:15","3 Feb 2024, 13:22","","Shoulder Press (Dumbbell)",,"",2,"normal",28,8,,,
"Functional","3 Feb 2024, 12:15","3 Feb 2024, 13:22","","Shoulder Press (Dumbbell)",,"",3,"normal",28,6,,,
"Functional","3 Feb 2024, 12:15","3 Feb 2024, 13:22","","Chest Press (Machine)",,"",0,"normal",40,8,,,
"Functional","3 Feb 2024, 12:15","3 Feb 2024, 13:22","","Chest Press (Machine)",,"",1,"normal",85,4,,,
"Functional","3 Feb 2024, 12:15","3 Feb 2024, 13:22","","Chest Press (Machine)",,"",2,"normal",80,6,,,
"Functional","3 Feb 2024, 12:15","3 Feb 2024, 13:22","","Chest Press (Machine)",,"",3,"normal",85,6,,,
"Functional","3 Feb 2024, 12:15","3 Feb 2024, 13:22","","Pull Up (Assisted)",,"",0,"normal",35,6,,,
"Functional","3 Feb 2024, 12:15","3 Feb 2024, 13:22","","Pull Up (Assisted)",,"",1,"normal",28,8,,,
"Functional","3 Feb 2024, 12:15","3 Feb 2024, 13:22","","Pull Up (Assisted)",,"",2,"normal",28,8,,,
"Functional","3 Feb 2024, 12:15","3 Feb 2024, 13:22","","Squat (Dumbbell)",,"",0,"normal",36,6,,,
"Functional","3 Feb 2024, 12:15","3 Feb 2024, 13:22","","Squat (Dumbbell)",,"",1,"normal",44,8,,,
"Functional","3 Feb 2024, 12:15","3 Feb 2024, 13:22","","Squat (Dumbbell)",,"",2,"normal",44,6,,,
"Functional","3 Feb 2024, 12:15","3 Feb 2024, 13:22","","Squat (Dumbbell)",,"",3,"normal",44,6,,,
"Functional","30 Jan 2024, 12:49","30 Jan 2024, 13:37","","Deadlift (Barbell)",,"",0,"normal",50,8,,,
"Functional","30 Jan 2024, 12:49","30 Jan 2024, 13:37","","Deadlift (Barbell)",,"",1,"normal",70,8,,,
"Functional","30 Jan 2024, 12:49","30 Jan 2024, 13:37","","Deadlift (Barbell)",,"",2,"normal",80,8,,,
"Functional","30 Jan 2024, 12:49","30 Jan 2024, 13:37","","Deadlift (Barbell)",,"",3,"normal",90,8,,,
"Functional","30 Jan 2024, 12:49","30 Jan 2024, 13:37","","Seated Row (Machine)",,"",0,"normal",40,8,,,
"Functional","30 Jan 2024, 12:49","30 Jan 2024, 13:37","","Seated Row (Machine)",,"",1,"normal",80,8,,,
"Functional","30 Jan 2024, 12:49","30 Jan 2024, 13:37","","Seated Row (Machine)",,"",2,"normal",80,8,,,
"Functional","30 Jan 2024, 12:49","30 Jan 2024, 13:37","","Seated Row (Machine)",,"",3,"normal",80,8,,,
"Functional","30 Jan 2024, 12:49","30 Jan 2024, 13:37","","Concentration Curl",,"",0,"normal",12,2,,,
"Functional","30 Jan 2024, 12:49","30 Jan 2024, 13:37","","Concentration Curl",,"",1,"normal",18,6,,,
"Functional","30 Jan 2024, 12:49","30 Jan 2024, 13:37","","Concentration Curl",,"",2,"normal",18,5,,,
"Functional","30 Jan 2024, 12:49","30 Jan 2024, 13:37","","Concentration Curl",,"",3,"normal",18,4,,,
"Functional","30 Jan 2024, 12:49","30 Jan 2024, 13:37","","Shoulder Press (Dumbbell)",,"",0,"normal",15,8,,,
"Functional","30 Jan 2024, 12:49","30 Jan 2024, 13:37","","Shoulder Press (Dumbbell)",,"",1,"normal",28,8,,,
"Functional","30 Jan 2024, 12:49","30 Jan 2024, 13:37","","Shoulder Press (Dumbbell)",,"",2,"normal",28,8,,,
"Functional","30 Jan 2024, 12:49","30 Jan 2024, 13:37","","Shoulder Press (Dumbbell)",,"",3,"normal",28,8,,,
"Functional","30 Jan 2024, 12:49","30 Jan 2024, 13:37","","Chest Press (Machine)",,"",0,"normal",40,8,,,
"Functional","30 Jan 2024, 12:49","30 Jan 2024, 13:37","","Chest Press (Machine)",,"",1,"normal",80,8,,,
"Functional","30 Jan 2024, 12:49","30 Jan 2024, 13:37","","Chest Press (Machine)",,"",2,"normal",85,6,,,
"Functional","30 Jan 2024, 12:49","30 Jan 2024, 13:37","","Chest Press (Machine)",,"",3,"normal",85,6,,,
"Functional","30 Jan 2024, 12:49","30 Jan 2024, 13:37","","Squat (Dumbbell)",,"",0,"normal",32,6,,,
"Functional","30 Jan 2024, 12:49","30 Jan 2024, 13:37","","Squat (Dumbbell)",,"",1,"normal",44,8,,,
"Functional","30 Jan 2024, 12:49","30 Jan 2024, 13:37","","Squat (Dumbbell)",,"",2,"normal",44,6,,,
"Abs","26 Jan 2024, 13:51","26 Jan 2024, 13:56","","Crunch",,"",0,"normal",,45,,,
"Abs","26 Jan 2024, 13:51","26 Jan 2024, 13:56","","Flutter Kicks",,"",0,"normal",,45,,,
"Abs","26 Jan 2024, 13:51","26 Jan 2024, 13:56","","Russian Twist (Bodyweight)",,"",0,"normal",,45,,,
"Functional","26 Jan 2024, 13:12","26 Jan 2024, 13:51","","Seated Row (Machine)",,"",0,"normal",40,8,,,
"Functional","26 Jan 2024, 13:12","26 Jan 2024, 13:51","","Seated Row (Machine)",,"",1,"normal",80,8,,,
"Functional","26 Jan 2024, 13:12","26 Jan 2024, 13:51","","Seated Row (Machine)",,"",2,"normal",80,8,,,
"Functional","26 Jan 2024, 13:12","26 Jan 2024, 13:51","","Seated Row (Machine)",,"",3,"normal",80,8,,,
"Functional","26 Jan 2024, 13:12","26 Jan 2024, 13:51","","Chest Press (Machine)",,"",0,"normal",40,8,,,
"Functional","26 Jan 2024, 13:12","26 Jan 2024, 13:51","","Chest Press (Machine)",,"",1,"normal",80,8,,,
"Functional","26 Jan 2024, 13:12","26 Jan 2024, 13:51","","Chest Press (Machine)",,"",2,"normal",80,8,,,
"Functional","26 Jan 2024, 13:12","26 Jan 2024, 13:51","","Chest Press (Machine)",,"",3,"normal",80,8,,,
"Functional","26 Jan 2024, 13:12","26 Jan 2024, 13:51","","Concentration Curl",,"",0,"normal",12,6,,,
"Functional","26 Jan 2024, 13:12","26 Jan 2024, 13:51","","Concentration Curl",,"",1,"normal",18,6,,,
"Functional","26 Jan 2024, 13:12","26 Jan 2024, 13:51","","Concentration Curl",,"",2,"normal",18,5,,,
"Functional","26 Jan 2024, 13:12","26 Jan 2024, 13:51","","Concentration Curl",,"",3,"normal",18,4,,,
"Functional","26 Jan 2024, 13:12","26 Jan 2024, 13:51","","Shoulder Press (Dumbbell)",,"",0,"normal",24,8,,,
"Functional","26 Jan 2024, 13:12","26 Jan 2024, 13:51","","Shoulder Press (Dumbbell)",,"",1,"normal",24,8,,,
"Functional","26 Jan 2024, 13:12","26 Jan 2024, 13:51","","Shoulder Press (Dumbbell)",,"",2,"normal",24,8,,,
"Functional","26 Jan 2024, 13:12","26 Jan 2024, 13:51","","Shoulder Press (Dumbbell)",,"",3,"normal",24,8,,,
"Functional","26 Jan 2024, 13:12","26 Jan 2024, 13:51","","Pull Up (Assisted)",,"",0,"normal",35,8,,,
"Functional","26 Jan 2024, 13:12","26 Jan 2024, 13:51","","Pull Up (Assisted)",,"",1,"normal",28,8,,,
"Functional","23 Jan 2024, 11:53","23 Jan 2024, 12:41","","Deadlift (Barbell)",,"",0,"normal",60,8,,,
"Functional","23 Jan 2024, 11:53","23 Jan 2024, 12:41","","Deadlift (Barbell)",,"",1,"normal",90,6,,,
"Functional","23 Jan 2024, 11:53","23 Jan 2024, 12:41","","Deadlift (Barbell)",,"",2,"normal",90,8,,,
"Functional","23 Jan 2024, 11:53","23 Jan 2024, 12:41","","Deadlift (Barbell)",,"",3,"normal",90,8,,,
"Functional","23 Jan 2024, 11:53","23 Jan 2024, 12:41","","Concentration Curl",,"",0,"normal",12,6,,,
"Functional","23 Jan 2024, 11:53","23 Jan 2024, 12:41","","Concentration Curl",,"",1,"normal",18,6,,,
"Functional","23 Jan 2024, 11:53","23 Jan 2024, 12:41","","Concentration Curl",,"",2,"normal",18,5,,,
"Functional","23 Jan 2024, 11:53","23 Jan 2024, 12:41","","Concentration Curl",,"",3,"normal",18,4,,,
"Functional","23 Jan 2024, 11:53","23 Jan 2024, 12:41","","Shoulder Press (Dumbbell)",,"",0,"normal",16,8,,,
"Functional","23 Jan 2024, 11:53","23 Jan 2024, 12:41","","Shoulder Press (Dumbbell)",,"",1,"normal",24,8,,,
"Functional","23 Jan 2024, 11:53","23 Jan 2024, 12:41","","Shoulder Press (Dumbbell)",,"",2,"normal",24,8,,,
"Functional","23 Jan 2024, 11:53","23 Jan 2024, 12:41","","Shoulder Press (Dumbbell)",,"",3,"normal",24,8,,,
"Functional","23 Jan 2024, 11:53","23 Jan 2024, 12:41","","Chest Press (Machine)",,"",0,"normal",40,8,,,
"Functional","23 Jan 2024, 11:53","23 Jan 2024, 12:41","","Chest Press (Machine)",,"",1,"normal",80,8,,,
"Functional","23 Jan 2024, 11:53","23 Jan 2024, 12:41","","Chest Press (Machine)",,"",2,"normal",80,8,,,
"Functional","23 Jan 2024, 11:53","23 Jan 2024, 12:41","","Chest Press (Machine)",,"",3,"normal",80,8,,,
"Functional","23 Jan 2024, 11:53","23 Jan 2024, 12:41","","Seated Row (Machine)",,"",0,"normal",40,8,,,
"Functional","23 Jan 2024, 11:53","23 Jan 2024, 12:41","","Seated Row (Machine)",,"",1,"normal",80,6,,,
"Functional","23 Jan 2024, 11:53","23 Jan 2024, 12:41","","Seated Row (Machine)",,"",2,"normal",75,8,,,
"Functional","23 Jan 2024, 11:53","23 Jan 2024, 12:41","","Seated Row (Machine)",,"",3,"normal",75,8,,,
"Functional","23 Jan 2024, 11:53","23 Jan 2024, 12:41","","Squat (Dumbbell)",,"",0,"normal",28,6,,,
"Functional","23 Jan 2024, 11:53","23 Jan 2024, 12:41","","Squat (Dumbbell)",,"",1,"normal",44,8,,,
"Functional","23 Jan 2024, 11:53","23 Jan 2024, 12:41","","Squat (Dumbbell)",,"",2,"normal",44,6,,,
"Functional","23 Jan 2024, 11:53","23 Jan 2024, 12:41","","Squat (Dumbbell)",,"",3,"normal",44,6,,,
"Functional","16 Jan 2024, 18:48","16 Jan 2024, 19:34","","Deadlift (Barbell)",,"",0,"normal",80,8,,,
"Functional","16 Jan 2024, 18:48","16 Jan 2024, 19:34","","Deadlift (Barbell)",,"",1,"normal",90,8,,,
"Functional","16 Jan 2024, 18:48","16 Jan 2024, 19:34","","Deadlift (Barbell)",,"",2,"normal",90,8,,,
"Functional","16 Jan 2024, 18:48","16 Jan 2024, 19:34","","Seated Row (Machine)",,"",0,"normal",40,8,,,
"Functional","16 Jan 2024, 18:48","16 Jan 2024, 19:34","","Seated Row (Machine)",,"",1,"normal",80,8,,,
"Functional","16 Jan 2024, 18:48","16 Jan 2024, 19:34","","Seated Row (Machine)",,"",2,"normal",80,8,,,
"Functional","16 Jan 2024, 18:48","16 Jan 2024, 19:34","","Seated Row (Machine)",,"",3,"normal",80,8,,,
"Functional","16 Jan 2024, 18:48","16 Jan 2024, 19:34","","Concentration Curl",,"",0,"normal",18,6,,,
"Functional","16 Jan 2024, 18:48","16 Jan 2024, 19:34","","Concentration Curl",,"",1,"normal",18,5,,,
"Functional","16 Jan 2024, 18:48","16 Jan 2024, 19:34","","Concentration Curl",,"",2,"normal",18,4,,,
"Functional","16 Jan 2024, 18:48","16 Jan 2024, 19:34","","Chest Press (Machine)",,"",0,"normal",40,6,,,
"Functional","16 Jan 2024, 18:48","16 Jan 2024, 19:34","","Chest Press (Machine)",,"",1,"normal",80,8,,,
"Functional","16 Jan 2024, 18:48","16 Jan 2024, 19:34","","Chest Press (Machine)",,"",2,"normal",80,8,,,
"Functional","16 Jan 2024, 18:48","16 Jan 2024, 19:34","","Shoulder Press (Dumbbell)",,"",0,"normal",24,8,,,
"Functional","16 Jan 2024, 18:48","16 Jan 2024, 19:34","","Shoulder Press (Dumbbell)",,"",1,"normal",24,8,,,
"Functional","16 Jan 2024, 18:48","16 Jan 2024, 19:34","","Squat (Dumbbell)",,"",0,"normal",20,6,,,
"Functional","16 Jan 2024, 18:48","16 Jan 2024, 19:34","","Squat (Dumbbell)",,"",1,"normal",44,6,,,
"Functional","16 Jan 2024, 18:48","16 Jan 2024, 19:34","","Squat (Dumbbell)",,"",2,"normal",44,6,,,
"Functional","16 Jan 2024, 18:48","16 Jan 2024, 19:34","","Pull Up (Assisted)",,"",0,"normal",35,8,,,
"Functional","16 Jan 2024, 18:48","16 Jan 2024, 19:34","","Pull Up (Assisted)",,"",1,"normal",28,8,,,
"Functional","14 Jan 2024, 13:57","14 Jan 2024, 14:57","","Deadlift (Barbell)",,"",0,"warmup",40,4,,,
"Functional","14 Jan 2024, 13:57","14 Jan 2024, 14:57","","Deadlift (Barbell)",,"",1,"normal",80,8,,,
"Functional","14 Jan 2024, 13:57","14 Jan 2024, 14:57","","Deadlift (Barbell)",,"",2,"normal",80,8,,,
"Functional","14 Jan 2024, 13:57","14 Jan 2024, 14:57","","Deadlift (Barbell)",,"",3,"normal",90,8,,,
"Functional","14 Jan 2024, 13:57","14 Jan 2024, 14:57","","Seated Row (Machine)",,"",0,"normal",40,8,,,
"Functional","14 Jan 2024, 13:57","14 Jan 2024, 14:57","","Seated Row (Machine)",,"",1,"normal",75,8,,,
"Functional","14 Jan 2024, 13:57","14 Jan 2024, 14:57","","Seated Row (Machine)",,"",2,"normal",75,8,,,
"Functional","14 Jan 2024, 13:57","14 Jan 2024, 14:57","","Seated Row (Machine)",,"",3,"normal",75,8,,,
"Functional","14 Jan 2024, 13:57","14 Jan 2024, 14:57","","Chest Press (Machine)",,"",0,"normal",40,6,,,
"Functional","14 Jan 2024, 13:57","14 Jan 2024, 14:57","","Chest Press (Machine)",,"",1,"normal",75,8,,,
"Functional","14 Jan 2024, 13:57","14 Jan 2024, 14:57","","Chest Press (Machine)",,"",2,"normal",80,8,,,
"Functional","14 Jan 2024, 13:57","14 Jan 2024, 14:57","","Chest Press (Machine)",,"",3,"normal",80,8,,,
"Functional","14 Jan 2024, 13:57","14 Jan 2024, 14:57","","Concentration Curl",,"",0,"normal",10,6,,,
"Functional","14 Jan 2024, 13:57","14 Jan 2024, 14:57","","Concentration Curl",,"",1,"normal",18,6,,,
"Functional","14 Jan 2024, 13:57","14 Jan 2024, 14:57","","Concentration Curl",,"",2,"normal",18,5,,,
"Functional","14 Jan 2024, 13:57","14 Jan 2024, 14:57","","Concentration Curl",,"",3,"normal",18,4,,,
"Functional","14 Jan 2024, 13:57","14 Jan 2024, 14:57","","Shoulder Press (Dumbbell)",,"",0,"normal",10,8,,,
"Functional","14 Jan 2024, 13:57","14 Jan 2024, 14:57","","Shoulder Press (Dumbbell)",,"",1,"normal",20,8,,,
"Functional","14 Jan 2024, 13:57","14 Jan 2024, 14:57","","Shoulder Press (Dumbbell)",,"",2,"normal",24,8,,,
"Functional","14 Jan 2024, 13:57","14 Jan 2024, 14:57","","Shoulder Press (Dumbbell)",,"",3,"normal",24,8,,,
"Functional","14 Jan 2024, 13:57","14 Jan 2024, 14:57","","Squat (Dumbbell)",,"",0,"normal",24,8,,,
"Functional","14 Jan 2024, 13:57","14 Jan 2024, 14:57","","Squat (Dumbbell)",,"",1,"normal",32,8,,,
"Functional","14 Jan 2024, 13:57","14 Jan 2024, 14:57","","Squat (Dumbbell)",,"",2,"normal",40,8,,,
"Functional","14 Jan 2024, 13:57","14 Jan 2024, 14:57","","Squat (Dumbbell)",,"",3,"normal",44,6,,,
"Functional","14 Jan 2024, 13:57","14 Jan 2024, 14:57","","Pull Up (Assisted)",,"",0,"normal",35,8,,,
"Functional","14 Jan 2024, 13:57","14 Jan 2024, 14:57","","Pull Up (Assisted)",,"",1,"normal",28,8,,,
"Functional","14 Jan 2024, 13:57","14 Jan 2024, 14:57","","Pull Up (Assisted)",,"",2,"normal",28,8,,,
"Abs","11 Jan 2024, 20:37","11 Jan 2024, 20:44","","Crunch",,"",0,"normal",,45,,,
"Abs","11 Jan 2024, 20:37","11 Jan 2024, 20:44","","Flutter Kicks",,"",0,"normal",,45,,,
"Abs","11 Jan 2024, 20:37","11 Jan 2024, 20:44","","Russian Twist (Bodyweight)",,"",0,"normal",,45,,,
"Functional","11 Jan 2024, 19:53","11 Jan 2024, 20:40","","Deadlift (Barbell)",,"",0,"warmup",40,4,,,
"Functional","11 Jan 2024, 19:53","11 Jan 2024, 20:40","","Deadlift (Barbell)",,"",1,"normal",80,6,,,
"Functional","11 Jan 2024, 19:53","11 Jan 2024, 20:40","","Deadlift (Barbell)",,"",2,"normal",80,8,,,
"Functional","11 Jan 2024, 19:53","11 Jan 2024, 20:40","","Deadlift (Barbell)",,"",3,"normal",80,8,,,
"Functional","11 Jan 2024, 19:53","11 Jan 2024, 20:40","","Deadlift (Barbell)",,"",4,"normal",90,6,,,
"Functional","11 Jan 2024, 19:53","11 Jan 2024, 20:40","","Concentration Curl",,"",0,"normal",10,8,,,
"Functional","11 Jan 2024, 19:53","11 Jan 2024, 20:40","","Concentration Curl",,"",1,"normal",16,6,,,
"Functional","11 Jan 2024, 19:53","11 Jan 2024, 20:40","","Concentration Curl",,"",2,"normal",16,6,,,
"Functional","11 Jan 2024, 19:53","11 Jan 2024, 20:40","","Concentration Curl",,"",3,"normal",16,6,,,
"Functional","11 Jan 2024, 19:53","11 Jan 2024, 20:40","","Shoulder Press (Dumbbell)",,"",0,"normal",20,8,,,
"Functional","11 Jan 2024, 19:53","11 Jan 2024, 20:40","","Shoulder Press (Dumbbell)",,"",1,"normal",20,8,,,
"Functional","11 Jan 2024, 19:53","11 Jan 2024, 20:40","","Shoulder Press (Dumbbell)",,"",2,"normal",20,8,,,
"Functional","11 Jan 2024, 19:53","11 Jan 2024, 20:40","","Squat (Dumbbell)",,"",0,"normal",28,6,,,
"Functional","11 Jan 2024, 19:53","11 Jan 2024, 20:40","","Squat (Dumbbell)",,"",1,"normal",44,6,,,
"Functional","11 Jan 2024, 19:53","11 Jan 2024, 20:40","","Squat (Dumbbell)",,"",2,"normal",44,6,,,
"Functional","11 Jan 2024, 19:53","11 Jan 2024, 20:40","","Squat (Dumbbell)",,"",3,"normal",44,5,,,
"Functional","11 Jan 2024, 19:53","11 Jan 2024, 20:40","","Chest Press (Machine)",,"",0,"normal",40,6,,,
"Functional","11 Jan 2024, 19:53","11 Jan 2024, 20:40","","Chest Press (Machine)",,"",1,"normal",75,8,,,
"Functional","11 Jan 2024, 19:53","11 Jan 2024, 20:40","","Chest Press (Machine)",,"",2,"normal",75,8,,,
"Functional","11 Jan 2024, 19:53","11 Jan 2024, 20:40","","Chest Press (Machine)",,"",3,"normal",80,8,,,
"Functional","11 Jan 2024, 19:53","11 Jan 2024, 20:40","","Seated Row (Machine)",,"",0,"normal",40,8,,,
"Functional","11 Jan 2024, 19:53","11 Jan 2024, 20:40","","Seated Row (Machine)",,"",1,"normal",75,8,,,
"Functional","11 Jan 2024, 19:53","11 Jan 2024, 20:40","","Seated Row (Machine)",,"",2,"normal",75,8,,,
"Functional","11 Jan 2024, 19:53","11 Jan 2024, 20:40","","Seated Row (Machine)",,"",3,"normal",75,8,,,
"Functional","11 Jan 2024, 19:53","11 Jan 2024, 20:40","","Pull Up (Assisted)",,"",0,"normal",42,8,,,
"Functional","11 Jan 2024, 19:53","11 Jan 2024, 20:40","","Pull Up (Assisted)",,"",1,"normal",35,8,,,
"Functional","7 Jan 2024, 14:36","7 Jan 2024, 15:23","","Deadlift (Barbell)",,"",0,"warmup",40,4,,,
"Functional","7 Jan 2024, 14:36","7 Jan 2024, 15:23","","Deadlift (Barbell)",,"",1,"normal",60,4,,,
"Functional","7 Jan 2024, 14:36","7 Jan 2024, 15:23","","Deadlift (Barbell)",,"",2,"normal",80,8,,,
"Functional","7 Jan 2024, 14:36","7 Jan 2024, 15:23","","Deadlift (Barbell)",,"",3,"normal",80,8,,,
"Functional","7 Jan 2024, 14:36","7 Jan 2024, 15:23","","Deadlift (Barbell)",,"",4,"normal",80,8,,,
"Functional","7 Jan 2024, 14:36","7 Jan 2024, 15:23","","Chest Press (Machine)",,"",0,"normal",40,8,,,
"Functional","7 Jan 2024, 14:36","7 Jan 2024, 15:23","","Chest Press (Machine)",,"",1,"normal",70,8,,,
"Functional","7 Jan 2024, 14:36","7 Jan 2024, 15:23","","Chest Press (Machine)",,"",2,"normal",70,8,,,
"Functional","7 Jan 2024, 14:36","7 Jan 2024, 15:23","","Chest Press (Machine)",,"",3,"normal",75,8,,,
"Functional","7 Jan 2024, 14:36","7 Jan 2024, 15:23","","Concentration Curl",,"",0,"normal",12,6,,,
"Functional","7 Jan 2024, 14:36","7 Jan 2024, 15:23","","Concentration Curl",,"",1,"normal",16,8,,,
"Functional","7 Jan 2024, 14:36","7 Jan 2024, 15:23","","Concentration Curl",,"",2,"normal",18,5,,,
"Functional","7 Jan 2024, 14:36","7 Jan 2024, 15:23","","Concentration Curl",,"",3,"normal",14,5,,,
"Functional","7 Jan 2024, 14:36","7 Jan 2024, 15:23","","Squat (Dumbbell)",,"",0,"normal",28,6,,,
"Functional","7 Jan 2024, 14:36","7 Jan 2024, 15:23","","Squat (Dumbbell)",,"",1,"normal",40,6,,,
"Functional","7 Jan 2024, 14:36","7 Jan 2024, 15:23","","Squat (Dumbbell)",,"",2,"normal",40,6,,,
"Functional","7 Jan 2024, 14:36","7 Jan 2024, 15:23","","Squat (Dumbbell)",,"",3,"normal",40,6,,,
"Functional","7 Jan 2024, 14:36","7 Jan 2024, 15:23","","Shoulder Press (Dumbbell)",,"",0,"normal",16,8,,,
"Functional","7 Jan 2024, 14:36","7 Jan 2024, 15:23","","Shoulder Press (Dumbbell)",,"",1,"normal",20,8,,,
"Functional","7 Jan 2024, 14:36","7 Jan 2024, 15:23","","Shoulder Press (Dumbbell)",,"",2,"normal",20,8,,,
"Functional","7 Jan 2024, 14:36","7 Jan 2024, 15:23","","Shoulder Press (Dumbbell)",,"",3,"normal",20,8,,,
"Functional","7 Jan 2024, 14:36","7 Jan 2024, 15:23","","Seated Row (Machine)",,"",0,"normal",40,8,,,
"Functional","7 Jan 2024, 14:36","7 Jan 2024, 15:23","","Seated Row (Machine)",,"",1,"normal",75,8,,,
"Functional","7 Jan 2024, 14:36","7 Jan 2024, 15:23","","Seated Row (Machine)",,"",2,"normal",75,8,,,
"Functional","7 Jan 2024, 14:36","7 Jan 2024, 15:23","","Seated Row (Machine)",,"",3,"normal",75,8,,,
"Abs","3 Jan 2024, 20:13","3 Jan 2024, 20:18","","Crunch",,"",0,"normal",,45,,,
"Abs","3 Jan 2024, 20:13","3 Jan 2024, 20:18","","Flutter Kicks",,"",0,"normal",,45,,,
"Abs","3 Jan 2024, 20:13","3 Jan 2024, 20:18","","Russian Twist (Bodyweight)",,"",0,"normal",,45,,,
"Abs","3 Jan 2024, 20:13","3 Jan 2024, 20:18","","Flutter Kicks",,"",0,"normal",,45,,,
"Functional","3 Jan 2024, 19:28","3 Jan 2024, 20:08","","Concentration Curl",,"",0,"normal",10,6,,,
"Functional","3 Jan 2024, 19:28","3 Jan 2024, 20:08","","Concentration Curl",,"",1,"normal",16,8,,,
"Functional","3 Jan 2024, 19:28","3 Jan 2024, 20:08","","Concentration Curl",,"",2,"normal",18,5,,,
"Functional","3 Jan 2024, 19:28","3 Jan 2024, 20:08","","Concentration Curl",,"",3,"normal",18,5,,,
"Functional","3 Jan 2024, 19:28","3 Jan 2024, 20:08","","Squat (Dumbbell)",,"",0,"normal",20,8,,,
"Functional","3 Jan 2024, 19:28","3 Jan 2024, 20:08","","Squat (Dumbbell)",,"",1,"normal",20,8,,,
"Functional","3 Jan 2024, 19:28","3 Jan 2024, 20:08","","Squat (Dumbbell)",,"",2,"normal",28,8,,,
"Functional","3 Jan 2024, 19:28","3 Jan 2024, 20:08","","Chest Press (Machine)",,"",0,"normal",30,8,,,
"Functional","3 Jan 2024, 19:28","3 Jan 2024, 20:08","","Chest Press (Machine)",,"",1,"normal",65,8,,,
"Functional","3 Jan 2024, 19:28","3 Jan 2024, 20:08","","Chest Press (Machine)",,"",2,"normal",70,8,,,
"Functional","3 Jan 2024, 19:28","3 Jan 2024, 20:08","","Chest Press (Machine)",,"",3,"normal",75,8,,,
"Functional","3 Jan 2024, 19:28","3 Jan 2024, 20:08","","Shoulder Press (Dumbbell)",,"",0,"normal",20,8,,,
"Functional","3 Jan 2024, 19:28","3 Jan 2024, 20:08","","Shoulder Press (Dumbbell)",,"",1,"normal",20,8,,,
"Functional","3 Jan 2024, 19:28","3 Jan 2024, 20:08","","Shoulder Press (Dumbbell)",,"",2,"normal",20,8,,,
"Functional","3 Jan 2024, 19:28","3 Jan 2024, 20:08","","Seated Row (Machine)",,"",0,"normal",40,8,,,
"Functional","3 Jan 2024, 19:28","3 Jan 2024, 20:08","","Seated Row (Machine)",,"",1,"normal",75,8,,,
"Functional","3 Jan 2024, 19:28","3 Jan 2024, 20:08","","Seated Row (Machine)",,"",2,"normal",75,8,,,
"Functional","3 Jan 2024, 19:28","3 Jan 2024, 20:08","","Seated Row (Machine)",,"",3,"normal",75,8,,,
"Functional","3 Jan 2024, 19:28","3 Jan 2024, 20:08","","Pull Up (Assisted)",,"",0,"normal",49,8,,,
"Functional","3 Jan 2024, 19:28","3 Jan 2024, 20:08","","Pull Up (Assisted)",,"",1,"normal",49,8,,,
"Functional","3 Jan 2024, 19:28","3 Jan 2024, 20:08","","Pull Up (Assisted)",,"",2,"normal",49,8,,,
"Abs","27 Dec 2023, 13:13","27 Dec 2023, 13:14","","Crunch",,"",0,"normal",,45,,,
"Abs","27 Dec 2023, 13:13","27 Dec 2023, 13:14","","Flutter Kicks",,"",0,"normal",,45,,,
"Abs","27 Dec 2023, 13:13","27 Dec 2023, 13:14","","Russian Twist (Bodyweight)",,"",0,"normal",,45,,,
"Functional","27 Dec 2023, 12:17","27 Dec 2023, 13:02","","Deadlift (Barbell)",,"",0,"warmup",60,6,,,
"Functional","27 Dec 2023, 12:17","27 Dec 2023, 13:02","","Deadlift (Barbell)",,"",1,"normal",80,8,,,
"Functional","27 Dec 2023, 12:17","27 Dec 2023, 13:02","","Deadlift (Barbell)",,"",2,"normal",80,8,,,
"Functional","27 Dec 2023, 12:17","27 Dec 2023, 13:02","","Concentration Curl",,"",0,"normal",8,6,,,
"Functional","27 Dec 2023, 12:17","27 Dec 2023, 13:02","","Concentration Curl",,"",1,"normal",18,6,,,
"Functional","27 Dec 2023, 12:17","27 Dec 2023, 13:02","","Concentration Curl",,"",2,"normal",18,5,,,
"Functional","27 Dec 2023, 12:17","27 Dec 2023, 13:02","","Concentration Curl",,"",3,"normal",18,4,,,
"Functional","27 Dec 2023, 12:17","27 Dec 2023, 13:02","","Shoulder Press (Dumbbell)",,"",0,"normal",10,8,,,
"Functional","27 Dec 2023, 12:17","27 Dec 2023, 13:02","","Shoulder Press (Dumbbell)",,"",1,"normal",20,8,,,
"Functional","27 Dec 2023, 12:17","27 Dec 2023, 13:02","","Shoulder Press (Dumbbell)",,"",2,"normal",20,8,,,
"Functional","27 Dec 2023, 12:17","27 Dec 2023, 13:02","","Shoulder Press (Dumbbell)",,"",3,"normal",20,8,,,
"Functional","27 Dec 2023, 12:17","27 Dec 2023, 13:02","","Chest Press (Machine)",,"",0,"normal",30,8,,,
"Functional","27 Dec 2023, 12:17","27 Dec 2023, 13:02","","Chest Press (Machine)",,"",1,"normal",60,8,,,
"Functional","27 Dec 2023, 12:17","27 Dec 2023, 13:02","","Chest Press (Machine)",,"",2,"normal",70,8,,,
"Functional","27 Dec 2023, 12:17","27 Dec 2023, 13:02","","Chest Press (Machine)",,"",3,"normal",70,8,,,
"Functional","27 Dec 2023, 12:17","27 Dec 2023, 13:02","","Seated Row (Machine)",,"",0,"normal",40,8,,,
"Functional","27 Dec 2023, 12:17","27 Dec 2023, 13:02","","Seated Row (Machine)",,"",1,"normal",75,8,,,
"Functional","27 Dec 2023, 12:17","27 Dec 2023, 13:02","","Seated Row (Machine)",,"",2,"normal",70,8,,,
"Functional","27 Dec 2023, 12:17","27 Dec 2023, 13:02","","Seated Row (Machine)",,"",3,"normal",70,8,,,
"Abs","23 Dec 2023, 13:08","23 Dec 2023, 13:09","","Crunch",,"",0,"normal",,45,,,
"Functional","23 Dec 2023, 12:24","23 Dec 2023, 13:02","","Deadlift (Barbell)",,"",0,"warmup",60,6,,,
"Functional","23 Dec 2023, 12:24","23 Dec 2023, 13:02","","Deadlift (Barbell)",,"",1,"normal",80,8,,,
"Functional","23 Dec 2023, 12:24","23 Dec 2023, 13:02","","Deadlift (Barbell)",,"",2,"normal",80,8,,,
"Functional","23 Dec 2023, 12:24","23 Dec 2023, 13:02","","Deadlift (Barbell)",,"",3,"normal",80,8,,,
"Functional","23 Dec 2023, 12:24","23 Dec 2023, 13:02","","Concentration Curl",,"",0,"normal",10,6,,,
"Functional","23 Dec 2023, 12:24","23 Dec 2023, 13:02","","Concentration Curl",,"",1,"normal",18,6,,,
"Functional","23 Dec 2023, 12:24","23 Dec 2023, 13:02","","Concentration Curl",,"",2,"normal",18,6,,,
"Functional","23 Dec 2023, 12:24","23 Dec 2023, 13:02","","Concentration Curl",,"",3,"normal",18,6,,,
"Functional","23 Dec 2023, 12:24","23 Dec 2023, 13:02","","Squat (Dumbbell)",,"",0,"normal",40,8,,,
"Functional","23 Dec 2023, 12:24","23 Dec 2023, 13:02","","Squat (Dumbbell)",,"",1,"normal",40,8,,,
"Functional","23 Dec 2023, 12:24","23 Dec 2023, 13:02","","Squat (Dumbbell)",,"",2,"normal",40,8,,,
"Functional","23 Dec 2023, 12:24","23 Dec 2023, 13:02","","Chest Press (Machine)",,"",0,"normal",30,8,,,
"Functional","23 Dec 2023, 12:24","23 Dec 2023, 13:02","","Chest Press (Machine)",,"",1,"normal",60,8,,,
"Functional","23 Dec 2023, 12:24","23 Dec 2023, 13:02","","Chest Press (Machine)",,"",2,"normal",70,8,,,
"Functional","23 Dec 2023, 12:24","23 Dec 2023, 13:02","","Seated Row (Machine)",,"",0,"normal",30,8,,,
"Functional","23 Dec 2023, 12:24","23 Dec 2023, 13:02","","Seated Row (Machine)",,"",1,"normal",75,8,,,
"Functional","23 Dec 2023, 12:24","23 Dec 2023, 13:02","","Seated Row (Machine)",,"",2,"normal",75,8,,,
"Functional","23 Dec 2023, 12:24","23 Dec 2023, 13:02","","Seated Row (Machine)",,"",3,"normal",75,8,,,